EXAMPLE_ID,PREDICTED_SEQUENCE
valid_0001,DEPOSIT TUNGSTEN SEED|FILL VIA TUNGSTEN|CMP METAL|MEASURE VIA RESISTANCE|DEPOSIT TOP METAL|ANNEAL METAL 1|SPIN COAT PHOTORESIST|SOFT BAKE|ALIGN MASK LEVEL 4|EXPOSE LITHO LEVEL 4|DEVELOP PHOTORESIST|METAL PATTERN INSPECTION|METAL ETCH DRY|STRIP RESIST|CLEAN AFTER METAL ETCH|MEASURE LINE WIDTH|DEPOSIT PASSIVATION|CURE PASSIVATION|MEASURE PASSIVATION QUALITY|OPEN BOND PAD WINDOW|OPEN PAD WINDOW LITHO|DEVELOP PAD WINDOW|PASSIVATION ETCH PAD OPENING|STRIP RESIST|CLEAN PAD OPENING|MEASURE PAD OPENING|BACKSIDE GRIND|MEASURE WAFER THICKNESS|BACKSIDE ETCH CLEAN|BACKSIDE RINSE|BACKSIDE DRY|BACKSIDE METALLIZATION PREP|DEPOSIT BACKSIDE METAL|BACKSIDE ANNEAL|MEASURE BACKSIDE CONTACT|FINAL CLEAN|FINAL THICKNESS MEASURE|FINAL GEOMETRY CHECK|FINAL OXIDE CHECK|FINAL CD INSPECTION|FINAL PARTICLE INSPECTION|ELECTRICAL PARAMETRIC TEST|LEAKAGE TEST|BREAKDOWN VOLTAGE TEST|SWITCHING TEST|WAFER SORT TEST|YIELD ANALYSIS|FINAL LOT RELEASE|SHIP LOT|FINAL CD INSPECTION|FINAL PARTICLE INSPECTION|ELECTRICAL PARAMETRIC TEST|SWITCHING TEST|WAFER SORT TEST|FINAL LOT RELEASE|SHIP LOT|FINAL CD INSPECTION|FINAL PARTICLE INSPECTION|ELECTRICAL PARAMETRIC TEST|LEAKAGE TEST|BREAKDOWN VOLTAGE TEST|SWITCHING TEST|YIELD ANALYSIS|FINAL LOT RELEASE|SHIP LOT|FINAL CD INSPECTION|FINAL PARTICLE INSPECTION|PARAMETRIC TEST|SWITCHING TEST|WAFER SORT TEST|FINAL LOT RELEASE|SHIP LOT|FINAL CD INSPECTION|FINAL PARTICLE INSPECTION|PARAMETRIC TEST|SWITCHING TEST|FINAL LOT RELEASE|SHIP LOT|FINAL CD INSPECTION|FINAL PARTICLE INSPECTION
valid_0002,CLEAN PAD OPENING|MEASURE PAD OPENING|BACKSIDE GRIND|MEASURE WAFER THICKNESS|BACKSIDE ETCH CLEAN|BACKSIDE RINSE|BACKSIDE DRY|BACKSIDE METALLIZATION PREP|DEPOSIT BACKSIDE METAL|BACKSIDE ANNEAL|MEASURE BACKSIDE CONTACT|FINAL CLEAN|FINAL THICKNESS MEASURE|FINAL GEOMETRY CHECK|FINAL OXIDE CHECK|FINAL CD INSPECTION|FINAL PARTICLE INSPECTION|ELECTRICAL PARAMETRIC TEST|LEAKAGE TEST|BREAKDOWN VOLTAGE TEST|SWITCHING TEST|WAFER SORT TEST|YIELD ANALYSIS|FINAL LOT RELEASE|SHIP LOT|FINAL CD INSPECTION|FINAL PARTICLE INSPECTION|ELECTRICAL PARAMETRIC TEST|SWITCHING TEST|WAFER SORT TEST|FINAL LOT RELEASE|SHIP LOT|FINAL CD INSPECTION|FINAL PARTICLE INSPECTION|ELECTRICAL PARAMETRIC TEST|LEAKAGE TEST|BREAKDOWN VOLTAGE TEST|SWITCHING TEST|YIELD ANALYSIS|FINAL LOT RELEASE|SHIP LOT|FINAL CD INSPECTION|FINAL PARTICLE INSPECTION|PARAMETRIC TEST|SWITCHING TEST|WAFER SORT TEST|FINAL LOT RELEASE|SHIP LOT|FINAL CD INSPECTION|FINAL PARTICLE INSPECTION|PARAMETRIC TEST|SWITCHING TEST|FINAL LOT RELEASE|SHIP LOT|FINAL CD INSPECTION|FINAL PARTICLE INSPECTION|PARAMETRIC TEST|SWITCHING TEST|FINAL LOT RELEASE|SHIP LOT|FINAL CD INSPECTION|FINAL PARTICLE INSPECTION|PARAMETRIC TEST|SWITCHING TEST|FINAL LOT RELEASE|SHIP LOT|FINAL CD INSPECTION|FINAL PARTICLE INSPECTION|PARAMETRIC TEST|SWITCHING TEST|FINAL LOT RELEASE|SHIP LOT|FINAL CD INSPECTION|FINAL PARTICLE INSPECTION|PARAMETRIC TEST|SWITCHING TEST|FINAL LOT RELEASE|SHIP LOT|FINAL CD INSPECTION|FINAL PARTICLE INSPECTION
valid_0003,MEASURE VIA CD|DEPOSIT BARRIER METAL|DEPOSIT METAL SEED|FILL VIA METAL|CMP METAL|MEASURE VIA RESISTANCE|DEPOSIT TOP METAL|ANNEAL METAL 1|SPIN COAT PHOTORESIST|SOFT BAKE|ALIGN MASK LEVEL 6|EXPOSE LITHO LEVEL 6|DEVELOP PHOTORESIST|METAL PATTERN INSPECTION|METAL ETCH DRY|STRIP RESIST|CLEAN AFTER METAL ETCH|MEASURE LINE WIDTH|DEPOSIT PASSIVATION|CURE PASSIVATION|MEASURE PASSIVATION QUALITY|OPEN BOND PAD WINDOW|OPEN PAD WINDOW LITHO|DEVELOP PAD WINDOW|PASSIVATION ETCH PAD OPENING|STRIP RESIST|CLEAN PAD OPENING|MEASURE PAD OPENING|BACKSIDE GRIND|MEASURE WAFER THICKNESS|BACKSIDE ETCH CLEAN|BACKSIDE RINSE|BACKSIDE DRY|BACKSIDE METALLIZATION PREP|DEPOSIT BACKSIDE METAL|BACKSIDE ANNEAL|MEASURE BACKSIDE CONTACT|FINAL CLEAN|FINAL THICKNESS MEASURE|FINAL GEOMETRY CHECK|FINAL CD INSPECTION|FINAL PARTICLE INSPECTION|PARAMETRIC TEST|LEAKAGE TEST|BREAKDOWN VOLTAGE TEST|SWITCHING TEST|WAFER SORT TEST|YIELD ANALYSIS|FINAL LOT RELEASE|SHIP LOT|FINAL CD INSPECTION|FINAL PARTICLE INSPECTION|PARAMETRIC TEST|SWITCHING TEST|WAFER SORT TEST|FINAL LOT RELEASE|SHIP LOT|FINAL CD INSPECTION|FINAL PARTICLE INSPECTION|PARAMETRIC TEST|SWITCHING TEST|WAFER SORT TEST|FINAL LOT RELEASE|SHIP LOT|FINAL CD INSPECTION|FINAL PARTICLE INSPECTION|PARAMETRIC TEST|SWITCHING TEST|WAFER SORT TEST|FINAL LOT RELEASE|SHIP LOT|FINAL CD INSPECTION|FINAL PARTICLE INSPECTION|PARAMETRIC TEST|SWITCHING TEST|WAFER SORT TEST|FINAL LOT RELEASE|SHIP LOT|FINAL CD INSPECTION|FINAL PARTICLE INSPECTION
valid_0004,PASSIVATION ETCH|STRIP RESIST|CLEAN PAD OPENING|MEASURE PAD OPENING|BACKSIDE GRIND|MEASURE WAFER THICKNESS|BACKSIDE ETCH CLEAN|BACKSIDE RINSE|BACKSIDE DRY|BACKSIDE METALLIZATION PREP|DEPOSIT BACKSIDE METAL|BACKSIDE ANNEAL|MEASURE BACKSIDE CONTACT|FINAL CLEAN|FINAL THICKNESS MEASURE|FINAL GEOMETRY CHECK|FINAL CD INSPECTION|FINAL PARTICLE INSPECTION|PARAMETRIC TEST|LEAKAGE TEST|BREAKDOWN VOLTAGE TEST|SWITCHING TEST|YIELD ANALYSIS|WAFER SORT TEST|FINAL LOT RELEASE|SHIP LOT|FINAL CD INSPECTION|FINAL PARTICLE INSPECTION|PARAMETRIC TEST|SWITCHING TEST|WAFER SORT TEST|FINAL LOT RELEASE|SHIP LOT|FINAL CD INSPECTION|FINAL PARTICLE INSPECTION|PARAMETRIC TEST|SWITCHING TEST|WAFER SORT TEST|FINAL LOT RELEASE|SHIP LOT|FINAL CD INSPECTION|FINAL PARTICLE INSPECTION|PARAMETRIC TEST|SWITCHING TEST|WAFER SORT TEST|FINAL LOT RELEASE|SHIP LOT|FINAL CD INSPECTION|FINAL PARTICLE INSPECTION|PARAMETRIC TEST|SWITCHING TEST|WAFER SORT TEST|FINAL LOT RELEASE|SHIP LOT|IMPLANT P BODY|BREAKDOWN VOLTAGE TEST|SWITCHING TEST|FINAL LOT RELEASE|SHIP LOT|FINAL CD INSPECTION|FINAL PARTICLE INSPECTION|PARAMETRIC TEST|SWITCHING TEST|FINAL LOT RELEASE|SHIP LOT|FINAL CD INSPECTION|FINAL PARTICLE INSPECTION|PARAMETRIC TEST|LEAKAGE TEST|BREAKDOWN VOLTAGE TEST|SWITCHING TEST|FINAL LOT RELEASE|SHIP LOT|FINAL CD INSPECTION|FINAL PARTICLE INSPECTION|PARAMETRIC TEST|SWITCHING TEST|WAFER SORT TEST|FINAL LOT RELEASE|SHIP LOT
valid_0005,MEASURE VIA CD|DEPOSIT BARRIER METAL|DEPOSIT METAL SEED|FILL VIA METAL|CMP METAL|MEASURE VIA RESISTANCE|DEPOSIT METAL 1|ANNEAL METAL 1|SPIN COAT PHOTORESIST|SOFT BAKE|ALIGN MASK LEVEL 6|EXPOSE LITHO LEVEL 6|DEVELOP PHOTORESIST|METAL PATTERN INSPECTION|METAL ETCH DRY|STRIP RESIST|CLEAN AFTER METAL ETCH|MEASURE LINE WIDTH|DEPOSIT PASSIVATION|CURE PASSIVATION|MEASURE PASSIVATION QUALITY|OPEN BOND PAD WINDOW|OPEN PAD WINDOW LITHO|DEVELOP PAD WINDOW|PASSIVATION ETCH PAD OPENING|STRIP RESIST|CLEAN PAD OPENING|MEASURE PAD OPENING|BACKSIDE GRIND|MEASURE WAFER THICKNESS|BACKSIDE ETCH CLEAN|BACKSIDE RINSE|BACKSIDE DRY|BACKSIDE METALLIZATION PREP|DEPOSIT BACKSIDE METAL|BACKSIDE ANNEAL|MEASURE BACKSIDE CONTACT|FINAL CLEAN|FINAL THICKNESS MEASURE|FINAL GEOMETRY CHECK|FINAL CD INSPECTION|FINAL PARTICLE INSPECTION|PARAMETRIC TEST|LEAKAGE TEST|BREAKDOWN VOLTAGE TEST|SWITCHING TEST|WAFER SORT TEST|YIELD ANALYSIS|FINAL LOT RELEASE|PACKAGE PREPARATION|SHIP LOT|FINAL CD INSPECTION|FINAL PARTICLE INSPECTION|PARAMETRIC TEST|SWITCHING TEST|YIELD ANALYSIS|FINAL LOT RELEASE|SHIP LOT|FINAL CD INSPECTION|FINAL PARTICLE INSPECTION|PARAMETRIC TEST|SWITCHING TEST|WAFER SORT TEST|FINAL LOT RELEASE|SHIP LOT|FINAL CD INSPECTION|FINAL PARTICLE INSPECTION|PARAMETRIC TEST|SWITCHING TEST|WAFER SORT TEST|FINAL LOT RELEASE|SHIP LOT|FINAL CD INSPECTION|FINAL PARTICLE INSPECTION|PARAMETRIC TEST|SWITCHING TEST|FINAL LOT RELEASE|SHIP LOT|FINAL CD INSPECTION|FINAL PARTICLE INSPECTION
valid_0006,PASSIVATION ETCH PAD OPENING|STRIP RESIST|CLEAN PAD OPENING|MEASURE PAD OPENING|BACKSIDE GRIND|MEASURE WAFER THICKNESS|BACKSIDE ETCH CLEAN|BACKSIDE RINSE|BACKSIDE DRY|BACKSIDE METALLIZATION PREP|DEPOSIT BACKSIDE METAL|BACKSIDE ANNEAL|MEASURE BACKSIDE CONTACT|FINAL CLEAN|FINAL THICKNESS MEASURE|FINAL GEOMETRY CHECK|FINAL CD INSPECTION|FINAL PARTICLE INSPECTION|PARAMETRIC TEST|LEAKAGE TEST|BREAKDOWN VOLTAGE TEST|SWITCHING TEST|YIELD ANALYSIS|WAFER SORT TEST|FINAL LOT RELEASE|SHIP LOT|FINAL CD INSPECTION|FINAL PARTICLE INSPECTION|PARAMETRIC TEST|SWITCHING TEST|WAFER SORT TEST|FINAL LOT RELEASE|SHIP LOT|FINAL CD INSPECTION|FINAL PARTICLE INSPECTION|PARAMETRIC TEST|SWITCHING TEST|WAFER SORT TEST|FINAL LOT RELEASE|SHIP LOT|FINAL CD INSPECTION|FINAL PARTICLE INSPECTION|PARAMETRIC TEST|SWITCHING TEST|WAFER SORT TEST|FINAL LOT RELEASE|SHIP LOT|FINAL CD INSPECTION|FINAL PARTICLE INSPECTION|PARAMETRIC TEST|SWITCHING TEST|WAFER SORT TEST|FINAL LOT RELEASE|SHIP LOT|IMPLANT P BODY|BREAKDOWN VOLTAGE TEST|SWITCHING TEST|FINAL LOT RELEASE|SHIP LOT|FINAL CD INSPECTION|FINAL PARTICLE INSPECTION|PARAMETRIC TEST|SWITCHING TEST|FINAL LOT RELEASE|SHIP LOT|FINAL CD INSPECTION|FINAL PARTICLE INSPECTION|PARAMETRIC TEST|LEAKAGE TEST|BREAKDOWN VOLTAGE TEST|SWITCHING TEST|FINAL LOT RELEASE|SHIP LOT|FINAL CD INSPECTION|FINAL PARTICLE INSPECTION|PARAMETRIC TEST|SWITCHING TEST|WAFER SORT TEST|FINAL LOT RELEASE|SHIP LOT
valid_0007,MEASURE VIA CD|DEPOSIT BARRIER METAL|DEPOSIT METAL SEED|FILL VIA METAL|CMP METAL|MEASURE VIA RESISTANCE|DEPOSIT METAL 1|ANNEAL METAL 1|SPIN COAT PHOTORESIST|SOFT BAKE|ALIGN MASK LEVEL 6|EXPOSE LITHO LEVEL 6|DEVELOP PHOTORESIST|METAL PATTERN INSPECTION|METAL ETCH DRY|STRIP RESIST|CLEAN AFTER METAL ETCH|MEASURE LINE WIDTH|DEPOSIT PASSIVATION|CURE PASSIVATION|MEASURE PASSIVATION QUALITY|OPEN BOND PAD WINDOW|OPEN PAD WINDOW LITHO|DEVELOP PAD WINDOW|PASSIVATION ETCH PAD OPENING|STRIP RESIST|CLEAN PAD OPENING|MEASURE PAD OPENING|BACKSIDE GRIND|MEASURE WAFER THICKNESS|BACKSIDE ETCH CLEAN|BACKSIDE RINSE|BACKSIDE DRY|BACKSIDE METALLIZATION PREP|DEPOSIT BACKSIDE METAL|BACKSIDE ANNEAL|MEASURE BACKSIDE CONTACT|FINAL CLEAN|FINAL THICKNESS MEASURE|FINAL GEOMETRY CHECK|FINAL CD INSPECTION|FINAL PARTICLE INSPECTION|PARAMETRIC TEST|LEAKAGE TEST|BREAKDOWN VOLTAGE TEST|SWITCHING TEST|YIELD ANALYSIS|WAFER SORT TEST|FINAL LOT RELEASE|SHIP LOT|FINAL CD INSPECTION|FINAL PARTICLE INSPECTION|PARAMETRIC TEST|SWITCHING TEST|WAFER SORT TEST|FINAL LOT RELEASE|SHIP LOT|FINAL CD INSPECTION|FINAL PARTICLE INSPECTION|PARAMETRIC TEST|SWITCHING TEST|WAFER SORT TEST|FINAL LOT RELEASE|SHIP LOT|FINAL CD INSPECTION|FINAL PARTICLE INSPECTION|PARAMETRIC TEST|SWITCHING TEST|WAFER SORT TEST|FINAL LOT RELEASE|SHIP LOT|FINAL CD INSPECTION|FINAL PARTICLE INSPECTION|PARAMETRIC TEST|SWITCHING TEST|WAFER SORT TEST|FINAL LOT RELEASE|SHIP LOT|IMPLANT P BODY|BREAKDOWN VOLTAGE TEST
valid_0008,PASSIVATION ETCH|STRIP RESIST|CLEAN PAD OPENING|MEASURE PAD OPENING|BACKSIDE GRIND|MEASURE WAFER THICKNESS|BACKSIDE ETCH CLEAN|BACKSIDE RINSE|BACKSIDE DRY|BACKSIDE METALLIZATION PREP|DEPOSIT BACKSIDE METAL|BACKSIDE ANNEAL|MEASURE BACKSIDE CONTACT|FINAL CLEAN|FINAL THICKNESS MEASURE|FINAL GEOMETRY CHECK|FINAL CD INSPECTION|FINAL PARTICLE INSPECTION|PARAMETRIC TEST|LEAKAGE TEST|BREAKDOWN VOLTAGE TEST|SWITCHING TEST|YIELD ANALYSIS|WAFER SORT TEST|FINAL LOT RELEASE|SHIP LOT|FINAL CD INSPECTION|FINAL PARTICLE INSPECTION|PARAMETRIC TEST|SWITCHING TEST|WAFER SORT TEST|FINAL LOT RELEASE|SHIP LOT|FINAL CD INSPECTION|FINAL PARTICLE INSPECTION|PARAMETRIC TEST|SWITCHING TEST|WAFER SORT TEST|FINAL LOT RELEASE|SHIP LOT|FINAL CD INSPECTION|FINAL PARTICLE INSPECTION|PARAMETRIC TEST|SWITCHING TEST|WAFER SORT TEST|FINAL LOT RELEASE|SHIP LOT|FINAL CD INSPECTION|FINAL PARTICLE INSPECTION|PARAMETRIC TEST|SWITCHING TEST|FINAL LOT RELEASE|SHIP LOT|IMPLANT P BODY|BREAKDOWN VOLTAGE TEST|SWITCHING TEST|WAFER SORT TEST|FINAL LOT RELEASE|SHIP LOT|FINAL CD INSPECTION|FINAL PARTICLE INSPECTION|PARAMETRIC TEST|LEAKAGE TEST|BREAKDOWN VOLTAGE TEST|SWITCHING TEST|FINAL LOT RELEASE|SHIP LOT|FINAL CD INSPECTION|FINAL PARTICLE INSPECTION|PARAMETRIC TEST|LEAKAGE TEST|BREAKDOWN VOLTAGE TEST|SWITCHING TEST|FINAL LOT RELEASE|SHIP LOT|FINAL CD INSPECTION|FINAL PARTICLE INSPECTION|PARAMETRIC TEST|SWITCHING TEST|WAFER SORT TEST
valid_0009,MEASURE VIA CD|DEPOSIT BARRIER METAL|DEPOSIT METAL SEED|FILL VIA METAL|CMP METAL|MEASURE VIA RESISTANCE|DEPOSIT METAL 1|ANNEAL METAL 1|SPIN COAT PHOTORESIST|SOFT BAKE|ALIGN MASK LEVEL 6|EXPOSE LITHO LEVEL 6|DEVELOP PHOTORESIST|METAL PATTERN INSPECTION|METAL ETCH DRY|STRIP RESIST|CLEAN AFTER METAL ETCH|MEASURE LINE WIDTH|DEPOSIT PASSIVATION|CURE PASSIVATION|MEASURE PASSIVATION QUALITY|OPEN BOND PAD WINDOW|OPEN PAD WINDOW LITHO|DEVELOP PAD WINDOW|PASSIVATION ETCH PAD OPENING|STRIP RESIST|CLEAN PAD OPENING|MEASURE PAD OPENING|BACKSIDE GRIND|MEASURE WAFER THICKNESS|BACKSIDE ETCH CLEAN|BACKSIDE RINSE|BACKSIDE DRY|BACKSIDE METALLIZATION PREP|DEPOSIT BACKSIDE METAL|BACKSIDE ANNEAL|MEASURE BACKSIDE CONTACT|FINAL CLEAN|FINAL THICKNESS MEASURE|FINAL GEOMETRY CHECK|FINAL CD INSPECTION|FINAL PARTICLE INSPECTION|PARAMETRIC TEST|LEAKAGE TEST|BREAKDOWN VOLTAGE TEST|SWITCHING TEST|WAFER SORT TEST|YIELD ANALYSIS|FINAL LOT RELEASE|PACKAGE PREPARATION|SHIP LOT|FINAL CD INSPECTION|FINAL PARTICLE INSPECTION|PARAMETRIC TEST|SWITCHING TEST|YIELD ANALYSIS|FINAL LOT RELEASE|SHIP LOT|FINAL CD INSPECTION|FINAL PARTICLE INSPECTION|PARAMETRIC TEST|SWITCHING TEST|WAFER SORT TEST|FINAL LOT RELEASE|SHIP LOT|FINAL CD INSPECTION|FINAL PARTICLE INSPECTION|PARAMETRIC TEST|SWITCHING TEST|WAFER SORT TEST|FINAL LOT RELEASE|SHIP LOT|FINAL CD INSPECTION|FINAL PARTICLE INSPECTION|PARAMETRIC TEST|SWITCHING TEST|FINAL LOT RELEASE|SHIP LOT|FINAL CD INSPECTION|FINAL PARTICLE INSPECTION
valid_0010,STRIP RESIST|CLEAN PAD OPENING|MEASURE PAD OPENING|BACKSIDE GRIND|MEASURE WAFER THICKNESS|BACKSIDE ETCH CLEAN|BACKSIDE RINSE|BACKSIDE DRY|BACKSIDE METALLIZATION PREP|DEPOSIT BACKSIDE METAL|BACKSIDE ANNEAL|MEASURE BACKSIDE CONTACT|FINAL CLEAN|FINAL THICKNESS MEASURE|FINAL GEOMETRY CHECK|FINAL CD INSPECTION|FINAL PARTICLE INSPECTION|PARAMETRIC TEST|LEAKAGE TEST|BREAKDOWN VOLTAGE TEST|SWITCHING TEST|WAFER SORT TEST|YIELD ANALYSIS|FINAL LOT RELEASE|PACKAGE PREPARATION|SHIP LOT|FINAL CD INSPECTION|FINAL PARTICLE INSPECTION|PARAMETRIC TEST|SWITCHING TEST|WAFER SORT TEST|FINAL LOT RELEASE|SHIP LOT|FINAL CD INSPECTION|FINAL PARTICLE INSPECTION|PARAMETRIC TEST|SWITCHING TEST|WAFER SORT TEST|FINAL LOT RELEASE|SHIP LOT|FINAL CD INSPECTION|FINAL PARTICLE INSPECTION|PARAMETRIC TEST|SWITCHING TEST|WAFER SORT TEST|FINAL LOT RELEASE|SHIP LOT|FINAL CD INSPECTION|FINAL PARTICLE INSPECTION|PARAMETRIC TEST|SWITCHING TEST|WAFER SORT TEST|FINAL LOT RELEASE|SHIP LOT|IMPLANT P BODY|BREAKDOWN VOLTAGE TEST|SWITCHING TEST|FINAL LOT RELEASE|SHIP LOT|FINAL CD INSPECTION|FINAL PARTICLE INSPECTION|PARAMETRIC TEST|SWITCHING TEST|FINAL LOT RELEASE|SHIP LOT|FINAL CD INSPECTION|FINAL PARTICLE INSPECTION|PARAMETRIC TEST|LEAKAGE TEST|BREAKDOWN VOLTAGE TEST|SWITCHING TEST|FINAL LOT RELEASE|SHIP LOT|FINAL CD INSPECTION|FINAL PARTICLE INSPECTION|PARAMETRIC TEST|SWITCHING TEST|WAFER SORT TEST|FINAL LOT RELEASE|SHIP LOT
valid_0011,MEASURE VIA CD|DEPOSIT BARRIER METAL|DEPOSIT METAL SEED|FILL VIA METAL|CMP METAL|MEASURE VIA RESISTANCE|DEPOSIT METAL 1|ANNEAL METAL 1|SPIN COAT PHOTORESIST|SOFT BAKE|ALIGN MASK LEVEL 6|EXPOSE LITHO LEVEL 6|DEVELOP PHOTORESIST|METAL PATTERN INSPECTION|METAL ETCH DRY|STRIP RESIST|CLEAN AFTER METAL ETCH|MEASURE LINE WIDTH|DEPOSIT PASSIVATION|CURE PASSIVATION|MEASURE PASSIVATION QUALITY|OPEN BOND PAD WINDOW|OPEN PAD WINDOW LITHO|DEVELOP PAD WINDOW|PASSIVATION ETCH PAD OPENING|STRIP RESIST|CLEAN PAD OPENING|MEASURE PAD OPENING|BACKSIDE GRIND|MEASURE WAFER THICKNESS|BACKSIDE ETCH CLEAN|BACKSIDE RINSE|BACKSIDE DRY|BACKSIDE METALLIZATION PREP|DEPOSIT BACKSIDE METAL|BACKSIDE ANNEAL|MEASURE BACKSIDE CONTACT|FINAL CLEAN|FINAL THICKNESS MEASURE|FINAL GEOMETRY CHECK|FINAL CD INSPECTION|FINAL PARTICLE INSPECTION|PARAMETRIC TEST|LEAKAGE TEST|BREAKDOWN VOLTAGE TEST|SWITCHING TEST|YIELD ANALYSIS|WAFER SORT TEST|FINAL LOT RELEASE|SHIP LOT|FINAL CD INSPECTION|FINAL PARTICLE INSPECTION|PARAMETRIC TEST|SWITCHING TEST|WAFER SORT TEST|FINAL LOT RELEASE|SHIP LOT|FINAL CD INSPECTION|FINAL PARTICLE INSPECTION|PARAMETRIC TEST|SWITCHING TEST|WAFER SORT TEST|FINAL LOT RELEASE|SHIP LOT|FINAL CD INSPECTION|FINAL PARTICLE INSPECTION|PARAMETRIC TEST|SWITCHING TEST|WAFER SORT TEST|FINAL LOT RELEASE|SHIP LOT|FINAL CD INSPECTION|FINAL PARTICLE INSPECTION|PARAMETRIC TEST|SWITCHING TEST|WAFER SORT TEST|FINAL LOT RELEASE|SHIP LOT|IMPLANT P BODY|BREAKDOWN VOLTAGE TEST
valid_0012,PASSIVATION ETCH|STRIP RESIST|CLEAN PAD OPENING|MEASURE PAD OPENING|BACKSIDE GRIND|MEASURE WAFER THICKNESS|BACKSIDE ETCH CLEAN|BACKSIDE RINSE|BACKSIDE DRY|BACKSIDE METALLIZATION PREP|DEPOSIT BACKSIDE METAL|BACKSIDE ANNEAL|MEASURE BACKSIDE CONTACT|FINAL CLEAN|FINAL THICKNESS MEASURE|FINAL GEOMETRY CHECK|FINAL CD INSPECTION|FINAL PARTICLE INSPECTION|PARAMETRIC TEST|LEAKAGE TEST|BREAKDOWN VOLTAGE TEST|SWITCHING TEST|YIELD ANALYSIS|WAFER SORT TEST|FINAL LOT RELEASE|SHIP LOT|FINAL CD INSPECTION|FINAL PARTICLE INSPECTION|PARAMETRIC TEST|SWITCHING TEST|WAFER SORT TEST|FINAL LOT RELEASE|SHIP LOT|FINAL CD INSPECTION|FINAL PARTICLE INSPECTION|PARAMETRIC TEST|SWITCHING TEST|WAFER SORT TEST|FINAL LOT RELEASE|SHIP LOT|FINAL CD INSPECTION|FINAL PARTICLE INSPECTION|PARAMETRIC TEST|SWITCHING TEST|WAFER SORT TEST|FINAL LOT RELEASE|SHIP LOT|FINAL CD INSPECTION|FINAL PARTICLE INSPECTION|PARAMETRIC TEST|SWITCHING TEST|FINAL LOT RELEASE|SHIP LOT|FINAL CD INSPECTION|FINAL PARTICLE INSPECTION|PARAMETRIC TEST|SWITCHING TEST|WAFER SORT TEST|FINAL LOT RELEASE|SHIP LOT|FINAL CD INSPECTION|FINAL PARTICLE INSPECTION|PARAMETRIC TEST|LEAKAGE TEST|BREAKDOWN VOLTAGE TEST|SWITCHING TEST|FINAL LOT RELEASE|SHIP LOT|FINAL CD INSPECTION|FINAL PARTICLE INSPECTION|PARAMETRIC TEST|SWITCHING TEST|FINAL LOT RELEASE|SHIP LOT|FINAL CD INSPECTION|FINAL PARTICLE INSPECTION|PARAMETRIC TEST|SWITCHING TEST|WAFER SORT TEST|FINAL LOT RELEASE
valid_0013,MEASURE VIA CD|DEPOSIT BARRIER METAL|DEPOSIT METAL SEED|FILL VIA METAL|CMP METAL|MEASURE VIA RESISTANCE|DEPOSIT METAL 1|ANNEAL METAL 1|SPIN COAT PHOTORESIST|SOFT BAKE|ALIGN MASK LEVEL 6|EXPOSE LITHO LEVEL 6|DEVELOP PHOTORESIST|METAL PATTERN INSPECTION|METAL ETCH DRY|STRIP RESIST|CLEAN AFTER METAL ETCH|MEASURE LINE WIDTH|DEPOSIT PASSIVATION|CURE PASSIVATION|MEASURE PASSIVATION QUALITY|OPEN BOND PAD WINDOW|OPEN PAD WINDOW LITHO|DEVELOP PAD WINDOW|PASSIVATION ETCH PAD OPENING|STRIP RESIST|CLEAN PAD OPENING|MEASURE PAD OPENING|BACKSIDE GRIND|MEASURE WAFER THICKNESS|BACKSIDE ETCH CLEAN|BACKSIDE RINSE|BACKSIDE DRY|BACKSIDE METALLIZATION PREP|DEPOSIT BACKSIDE METAL|BACKSIDE ANNEAL|MEASURE BACKSIDE CONTACT|FINAL CLEAN|FINAL THICKNESS MEASURE|FINAL GEOMETRY CHECK|FINAL CD INSPECTION|FINAL PARTICLE INSPECTION|PARAMETRIC TEST|LEAKAGE TEST|BREAKDOWN VOLTAGE TEST|SWITCHING TEST|WAFER SORT TEST|YIELD ANALYSIS|FINAL LOT RELEASE|PACKAGE PREPARATION|SHIP LOT|FINAL CD INSPECTION|FINAL PARTICLE INSPECTION|PARAMETRIC TEST|SWITCHING TEST|WAFER SORT TEST|FINAL LOT RELEASE|SHIP LOT|FINAL CD INSPECTION|FINAL PARTICLE INSPECTION|PARAMETRIC TEST|SWITCHING TEST|WAFER SORT TEST|FINAL LOT RELEASE|SHIP LOT|FINAL CD INSPECTION|FINAL PARTICLE INSPECTION|PARAMETRIC TEST|SWITCHING TEST|WAFER SORT TEST|FINAL LOT RELEASE|SHIP LOT|FINAL CD INSPECTION|FINAL PARTICLE INSPECTION|PARAMETRIC TEST|SWITCHING TEST|FINAL LOT RELEASE|SHIP LOT|FINAL CD INSPECTION|FINAL PARTICLE INSPECTION
valid_0014,STRIP RESIST|CLEAN PAD OPENING|MEASURE PAD OPENING|BACKSIDE GRIND|MEASURE WAFER THICKNESS|BACKSIDE ETCH CLEAN|BACKSIDE RINSE|BACKSIDE DRY|BACKSIDE METALLIZATION PREP|DEPOSIT BACKSIDE METAL|BACKSIDE ANNEAL|MEASURE BACKSIDE CONTACT|FINAL CLEAN|FINAL THICKNESS MEASURE|FINAL GEOMETRY CHECK|FINAL CD INSPECTION|FINAL PARTICLE INSPECTION|PARAMETRIC TEST|LEAKAGE TEST|BREAKDOWN VOLTAGE TEST|SWITCHING TEST|WAFER SORT TEST|YIELD ANALYSIS|FINAL LOT RELEASE|PACKAGE PREPARATION|SHIP LOT|FINAL CD INSPECTION|FINAL PARTICLE INSPECTION|PARAMETRIC TEST|SWITCHING TEST|WAFER SORT TEST|FINAL LOT RELEASE|SHIP LOT|FINAL CD INSPECTION|FINAL PARTICLE INSPECTION|PARAMETRIC TEST|SWITCHING TEST|WAFER SORT TEST|FINAL LOT RELEASE|SHIP LOT|FINAL CD INSPECTION|FINAL PARTICLE INSPECTION|PARAMETRIC TEST|SWITCHING TEST|WAFER SORT TEST|FINAL LOT RELEASE|SHIP LOT|FINAL CD INSPECTION|FINAL PARTICLE INSPECTION|PARAMETRIC TEST|SWITCHING TEST|FINAL LOT RELEASE|SHIP LOT|FINAL CD INSPECTION|FINAL PARTICLE INSPECTION|PARAMETRIC TEST|SWITCHING TEST|FINAL LOT RELEASE|SHIP LOT|FINAL CD INSPECTION|FINAL PARTICLE INSPECTION|PARAMETRIC TEST|SWITCHING TEST|FINAL LOT RELEASE|SHIP LOT|FINAL CD INSPECTION|FINAL PARTICLE INSPECTION|PARAMETRIC TEST|LEAKAGE TEST|BREAKDOWN VOLTAGE TEST|SWITCHING TEST|FINAL LOT RELEASE|SHIP LOT|FINAL CD INSPECTION|FINAL PARTICLE INSPECTION|PARAMETRIC TEST|SWITCHING TEST|WAFER SORT TEST|FINAL LOT RELEASE|SHIP LOT
valid_0015,MEASURE VIA CD|DEPOSIT BARRIER METAL|DEPOSIT METAL SEED|FILL VIA METAL|CMP METAL|MEASURE VIA RESISTANCE|DEPOSIT METAL 1|ANNEAL METAL 1|SPIN COAT PHOTORESIST|SOFT BAKE|ALIGN MASK LEVEL 6|EXPOSE LITHO LEVEL 6|DEVELOP PHOTORESIST|METAL PATTERN INSPECTION|METAL ETCH DRY|STRIP RESIST|CLEAN AFTER METAL ETCH|MEASURE LINE WIDTH|DEPOSIT PASSIVATION|CURE PASSIVATION|MEASURE PASSIVATION QUALITY|OPEN BOND PAD WINDOW|OPEN PAD WINDOW LITHO|DEVELOP PAD WINDOW|PASSIVATION ETCH PAD OPENING|STRIP RESIST|CLEAN PAD OPENING|MEASURE PAD OPENING|BACKSIDE GRIND|MEASURE WAFER THICKNESS|BACKSIDE ETCH CLEAN|BACKSIDE RINSE|BACKSIDE DRY|BACKSIDE METALLIZATION PREP|DEPOSIT BACKSIDE METAL|BACKSIDE ANNEAL|MEASURE BACKSIDE CONTACT|FINAL CLEAN|FINAL THICKNESS MEASURE|FINAL GEOMETRY CHECK|FINAL CD INSPECTION|FINAL PARTICLE INSPECTION|PARAMETRIC TEST|LEAKAGE TEST|BREAKDOWN VOLTAGE TEST|SWITCHING TEST|YIELD ANALYSIS|WAFER SORT TEST|FINAL LOT RELEASE|SHIP LOT|FINAL CD INSPECTION|FINAL PARTICLE INSPECTION|PARAMETRIC TEST|SWITCHING TEST|WAFER SORT TEST|FINAL LOT RELEASE|SHIP LOT|FINAL CD INSPECTION|FINAL PARTICLE INSPECTION|PARAMETRIC TEST|SWITCHING TEST|WAFER SORT TEST|FINAL LOT RELEASE|SHIP LOT|FINAL CD INSPECTION|FINAL PARTICLE INSPECTION|PARAMETRIC TEST|SWITCHING TEST|WAFER SORT TEST|FINAL LOT RELEASE|SHIP LOT|FINAL CD INSPECTION|FINAL PARTICLE INSPECTION|PARAMETRIC TEST|SWITCHING TEST|WAFER SORT TEST|FINAL LOT RELEASE|SHIP LOT|IMPLANT P BODY|BREAKDOWN VOLTAGE TEST
valid_0016,STRIP RESIST|CLEAN PAD OPENING|MEASURE PAD OPENING|BACKSIDE GRIND|MEASURE WAFER THICKNESS|BACKSIDE ETCH CLEAN|BACKSIDE RINSE|BACKSIDE DRY|BACKSIDE METALLIZATION PREP|DEPOSIT BACKSIDE METAL|BACKSIDE ANNEAL|MEASURE BACKSIDE CONTACT|FINAL CLEAN|FINAL THICKNESS MEASURE|FINAL GEOMETRY CHECK|FINAL CD INSPECTION|FINAL PARTICLE INSPECTION|PARAMETRIC TEST|LEAKAGE TEST|BREAKDOWN VOLTAGE TEST|SWITCHING TEST|YIELD ANALYSIS|WAFER SORT TEST|FINAL LOT RELEASE|SHIP LOT|FINAL CD INSPECTION|FINAL PARTICLE INSPECTION|PARAMETRIC TEST|SWITCHING TEST|WAFER SORT TEST|FINAL LOT RELEASE|SHIP LOT|FINAL CD INSPECTION|FINAL PARTICLE INSPECTION|PARAMETRIC TEST|SWITCHING TEST|WAFER SORT TEST|FINAL LOT RELEASE|SHIP LOT|FINAL CD INSPECTION|FINAL PARTICLE INSPECTION|PARAMETRIC TEST|SWITCHING TEST|WAFER SORT TEST|FINAL LOT RELEASE|SHIP LOT|FINAL CD INSPECTION|FINAL PARTICLE INSPECTION|PARAMETRIC TEST|SWITCHING TEST|WAFER SORT TEST|FINAL LOT RELEASE|SHIP LOT|IMPLANT P BODY|BREAKDOWN VOLTAGE TEST|SWITCHING TEST|FINAL LOT RELEASE|SHIP LOT|FINAL CD INSPECTION|FINAL PARTICLE INSPECTION|PARAMETRIC TEST|SWITCHING TEST|FINAL LOT RELEASE|SHIP LOT|FINAL CD INSPECTION|FINAL PARTICLE INSPECTION|PARAMETRIC TEST|LEAKAGE TEST|BREAKDOWN VOLTAGE TEST|SWITCHING TEST|FINAL LOT RELEASE|SHIP LOT|FINAL CD INSPECTION|FINAL PARTICLE INSPECTION|PARAMETRIC TEST|SWITCHING TEST|WAFER SORT TEST|FINAL LOT RELEASE|SHIP LOT|FINAL CD INSPECTION
valid_0017,CLEAN AFTER VIA ETCH|MEASURE VIA CD|DEPOSIT BARRIER METAL|DEPOSIT METAL SEED|FILL VIA METAL|CMP METAL|MEASURE VIA RESISTANCE|DEPOSIT METAL 1|ANNEAL METAL 1|SPIN COAT PHOTORESIST|SOFT BAKE|ALIGN MASK LEVEL 6|EXPOSE LITHO LEVEL 6|DEVELOP PHOTORESIST|METAL PATTERN INSPECTION|METAL ETCH DRY|STRIP RESIST|CLEAN AFTER METAL ETCH|MEASURE LINE WIDTH|DEPOSIT PASSIVATION|CURE PASSIVATION|MEASURE PASSIVATION QUALITY|OPEN BOND PAD WINDOW|OPEN PAD WINDOW LITHO|DEVELOP PAD WINDOW|PASSIVATION ETCH PAD OPENING|STRIP RESIST|CLEAN PAD OPENING|MEASURE PAD OPENING|BACKSIDE GRIND|MEASURE WAFER THICKNESS|BACKSIDE ETCH CLEAN|BACKSIDE RINSE|BACKSIDE DRY|BACKSIDE METALLIZATION PREP|DEPOSIT BACKSIDE METAL|BACKSIDE ANNEAL|MEASURE BACKSIDE CONTACT|FINAL CLEAN|FINAL THICKNESS MEASURE|FINAL GEOMETRY CHECK|FINAL CD INSPECTION|FINAL PARTICLE INSPECTION|PARAMETRIC TEST|LEAKAGE TEST|BREAKDOWN VOLTAGE TEST|SWITCHING TEST|YIELD ANALYSIS|WAFER SORT TEST|FINAL LOT RELEASE|SHIP LOT|FINAL CD INSPECTION|FINAL PARTICLE INSPECTION|PARAMETRIC TEST|SWITCHING TEST|WAFER SORT TEST|FINAL LOT RELEASE|SHIP LOT|FINAL CD INSPECTION|FINAL PARTICLE INSPECTION|PARAMETRIC TEST|SWITCHING TEST|WAFER SORT TEST|FINAL LOT RELEASE|SHIP LOT|FINAL CD INSPECTION|FINAL PARTICLE INSPECTION|PARAMETRIC TEST|SWITCHING TEST|WAFER SORT TEST|FINAL LOT RELEASE|SHIP LOT|FINAL CD INSPECTION|FINAL PARTICLE INSPECTION|PARAMETRIC TEST|SWITCHING TEST|FINAL LOT RELEASE|SHIP LOT|IMPLANT P BODY|BREAKDOWN VOLTAGE TEST
valid_0018,PASSIVATION ETCH|STRIP RESIST|CLEAN PAD OPENING|MEASURE PAD OPENING|BACKSIDE GRIND|MEASURE WAFER THICKNESS|BACKSIDE ETCH CLEAN|BACKSIDE RINSE|BACKSIDE DRY|BACKSIDE METALLIZATION PREP|DEPOSIT BACKSIDE METAL|BACKSIDE ANNEAL|MEASURE BACKSIDE CONTACT|FINAL CLEAN|FINAL THICKNESS MEASURE|FINAL GEOMETRY CHECK|FINAL CD INSPECTION|FINAL PARTICLE INSPECTION|PARAMETRIC TEST|LEAKAGE TEST|BREAKDOWN VOLTAGE TEST|SWITCHING TEST|YIELD ANALYSIS|WAFER SORT TEST|FINAL LOT RELEASE|SHIP LOT|FINAL CD INSPECTION|FINAL PARTICLE INSPECTION|PARAMETRIC TEST|SWITCHING TEST|WAFER SORT TEST|FINAL LOT RELEASE|SHIP LOT|FINAL CD INSPECTION|FINAL PARTICLE INSPECTION|PARAMETRIC TEST|SWITCHING TEST|WAFER SORT TEST|FINAL LOT RELEASE|SHIP LOT|FINAL CD INSPECTION|FINAL PARTICLE INSPECTION|PARAMETRIC TEST|SWITCHING TEST|WAFER SORT TEST|FINAL LOT RELEASE|SHIP LOT|FINAL CD INSPECTION|FINAL PARTICLE INSPECTION|PARAMETRIC TEST|SWITCHING TEST|FINAL LOT RELEASE|SHIP LOT|IMPLANT P BODY|BREAKDOWN VOLTAGE TEST|SWITCHING TEST|WAFER SORT TEST|FINAL LOT RELEASE|SHIP LOT|FINAL CD INSPECTION|FINAL PARTICLE INSPECTION|PARAMETRIC TEST|LEAKAGE TEST|BREAKDOWN VOLTAGE TEST|SWITCHING TEST|FINAL LOT RELEASE|SHIP LOT|FINAL CD INSPECTION|FINAL PARTICLE INSPECTION|PARAMETRIC TEST|LEAKAGE TEST|BREAKDOWN VOLTAGE TEST|SWITCHING TEST|FINAL LOT RELEASE|SHIP LOT|FINAL CD INSPECTION|FINAL PARTICLE INSPECTION|PARAMETRIC TEST|SWITCHING TEST|WAFER SORT TEST
valid_0019,DEPOSIT BARRIER METAL|DEPOSIT METAL SEED|FILL VIA METAL|CMP METAL|MEASURE VIA RESISTANCE|DEPOSIT METAL 1|ANNEAL METAL 1|SPIN COAT PHOTORESIST|SOFT BAKE|ALIGN MASK LEVEL 6|EXPOSE LITHO LEVEL 6|DEVELOP PHOTORESIST|METAL PATTERN INSPECTION|METAL ETCH DRY|STRIP RESIST|CLEAN AFTER METAL ETCH|MEASURE LINE WIDTH|DEPOSIT PASSIVATION|CURE PASSIVATION|MEASURE PASSIVATION QUALITY|OPEN BOND PAD WINDOW|OPEN PAD WINDOW LITHO|DEVELOP PAD WINDOW|PASSIVATION ETCH PAD OPENING|STRIP RESIST|CLEAN PAD OPENING|MEASURE PAD OPENING|BACKSIDE GRIND|MEASURE WAFER THICKNESS|BACKSIDE ETCH CLEAN|BACKSIDE RINSE|BACKSIDE DRY|BACKSIDE METALLIZATION PREP|DEPOSIT BACKSIDE METAL|BACKSIDE ANNEAL|MEASURE BACKSIDE CONTACT|FINAL CLEAN|FINAL THICKNESS MEASURE|FINAL GEOMETRY CHECK|FINAL CD INSPECTION|FINAL PARTICLE INSPECTION|PARAMETRIC TEST|LEAKAGE TEST|BREAKDOWN VOLTAGE TEST|SWITCHING TEST|WAFER SORT TEST|YIELD ANALYSIS|FINAL LOT RELEASE|SHIP LOT|FINAL CD INSPECTION|FINAL PARTICLE INSPECTION|PARAMETRIC TEST|SWITCHING TEST|WAFER SORT TEST|FINAL LOT RELEASE|SHIP LOT|FINAL CD INSPECTION|FINAL PARTICLE INSPECTION|PARAMETRIC TEST|SWITCHING TEST|YIELD ANALYSIS|FINAL LOT RELEASE|SHIP LOT|FINAL CD INSPECTION|FINAL PARTICLE INSPECTION|PARAMETRIC TEST|SWITCHING TEST|WAFER SORT TEST|FINAL LOT RELEASE|SHIP LOT|FINAL CD INSPECTION|FINAL PARTICLE INSPECTION|PARAMETRIC TEST|LEAKAGE TEST|BREAKDOWN VOLTAGE TEST|SWITCHING TEST|FINAL LOT RELEASE|SHIP LOT|FINAL CD INSPECTION|FINAL PARTICLE INSPECTION
valid_0020,STRIP RESIST|CLEAN PAD OPENING|MEASURE PAD OPENING|BACKSIDE GRIND|MEASURE WAFER THICKNESS|BACKSIDE ETCH CLEAN|BACKSIDE RINSE|BACKSIDE DRY|BACKSIDE METALLIZATION PREP|DEPOSIT BACKSIDE METAL|BACKSIDE ANNEAL|MEASURE BACKSIDE CONTACT|FINAL CLEAN|FINAL THICKNESS MEASURE|FINAL GEOMETRY CHECK|FINAL CD INSPECTION|FINAL PARTICLE INSPECTION|PARAMETRIC TEST|LEAKAGE TEST|BREAKDOWN VOLTAGE TEST|SWITCHING TEST|WAFER SORT TEST|YIELD ANALYSIS|FINAL LOT RELEASE|PACKAGE PREPARATION|SHIP LOT|FINAL CD INSPECTION|FINAL PARTICLE INSPECTION|PARAMETRIC TEST|SWITCHING TEST|YIELD ANALYSIS|FINAL LOT RELEASE|SHIP LOT|FINAL CD INSPECTION|FINAL PARTICLE INSPECTION|PARAMETRIC TEST|SWITCHING TEST|WAFER SORT TEST|FINAL LOT RELEASE|SHIP LOT|FINAL CD INSPECTION|FINAL PARTICLE INSPECTION|PARAMETRIC TEST|SWITCHING TEST|WAFER SORT TEST|FINAL LOT RELEASE|SHIP LOT|FINAL CD INSPECTION|FINAL PARTICLE INSPECTION|PARAMETRIC TEST|SWITCHING TEST|FINAL LOT RELEASE|SHIP LOT|FINAL CD INSPECTION|FINAL PARTICLE INSPECTION|PARAMETRIC TEST|SWITCHING TEST|FINAL LOT RELEASE|SHIP LOT|FINAL CD INSPECTION|FINAL PARTICLE INSPECTION|PARAMETRIC TEST|LEAKAGE TEST|BREAKDOWN VOLTAGE TEST|SWITCHING TEST|FINAL LOT RELEASE|SHIP LOT|FINAL CD INSPECTION|FINAL PARTICLE INSPECTION|PARAMETRIC TEST|SWITCHING TEST|FINAL LOT RELEASE|SHIP LOT|FINAL CD INSPECTION|FINAL PARTICLE INSPECTION|PARAMETRIC TEST|SWITCHING TEST|WAFER SORT TEST|FINAL LOT RELEASE|SHIP LOT
valid_0021,CLEAN AFTER VIA ETCH|MEASURE VIA CD|DEPOSIT BARRIER METAL|DEPOSIT METAL SEED|FILL VIA METAL|CMP METAL|MEASURE VIA RESISTANCE|DEPOSIT METAL 1|ANNEAL METAL 1|SPIN COAT PHOTORESIST|SOFT BAKE|ALIGN MASK LEVEL 6|EXPOSE LITHO LEVEL 6|DEVELOP PHOTORESIST|METAL PATTERN INSPECTION|METAL ETCH DRY|STRIP RESIST|CLEAN AFTER METAL ETCH|MEASURE LINE WIDTH|DEPOSIT PASSIVATION|CURE PASSIVATION|MEASURE PASSIVATION QUALITY|OPEN BOND PAD WINDOW|OPEN PAD WINDOW LITHO|DEVELOP PAD WINDOW|PASSIVATION ETCH PAD OPENING|STRIP RESIST|CLEAN PAD OPENING|MEASURE PAD OPENING|BACKSIDE GRIND|MEASURE WAFER THICKNESS|BACKSIDE ETCH CLEAN|BACKSIDE RINSE|BACKSIDE DRY|BACKSIDE METALLIZATION PREP|DEPOSIT BACKSIDE METAL|BACKSIDE ANNEAL|MEASURE BACKSIDE CONTACT|FINAL CLEAN|FINAL THICKNESS MEASURE|FINAL GEOMETRY CHECK|FINAL CD INSPECTION|FINAL PARTICLE INSPECTION|PARAMETRIC TEST|LEAKAGE TEST|BREAKDOWN VOLTAGE TEST|SWITCHING TEST|YIELD ANALYSIS|WAFER SORT TEST|FINAL LOT RELEASE|SHIP LOT|FINAL CD INSPECTION|FINAL PARTICLE INSPECTION|PARAMETRIC TEST|SWITCHING TEST|WAFER SORT TEST|FINAL LOT RELEASE|SHIP LOT|FINAL CD INSPECTION|FINAL PARTICLE INSPECTION|PARAMETRIC TEST|SWITCHING TEST|WAFER SORT TEST|FINAL LOT RELEASE|SHIP LOT|FINAL CD INSPECTION|FINAL PARTICLE INSPECTION|PARAMETRIC TEST|SWITCHING TEST|WAFER SORT TEST|FINAL LOT RELEASE|SHIP LOT|FINAL CD INSPECTION|FINAL PARTICLE INSPECTION|PARAMETRIC TEST|SWITCHING TEST|FINAL LOT RELEASE|SHIP LOT|IMPLANT P BODY|BREAKDOWN VOLTAGE TEST
valid_0022,DEVELOP PAD WINDOW|PASSIVATION ETCH PAD OPENING|STRIP RESIST|CLEAN PAD OPENING|MEASURE PAD OPENING|BACKSIDE GRIND|MEASURE WAFER THICKNESS|BACKSIDE ETCH CLEAN|BACKSIDE RINSE|BACKSIDE DRY|BACKSIDE METALLIZATION PREP|DEPOSIT BACKSIDE METAL|BACKSIDE ANNEAL|MEASURE BACKSIDE CONTACT|FINAL CLEAN|FINAL THICKNESS MEASURE|FINAL GEOMETRY CHECK|FINAL CD INSPECTION|FINAL PARTICLE INSPECTION|PARAMETRIC TEST|LEAKAGE TEST|BREAKDOWN VOLTAGE TEST|SWITCHING TEST|YIELD ANALYSIS|WAFER SORT TEST|FINAL LOT RELEASE|SHIP LOT|FINAL CD INSPECTION|FINAL PARTICLE INSPECTION|PARAMETRIC TEST|SWITCHING TEST|WAFER SORT TEST|FINAL LOT RELEASE|SHIP LOT|FINAL CD INSPECTION|FINAL PARTICLE INSPECTION|PARAMETRIC TEST|SWITCHING TEST|WAFER SORT TEST|FINAL LOT RELEASE|SHIP LOT|FINAL CD INSPECTION|FINAL PARTICLE INSPECTION|PARAMETRIC TEST|SWITCHING TEST|WAFER SORT TEST|FINAL LOT RELEASE|SHIP LOT|FINAL CD INSPECTION|FINAL PARTICLE INSPECTION|PARAMETRIC TEST|SWITCHING TEST|FINAL LOT RELEASE|SHIP LOT|IMPLANT P BODY|BREAKDOWN VOLTAGE TEST|SWITCHING TEST|FINAL LOT RELEASE|SHIP LOT|FINAL CD INSPECTION|FINAL PARTICLE INSPECTION|PARAMETRIC TEST|LEAKAGE TEST|BREAKDOWN VOLTAGE TEST|SWITCHING TEST|FINAL LOT RELEASE|SHIP LOT|FINAL CD INSPECTION|FINAL PARTICLE INSPECTION|PARAMETRIC TEST|SWITCHING TEST|FINAL LOT RELEASE|SHIP LOT|FINAL CD INSPECTION|FINAL PARTICLE INSPECTION|PARAMETRIC TEST|SWITCHING TEST|WAFER SORT TEST|FINAL LOT RELEASE|SHIP LOT
valid_0023,CLEAN AFTER VIA ETCH|MEASURE VIA CD|DEPOSIT BARRIER METAL|DEPOSIT METAL SEED|FILL VIA METAL|CMP METAL|MEASURE VIA RESISTANCE|DEPOSIT TOP METAL|ANNEAL METAL 1|SPIN COAT PHOTORESIST|SOFT BAKE|ALIGN MASK LEVEL 6|EXPOSE LITHO LEVEL 6|DEVELOP PHOTORESIST|METAL PATTERN INSPECTION|METAL ETCH DRY|STRIP RESIST|CLEAN AFTER METAL ETCH|MEASURE LINE WIDTH|DEPOSIT PASSIVATION|CURE PASSIVATION|MEASURE PASSIVATION QUALITY|OPEN BOND PAD WINDOW|OPEN PAD WINDOW LITHO|DEVELOP PAD WINDOW|PASSIVATION ETCH PAD OPENING|STRIP RESIST|CLEAN PAD OPENING|MEASURE PAD OPENING|BACKSIDE GRIND|MEASURE WAFER THICKNESS|BACKSIDE ETCH CLEAN|BACKSIDE RINSE|BACKSIDE DRY|BACKSIDE METALLIZATION PREP|DEPOSIT BACKSIDE METAL|BACKSIDE ANNEAL|MEASURE BACKSIDE CONTACT|FINAL CLEAN|FINAL THICKNESS MEASURE|FINAL GEOMETRY CHECK|FINAL CD INSPECTION|FINAL PARTICLE INSPECTION|ELECTRICAL PARAMETRIC TEST|LEAKAGE TEST|BREAKDOWN VOLTAGE TEST|SWITCHING TEST|WAFER SORT TEST|YIELD ANALYSIS|FINAL LOT RELEASE|SHIP LOT|FINAL CD INSPECTION|FINAL PARTICLE INSPECTION|ELECTRICAL PARAMETRIC TEST|SWITCHING TEST|WAFER SORT TEST|FINAL LOT RELEASE|SHIP LOT|FINAL CD INSPECTION|FINAL PARTICLE INSPECTION|ELECTRICAL PARAMETRIC TEST|LEAKAGE TEST|BREAKDOWN VOLTAGE TEST|SWITCHING TEST|YIELD ANALYSIS|FINAL LOT RELEASE|SHIP LOT|FINAL CD INSPECTION|FINAL PARTICLE INSPECTION|PARAMETRIC TEST|SWITCHING TEST|WAFER SORT TEST|FINAL LOT RELEASE|SHIP LOT|FINAL CD INSPECTION|FINAL PARTICLE INSPECTION|PARAMETRIC TEST|SWITCHING TEST|FINAL LOT RELEASE|SHIP LOT
valid_0024,PASSIVATION ETCH PAD OPENING|STRIP RESIST|CLEAN PAD OPENING|MEASURE PAD OPENING|BACKSIDE GRIND|MEASURE WAFER THICKNESS|BACKSIDE ETCH CLEAN|BACKSIDE RINSE|BACKSIDE DRY|BACKSIDE METALLIZATION PREP|DEPOSIT BACKSIDE METAL|BACKSIDE ANNEAL|MEASURE BACKSIDE CONTACT|FINAL CLEAN|FINAL THICKNESS MEASURE|FINAL GEOMETRY CHECK|FINAL OXIDE CHECK|FINAL CD INSPECTION|FINAL PARTICLE INSPECTION|PARAMETRIC TEST|LEAKAGE TEST|BREAKDOWN VOLTAGE TEST|SWITCHING TEST|WAFER SORT TEST|YIELD ANALYSIS|FINAL LOT RELEASE|SHIP LOT|FINAL CD INSPECTION|FINAL PARTICLE INSPECTION|PARAMETRIC TEST|SWITCHING TEST|WAFER SORT TEST|FINAL LOT RELEASE|SHIP LOT|FINAL CD INSPECTION|FINAL PARTICLE INSPECTION|PARAMETRIC TEST|SWITCHING TEST|YIELD ANALYSIS|FINAL LOT RELEASE|SHIP LOT|FINAL CD INSPECTION|FINAL PARTICLE INSPECTION|PARAMETRIC TEST|SWITCHING TEST|WAFER SORT TEST|FINAL LOT RELEASE|SHIP LOT|FINAL CD INSPECTION|FINAL PARTICLE INSPECTION|PARAMETRIC TEST|SWITCHING TEST|FINAL LOT RELEASE|SHIP LOT|FINAL CD INSPECTION|FINAL PARTICLE INSPECTION|PARAMETRIC TEST|SWITCHING TEST|FINAL LOT RELEASE|SHIP LOT|IMPLANT P BODY|BREAKDOWN VOLTAGE TEST|SWITCHING TEST|FINAL LOT RELEASE|SHIP LOT|FINAL CD INSPECTION|FINAL PARTICLE INSPECTION|PARAMETRIC TEST|SWITCHING TEST|FINAL LOT RELEASE|SHIP LOT|FINAL CD INSPECTION|FINAL PARTICLE INSPECTION|PARAMETRIC TEST|LEAKAGE TEST|BREAKDOWN VOLTAGE TEST|SWITCHING TEST|FINAL LOT RELEASE|SHIP LOT|FINAL CD INSPECTION
valid_0025,CLEAN AFTER VIA ETCH|MEASURE VIA CD|DEPOSIT BARRIER METAL|DEPOSIT METAL SEED|FILL VIA METAL|CMP METAL|MEASURE VIA RESISTANCE|DEPOSIT METAL 1|ANNEAL METAL 1|SPIN COAT PHOTORESIST|SOFT BAKE|ALIGN MASK LEVEL 6|EXPOSE LITHO LEVEL 6|DEVELOP PHOTORESIST|METAL PATTERN INSPECTION|METAL ETCH DRY|STRIP RESIST|CLEAN AFTER METAL ETCH|MEASURE LINE WIDTH|DEPOSIT PASSIVATION|CURE PASSIVATION|MEASURE PASSIVATION QUALITY|OPEN BOND PAD WINDOW|OPEN PAD WINDOW LITHO|DEVELOP PAD WINDOW|PASSIVATION ETCH PAD OPENING|STRIP RESIST|CLEAN PAD OPENING|MEASURE PAD OPENING|BACKSIDE GRIND|MEASURE WAFER THICKNESS|BACKSIDE ETCH CLEAN|BACKSIDE RINSE|BACKSIDE DRY|BACKSIDE METALLIZATION PREP|DEPOSIT BACKSIDE METAL|BACKSIDE ANNEAL|MEASURE BACKSIDE CONTACT|FINAL CLEAN|FINAL THICKNESS MEASURE|FINAL GEOMETRY CHECK|FINAL CD INSPECTION|FINAL PARTICLE INSPECTION|PARAMETRIC TEST|LEAKAGE TEST|BREAKDOWN VOLTAGE TEST|SWITCHING TEST|YIELD ANALYSIS|WAFER SORT TEST|FINAL LOT RELEASE|SHIP LOT|FINAL CD INSPECTION|FINAL PARTICLE INSPECTION|PARAMETRIC TEST|SWITCHING TEST|WAFER SORT TEST|FINAL LOT RELEASE|SHIP LOT|FINAL CD INSPECTION|FINAL PARTICLE INSPECTION|PARAMETRIC TEST|SWITCHING TEST|WAFER SORT TEST|FINAL LOT RELEASE|SHIP LOT|FINAL CD INSPECTION|FINAL PARTICLE INSPECTION|PARAMETRIC TEST|SWITCHING TEST|WAFER SORT TEST|FINAL LOT RELEASE|SHIP LOT|FINAL CD INSPECTION|FINAL PARTICLE INSPECTION|PARAMETRIC TEST|SWITCHING TEST|WAFER SORT TEST|FINAL LOT RELEASE|SHIP LOT|IMPLANT P BODY
valid_0026,DEVELOP PAD WINDOW|PASSIVATION ETCH PAD OPENING|STRIP RESIST|CLEAN PAD OPENING|MEASURE PAD OPENING|BACKSIDE GRIND|MEASURE WAFER THICKNESS|BACKSIDE ETCH CLEAN|BACKSIDE RINSE|BACKSIDE DRY|BACKSIDE METALLIZATION PREP|DEPOSIT BACKSIDE METAL|BACKSIDE ANNEAL|MEASURE BACKSIDE CONTACT|FINAL CLEAN|FINAL THICKNESS MEASURE|FINAL GEOMETRY CHECK|FINAL CD INSPECTION|FINAL PARTICLE INSPECTION|PARAMETRIC TEST|LEAKAGE TEST|BREAKDOWN VOLTAGE TEST|SWITCHING TEST|YIELD ANALYSIS|WAFER SORT TEST|FINAL LOT RELEASE|SHIP LOT|FINAL CD INSPECTION|FINAL PARTICLE INSPECTION|PARAMETRIC TEST|SWITCHING TEST|WAFER SORT TEST|FINAL LOT RELEASE|SHIP LOT|FINAL CD INSPECTION|FINAL PARTICLE INSPECTION|PARAMETRIC TEST|SWITCHING TEST|WAFER SORT TEST|FINAL LOT RELEASE|SHIP LOT|FINAL CD INSPECTION|FINAL PARTICLE INSPECTION|PARAMETRIC TEST|SWITCHING TEST|WAFER SORT TEST|FINAL LOT RELEASE|SHIP LOT|FINAL CD INSPECTION|FINAL PARTICLE INSPECTION|PARAMETRIC TEST|SWITCHING TEST|FINAL LOT RELEASE|SHIP LOT|FINAL CD INSPECTION|FINAL PARTICLE INSPECTION|PARAMETRIC TEST|SWITCHING TEST|WAFER SORT TEST|FINAL LOT RELEASE|SHIP LOT|FINAL CD INSPECTION|FINAL PARTICLE INSPECTION|PARAMETRIC TEST|LEAKAGE TEST|BREAKDOWN VOLTAGE TEST|SWITCHING TEST|FINAL LOT RELEASE|SHIP LOT|FINAL CD INSPECTION|FINAL PARTICLE INSPECTION|PARAMETRIC TEST|LEAKAGE TEST|BREAKDOWN VOLTAGE TEST|SWITCHING TEST|FINAL LOT RELEASE|SHIP LOT|FINAL CD INSPECTION|FINAL PARTICLE INSPECTION|PARAMETRIC TEST
valid_0027,STRIP RESIST|CLEAN AFTER VIA ETCH|MEASURE VIA CD|DEPOSIT BARRIER METAL|DEPOSIT METAL SEED|FILL VIA METAL|CMP METAL|MEASURE VIA RESISTANCE|DEPOSIT METAL 1|ANNEAL METAL 1|SPIN COAT PHOTORESIST|SOFT BAKE|ALIGN MASK LEVEL 6|EXPOSE LITHO LEVEL 6|DEVELOP PHOTORESIST|METAL PATTERN INSPECTION|METAL ETCH DRY|STRIP RESIST|CLEAN AFTER METAL ETCH|MEASURE LINE WIDTH|DEPOSIT PASSIVATION|CURE PASSIVATION|MEASURE PASSIVATION QUALITY|OPEN BOND PAD WINDOW|OPEN PAD WINDOW LITHO|DEVELOP PAD WINDOW|PASSIVATION ETCH PAD OPENING|STRIP RESIST|CLEAN PAD OPENING|MEASURE PAD OPENING|BACKSIDE GRIND|MEASURE WAFER THICKNESS|BACKSIDE ETCH CLEAN|BACKSIDE RINSE|BACKSIDE DRY|BACKSIDE METALLIZATION PREP|DEPOSIT BACKSIDE METAL|BACKSIDE ANNEAL|MEASURE BACKSIDE CONTACT|FINAL CLEAN|FINAL THICKNESS MEASURE|FINAL GEOMETRY CHECK|FINAL CD INSPECTION|FINAL PARTICLE INSPECTION|PARAMETRIC TEST|LEAKAGE TEST|BREAKDOWN VOLTAGE TEST|SWITCHING TEST|WAFER SORT TEST|YIELD ANALYSIS|FINAL LOT RELEASE|PACKAGE PREPARATION|SHIP LOT|FINAL CD INSPECTION|FINAL PARTICLE INSPECTION|PARAMETRIC TEST|SWITCHING TEST|YIELD ANALYSIS|FINAL LOT RELEASE|SHIP LOT|FINAL CD INSPECTION|FINAL PARTICLE INSPECTION|PARAMETRIC TEST|SWITCHING TEST|WAFER SORT TEST|FINAL LOT RELEASE|SHIP LOT|FINAL CD INSPECTION|FINAL PARTICLE INSPECTION|PARAMETRIC TEST|SWITCHING TEST|WAFER SORT TEST|FINAL LOT RELEASE|SHIP LOT|FINAL CD INSPECTION|FINAL PARTICLE INSPECTION|PARAMETRIC TEST|SWITCHING TEST|FINAL LOT RELEASE|SHIP LOT
valid_0028,OPEN PAD WINDOW LITHO|DEVELOP PAD WINDOW|PASSIVATION ETCH PAD OPENING|STRIP RESIST|CLEAN PAD OPENING|MEASURE PAD OPENING|BACKSIDE GRIND|MEASURE WAFER THICKNESS|BACKSIDE ETCH CLEAN|BACKSIDE RINSE|BACKSIDE DRY|BACKSIDE METALLIZATION PREP|DEPOSIT BACKSIDE METAL|BACKSIDE ANNEAL|MEASURE BACKSIDE CONTACT|FINAL CLEAN|FINAL THICKNESS MEASURE|FINAL GEOMETRY CHECK|FINAL CD INSPECTION|FINAL PARTICLE INSPECTION|PARAMETRIC TEST|LEAKAGE TEST|BREAKDOWN VOLTAGE TEST|SWITCHING TEST|WAFER SORT TEST|YIELD ANALYSIS|FINAL LOT RELEASE|PACKAGE PREPARATION|SHIP LOT|FINAL CD INSPECTION|FINAL PARTICLE INSPECTION|PARAMETRIC TEST|SWITCHING TEST|YIELD ANALYSIS|FINAL LOT RELEASE|SHIP LOT|FINAL CD INSPECTION|FINAL PARTICLE INSPECTION|PARAMETRIC TEST|SWITCHING TEST|WAFER SORT TEST|FINAL LOT RELEASE|SHIP LOT|FINAL CD INSPECTION|FINAL PARTICLE INSPECTION|PARAMETRIC TEST|SWITCHING TEST|WAFER SORT TEST|FINAL LOT RELEASE|SHIP LOT|FINAL CD INSPECTION|FINAL PARTICLE INSPECTION|PARAMETRIC TEST|SWITCHING TEST|FINAL LOT RELEASE|SHIP LOT|FINAL CD INSPECTION|FINAL PARTICLE INSPECTION|PARAMETRIC TEST|SWITCHING TEST|FINAL LOT RELEASE|SHIP LOT|FINAL CD INSPECTION|FINAL PARTICLE INSPECTION|PARAMETRIC TEST|SWITCHING TEST|FINAL LOT RELEASE|SHIP LOT|FINAL CD INSPECTION|FINAL PARTICLE INSPECTION|PARAMETRIC TEST|LEAKAGE TEST|BREAKDOWN VOLTAGE TEST|SWITCHING TEST|FINAL LOT RELEASE|SHIP LOT|FINAL CD INSPECTION|FINAL PARTICLE INSPECTION|PARAMETRIC TEST|SWITCHING TEST
valid_0029,STRIP RESIST|CLEAN AFTER VIA ETCH|MEASURE VIA CD|DEPOSIT BARRIER METAL|DEPOSIT METAL SEED|FILL VIA METAL|CMP METAL|MEASURE VIA RESISTANCE|DEPOSIT TOP METAL|ANNEAL METAL 1|SPIN COAT PHOTORESIST|SOFT BAKE|ALIGN MASK LEVEL 6|EXPOSE LITHO LEVEL 6|DEVELOP PHOTORESIST|METAL PATTERN INSPECTION|METAL ETCH DRY|STRIP RESIST|CLEAN AFTER METAL ETCH|MEASURE LINE WIDTH|DEPOSIT PASSIVATION|CURE PASSIVATION|MEASURE PASSIVATION QUALITY|OPEN BOND PAD WINDOW|OPEN PAD WINDOW LITHO|DEVELOP PAD WINDOW|PASSIVATION ETCH|STRIP RESIST|CLEAN PAD OPENING|MEASURE PAD OPENING|BACKSIDE GRIND|MEASURE WAFER THICKNESS|BACKSIDE ETCH CLEAN|BACKSIDE RINSE|BACKSIDE DRY|BACKSIDE METALLIZATION PREP|DEPOSIT BACKSIDE METAL|BACKSIDE ANNEAL|MEASURE BACKSIDE CONTACT|FINAL CLEAN|FINAL THICKNESS MEASURE|FINAL GEOMETRY CHECK|FINAL CD INSPECTION|FINAL PARTICLE INSPECTION|PARAMETRIC TEST|LEAKAGE TEST|BREAKDOWN VOLTAGE TEST|SWITCHING TEST|WAFER SORT TEST|YIELD ANALYSIS|FINAL LOT RELEASE|PACKAGE PREPARATION|SHIP LOT|FINAL CD INSPECTION|FINAL PARTICLE INSPECTION|PARAMETRIC TEST|SWITCHING TEST|WAFER SORT TEST|FINAL LOT RELEASE|SHIP LOT|FINAL CD INSPECTION|FINAL PARTICLE INSPECTION|PARAMETRIC TEST|SWITCHING TEST|YIELD ANALYSIS|FINAL LOT RELEASE|SHIP LOT|FINAL CD INSPECTION|FINAL PARTICLE INSPECTION|PARAMETRIC TEST|SWITCHING TEST|FINAL LOT RELEASE|SHIP LOT|FINAL CD INSPECTION|FINAL PARTICLE INSPECTION|PARAMETRIC TEST|SWITCHING TEST|FINAL LOT RELEASE|SHIP LOT|FINAL CD INSPECTION
valid_0030,DEVELOP PAD WINDOW|PASSIVATION ETCH|STRIP RESIST|CLEAN PAD OPENING|MEASURE PAD OPENING|BACKSIDE GRIND|MEASURE WAFER THICKNESS|BACKSIDE ETCH CLEAN|BACKSIDE RINSE|BACKSIDE DRY|BACKSIDE METALLIZATION PREP|DEPOSIT BACKSIDE METAL|BACKSIDE ANNEAL|MEASURE BACKSIDE CONTACT|FINAL CLEAN|FINAL THICKNESS MEASURE|FINAL GEOMETRY CHECK|FINAL CD INSPECTION|FINAL PARTICLE INSPECTION|PARAMETRIC TEST|LEAKAGE TEST|BREAKDOWN VOLTAGE TEST|SWITCHING TEST|WAFER SORT TEST|YIELD ANALYSIS|FINAL LOT RELEASE|SHIP LOT|FINAL CD INSPECTION|FINAL PARTICLE INSPECTION|PARAMETRIC TEST|SWITCHING TEST|WAFER SORT TEST|FINAL LOT RELEASE|SHIP LOT|FINAL CD INSPECTION|FINAL PARTICLE INSPECTION|PARAMETRIC TEST|SWITCHING TEST|YIELD ANALYSIS|FINAL LOT RELEASE|SHIP LOT|FINAL CD INSPECTION|FINAL PARTICLE INSPECTION|PARAMETRIC TEST|SWITCHING TEST|WAFER SORT TEST|FINAL LOT RELEASE|SHIP LOT|FINAL CD INSPECTION|FINAL PARTICLE INSPECTION|PARAMETRIC TEST|SWITCHING TEST|FINAL LOT RELEASE|SHIP LOT|FINAL CD INSPECTION|FINAL PARTICLE INSPECTION|PARAMETRIC TEST|SWITCHING TEST|FINAL LOT RELEASE|SHIP LOT|IMPLANT P BODY|BREAKDOWN VOLTAGE TEST|SWITCHING TEST|FINAL LOT RELEASE|SHIP LOT|FINAL CD INSPECTION|FINAL PARTICLE INSPECTION|PARAMETRIC TEST|SWITCHING TEST|FINAL LOT RELEASE|SHIP LOT|FINAL CD INSPECTION|FINAL PARTICLE INSPECTION|PARAMETRIC TEST|LEAKAGE TEST|BREAKDOWN VOLTAGE TEST|SWITCHING TEST|FINAL LOT RELEASE|SHIP LOT|FINAL CD INSPECTION
valid_0031,MEASURE VIA CD|DEPOSIT BARRIER METAL|DEPOSIT METAL SEED|FILL VIA METAL|CMP METAL|MEASURE VIA RESISTANCE|DEPOSIT METAL 1|ANNEAL METAL 1|SPIN COAT PHOTORESIST|SOFT BAKE|ALIGN MASK LEVEL 6|EXPOSE LITHO LEVEL 6|DEVELOP PHOTORESIST|METAL PATTERN INSPECTION|METAL ETCH DRY|STRIP RESIST|CLEAN AFTER METAL ETCH|MEASURE LINE WIDTH|DEPOSIT PASSIVATION|CURE PASSIVATION|MEASURE PASSIVATION QUALITY|OPEN BOND PAD WINDOW|OPEN PAD WINDOW LITHO|DEVELOP PAD WINDOW|PASSIVATION ETCH PAD OPENING|STRIP RESIST|CLEAN PAD OPENING|MEASURE PAD OPENING|BACKSIDE GRIND|MEASURE WAFER THICKNESS|BACKSIDE ETCH CLEAN|BACKSIDE RINSE|BACKSIDE DRY|BACKSIDE METALLIZATION PREP|DEPOSIT BACKSIDE METAL|BACKSIDE ANNEAL|MEASURE BACKSIDE CONTACT|FINAL CLEAN|FINAL THICKNESS MEASURE|FINAL GEOMETRY CHECK|FINAL CD INSPECTION|FINAL PARTICLE INSPECTION|PARAMETRIC TEST|LEAKAGE TEST|BREAKDOWN VOLTAGE TEST|SWITCHING TEST|WAFER SORT TEST|YIELD ANALYSIS|FINAL LOT RELEASE|PACKAGE PREPARATION|SHIP LOT|FINAL CD INSPECTION|FINAL PARTICLE INSPECTION|PARAMETRIC TEST|SWITCHING TEST|WAFER SORT TEST|FINAL LOT RELEASE|SHIP LOT|FINAL CD INSPECTION|FINAL PARTICLE INSPECTION|PARAMETRIC TEST|SWITCHING TEST|WAFER SORT TEST|FINAL LOT RELEASE|SHIP LOT|FINAL CD INSPECTION|FINAL PARTICLE INSPECTION|PARAMETRIC TEST|SWITCHING TEST|WAFER SORT TEST|FINAL LOT RELEASE|SHIP LOT|FINAL CD INSPECTION|FINAL PARTICLE INSPECTION|PARAMETRIC TEST|SWITCHING TEST|WAFER SORT TEST|FINAL LOT RELEASE|SHIP LOT|IMPLANT P BODY
valid_0032,STRIP RESIST|CLEAN PAD OPENING|MEASURE PAD OPENING|BACKSIDE GRIND|MEASURE WAFER THICKNESS|BACKSIDE ETCH CLEAN|BACKSIDE RINSE|BACKSIDE DRY|BACKSIDE METALLIZATION PREP|DEPOSIT BACKSIDE METAL|BACKSIDE ANNEAL|MEASURE BACKSIDE CONTACT|FINAL CLEAN|FINAL THICKNESS MEASURE|FINAL GEOMETRY CHECK|FINAL CD INSPECTION|FINAL PARTICLE INSPECTION|PARAMETRIC TEST|LEAKAGE TEST|BREAKDOWN VOLTAGE TEST|SWITCHING TEST|WAFER SORT TEST|YIELD ANALYSIS|FINAL LOT RELEASE|SHIP LOT|FINAL CD INSPECTION|FINAL PARTICLE INSPECTION|PARAMETRIC TEST|SWITCHING TEST|WAFER SORT TEST|FINAL LOT RELEASE|SHIP LOT|FINAL CD INSPECTION|FINAL PARTICLE INSPECTION|PARAMETRIC TEST|SWITCHING TEST|WAFER SORT TEST|FINAL LOT RELEASE|SHIP LOT|FINAL CD INSPECTION|FINAL PARTICLE INSPECTION|PARAMETRIC TEST|SWITCHING TEST|WAFER SORT TEST|FINAL LOT RELEASE|SHIP LOT|FINAL CD INSPECTION|FINAL PARTICLE INSPECTION|PARAMETRIC TEST|SWITCHING TEST|WAFER SORT TEST|FINAL LOT RELEASE|SHIP LOT|FINAL CD INSPECTION|FINAL PARTICLE INSPECTION|PARAMETRIC TEST|SWITCHING TEST|FINAL LOT RELEASE|SHIP LOT|FINAL CD INSPECTION|FINAL PARTICLE INSPECTION|PARAMETRIC TEST|LEAKAGE TEST|BREAKDOWN VOLTAGE TEST|SWITCHING TEST|FINAL LOT RELEASE|SHIP LOT|FINAL CD INSPECTION|FINAL PARTICLE INSPECTION|PARAMETRIC TEST|SWITCHING TEST|FINAL LOT RELEASE|SHIP LOT|FINAL CD INSPECTION|FINAL PARTICLE INSPECTION|PARAMETRIC TEST|SWITCHING TEST|WAFER SORT TEST|FINAL LOT RELEASE|SHIP LOT
valid_0033,FILL VIA METAL|CMP METAL|MEASURE VIA RESISTANCE|DEPOSIT METAL 1|ANNEAL METAL 1|SPIN COAT PHOTORESIST|SOFT BAKE|ALIGN MASK LEVEL 4|EXPOSE LITHO LEVEL 4|DEVELOP PHOTORESIST|METAL PATTERN INSPECTION|METAL ETCH DRY|STRIP RESIST|CLEAN AFTER METAL ETCH|MEASURE LINE WIDTH|DEPOSIT PASSIVATION|CURE PASSIVATION|MEASURE PASSIVATION QUALITY|OPEN BOND PAD WINDOW|OPEN PAD WINDOW LITHO|DEVELOP PAD WINDOW|PASSIVATION ETCH PAD OPENING|STRIP RESIST|CLEAN PAD OPENING|MEASURE PAD OPENING|BACKSIDE GRIND|MEASURE WAFER THICKNESS|BACKSIDE ETCH CLEAN|BACKSIDE RINSE|BACKSIDE DRY|BACKSIDE METALLIZATION PREP|DEPOSIT BACKSIDE METAL|BACKSIDE ANNEAL|FINAL CLEAN|FINAL THICKNESS MEASURE|FINAL GEOMETRY CHECK|FINAL OXIDE CHECK|FINAL CD INSPECTION|FINAL PARTICLE INSPECTION|PARAMETRIC TEST|LEAKAGE TEST|BREAKDOWN VOLTAGE TEST|SWITCHING TEST|WAFER SORT TEST|YIELD ANALYSIS|FINAL LOT RELEASE|PACKAGE PREPARATION|SHIP LOT|FINAL CD INSPECTION|FINAL PARTICLE INSPECTION|PARAMETRIC TEST|SWITCHING TEST|YIELD ANALYSIS|FINAL LOT RELEASE|SHIP LOT|FINAL CD INSPECTION|FINAL PARTICLE INSPECTION|PARAMETRIC TEST|SWITCHING TEST|WAFER SORT TEST|FINAL LOT RELEASE|SHIP LOT|FINAL CD INSPECTION|FINAL PARTICLE INSPECTION|PARAMETRIC TEST|SWITCHING TEST|WAFER SORT TEST|FINAL LOT RELEASE|SHIP LOT|FINAL CD INSPECTION|FINAL PARTICLE INSPECTION|PARAMETRIC TEST|SWITCHING TEST|WAFER SORT TEST|FINAL LOT RELEASE|SHIP LOT|FINAL CD INSPECTION|FINAL PARTICLE INSPECTION|PARAMETRIC TEST|SWITCHING TEST
valid_0034,STRIP RESIST|CLEAN PAD OPENING|MEASURE PAD OPENING|BACKSIDE GRIND|MEASURE WAFER THICKNESS|BACKSIDE ETCH CLEAN|BACKSIDE RINSE|BACKSIDE DRY|BACKSIDE METALLIZATION PREP|DEPOSIT BACKSIDE METAL|BACKSIDE ANNEAL|MEASURE BACKSIDE CONTACT|FINAL CLEAN|FINAL THICKNESS MEASURE|FINAL GEOMETRY CHECK|FINAL OXIDE CHECK|FINAL CD INSPECTION|FINAL PARTICLE INSPECTION|PARAMETRIC TEST|LEAKAGE TEST|BREAKDOWN VOLTAGE TEST|SWITCHING TEST|WAFER SORT TEST|YIELD ANALYSIS|FINAL LOT RELEASE|PACKAGE PREPARATION|SHIP LOT|FINAL CD INSPECTION|FINAL PARTICLE INSPECTION|PARAMETRIC TEST|SWITCHING TEST|WAFER SORT TEST|FINAL LOT RELEASE|SHIP LOT|FINAL CD INSPECTION|FINAL PARTICLE INSPECTION|PARAMETRIC TEST|SWITCHING TEST|YIELD ANALYSIS|FINAL LOT RELEASE|SHIP LOT|FINAL CD INSPECTION|FINAL PARTICLE INSPECTION|PARAMETRIC TEST|SWITCHING TEST|WAFER SORT TEST|FINAL LOT RELEASE|SHIP LOT|FINAL CD INSPECTION|FINAL PARTICLE INSPECTION|PARAMETRIC TEST|SWITCHING TEST|FINAL LOT RELEASE|SHIP LOT|FINAL CD INSPECTION|FINAL PARTICLE INSPECTION|PARAMETRIC TEST|SWITCHING TEST|FINAL LOT RELEASE|SHIP LOT|IMPLANT P BODY|BREAKDOWN VOLTAGE TEST|SWITCHING TEST|FINAL LOT RELEASE|SHIP LOT|FINAL CD INSPECTION|FINAL PARTICLE INSPECTION|PARAMETRIC TEST|SWITCHING TEST|FINAL LOT RELEASE|SHIP LOT|FINAL CD INSPECTION|FINAL PARTICLE INSPECTION|PARAMETRIC TEST|LEAKAGE TEST|BREAKDOWN VOLTAGE TEST|SWITCHING TEST|FINAL LOT RELEASE|SHIP LOT|FINAL CD INSPECTION
valid_0035,DEPOSIT BARRIER METAL|DEPOSIT TUNGSTEN SEED|FILL VIA TUNGSTEN|CMP METAL|MEASURE VIA RESISTANCE|DEPOSIT TOP METAL|ANNEAL METAL 1|SPIN COAT PHOTORESIST|SOFT BAKE|ALIGN MASK LEVEL 6|EXPOSE LITHO LEVEL 6|DEVELOP PHOTORESIST|METAL PATTERN INSPECTION|METAL ETCH DRY|STRIP RESIST|CLEAN AFTER METAL ETCH|MEASURE LINE WIDTH|DEPOSIT PASSIVATION|CURE PASSIVATION|MEASURE PASSIVATION QUALITY|OPEN BOND PAD WINDOW|OPEN PAD WINDOW LITHO|DEVELOP PAD WINDOW|PASSIVATION ETCH PAD OPENING|STRIP RESIST|CLEAN PAD OPENING|MEASURE PAD OPENING|BACKSIDE GRIND|MEASURE WAFER THICKNESS|BACKSIDE ETCH CLEAN|BACKSIDE RINSE|BACKSIDE DRY|BACKSIDE METALLIZATION PREP|DEPOSIT BACKSIDE METAL|BACKSIDE ANNEAL|MEASURE BACKSIDE CONTACT|FINAL CLEAN|FINAL THICKNESS MEASURE|FINAL GEOMETRY CHECK|FINAL CD INSPECTION|FINAL PARTICLE INSPECTION|ELECTRICAL PARAMETRIC TEST|LEAKAGE TEST|BREAKDOWN VOLTAGE TEST|SWITCHING TEST|WAFER SORT TEST|YIELD ANALYSIS|FINAL LOT RELEASE|SHIP LOT|FINAL CD INSPECTION|FINAL PARTICLE INSPECTION|ELECTRICAL PARAMETRIC TEST|SWITCHING TEST|WAFER SORT TEST|FINAL LOT RELEASE|SHIP LOT|FINAL CD INSPECTION|FINAL PARTICLE INSPECTION|ELECTRICAL PARAMETRIC TEST|LEAKAGE TEST|BREAKDOWN VOLTAGE TEST|SWITCHING TEST|YIELD ANALYSIS|FINAL LOT RELEASE|SHIP LOT|FINAL CD INSPECTION|FINAL PARTICLE INSPECTION|PARAMETRIC TEST|SWITCHING TEST|WAFER SORT TEST|FINAL LOT RELEASE|SHIP LOT|FINAL CD INSPECTION|FINAL PARTICLE INSPECTION|PARAMETRIC TEST|SWITCHING TEST|FINAL LOT RELEASE|SHIP LOT|FINAL CD INSPECTION|FINAL PARTICLE INSPECTION
valid_0036,CLEAN PAD OPENING|MEASURE PAD OPENING|BACKSIDE GRIND|MEASURE WAFER THICKNESS|BACKSIDE ETCH CLEAN|BACKSIDE RINSE|BACKSIDE DRY|BACKSIDE METALLIZATION PREP|DEPOSIT BACKSIDE METAL|BACKSIDE ANNEAL|MEASURE BACKSIDE CONTACT|FINAL CLEAN|FINAL THICKNESS MEASURE|FINAL GEOMETRY CHECK|FINAL OXIDE CHECK|FINAL CD INSPECTION|FINAL PARTICLE INSPECTION|PARAMETRIC TEST|LEAKAGE TEST|BREAKDOWN VOLTAGE TEST|SWITCHING TEST|WAFER SORT TEST|YIELD ANALYSIS|FINAL LOT RELEASE|SHIP LOT|FINAL CD INSPECTION|FINAL PARTICLE INSPECTION|PARAMETRIC TEST|SWITCHING TEST|WAFER SORT TEST|FINAL LOT RELEASE|SHIP LOT|FINAL CD INSPECTION|FINAL PARTICLE INSPECTION|PARAMETRIC TEST|SWITCHING TEST|YIELD ANALYSIS|FINAL LOT RELEASE|SHIP LOT|FINAL CD INSPECTION|FINAL PARTICLE INSPECTION|PARAMETRIC TEST|SWITCHING TEST|WAFER SORT TEST|FINAL LOT RELEASE|SHIP LOT|FINAL CD INSPECTION|FINAL PARTICLE INSPECTION|PARAMETRIC TEST|SWITCHING TEST|FINAL LOT RELEASE|SHIP LOT|FINAL CD INSPECTION|FINAL PARTICLE INSPECTION|PARAMETRIC TEST|SWITCHING TEST|FINAL LOT RELEASE|SHIP LOT|IMPLANT P BODY|BREAKDOWN VOLTAGE TEST|SWITCHING TEST|FINAL LOT RELEASE|SHIP LOT|FINAL CD INSPECTION|FINAL PARTICLE INSPECTION|PARAMETRIC TEST|SWITCHING TEST|FINAL LOT RELEASE|SHIP LOT|FINAL CD INSPECTION|FINAL PARTICLE INSPECTION|PARAMETRIC TEST|LEAKAGE TEST|BREAKDOWN VOLTAGE TEST|SWITCHING TEST|FINAL LOT RELEASE|SHIP LOT|FINAL CD INSPECTION|FINAL PARTICLE INSPECTION|PARAMETRIC TEST
valid_0037,MEASURE VIA CD|DEPOSIT BARRIER METAL|DEPOSIT METAL SEED|FILL VIA METAL|CMP METAL|MEASURE VIA RESISTANCE|DEPOSIT METAL 1|ANNEAL METAL 1|SPIN COAT PHOTORESIST|SOFT BAKE|ALIGN MASK LEVEL 6|EXPOSE LITHO LEVEL 6|DEVELOP PHOTORESIST|METAL PATTERN INSPECTION|METAL ETCH DRY|STRIP RESIST|CLEAN AFTER METAL ETCH|MEASURE LINE WIDTH|DEPOSIT PASSIVATION|CURE PASSIVATION|MEASURE PASSIVATION QUALITY|OPEN BOND PAD WINDOW|OPEN PAD WINDOW LITHO|DEVELOP PAD WINDOW|PASSIVATION ETCH PAD OPENING|STRIP RESIST|CLEAN PAD OPENING|MEASURE PAD OPENING|BACKSIDE GRIND|MEASURE WAFER THICKNESS|BACKSIDE ETCH CLEAN|BACKSIDE RINSE|BACKSIDE DRY|BACKSIDE METALLIZATION PREP|DEPOSIT BACKSIDE METAL|BACKSIDE ANNEAL|MEASURE BACKSIDE CONTACT|FINAL CLEAN|FINAL THICKNESS MEASURE|FINAL GEOMETRY CHECK|FINAL CD INSPECTION|FINAL PARTICLE INSPECTION|PARAMETRIC TEST|LEAKAGE TEST|BREAKDOWN VOLTAGE TEST|SWITCHING TEST|WAFER SORT TEST|YIELD ANALYSIS|FINAL LOT RELEASE|PACKAGE PREPARATION|SHIP LOT|FINAL CD INSPECTION|FINAL PARTICLE INSPECTION|PARAMETRIC TEST|SWITCHING TEST|YIELD ANALYSIS|FINAL LOT RELEASE|SHIP LOT|FINAL CD INSPECTION|FINAL PARTICLE INSPECTION|PARAMETRIC TEST|SWITCHING TEST|WAFER SORT TEST|FINAL LOT RELEASE|SHIP LOT|FINAL CD INSPECTION|FINAL PARTICLE INSPECTION|PARAMETRIC TEST|SWITCHING TEST|WAFER SORT TEST|FINAL LOT RELEASE|SHIP LOT|FINAL CD INSPECTION|FINAL PARTICLE INSPECTION|PARAMETRIC TEST|SWITCHING TEST|FINAL LOT RELEASE|SHIP LOT|FINAL CD INSPECTION|FINAL PARTICLE INSPECTION
valid_0038,STRIP RESIST|CLEAN PAD OPENING|MEASURE PAD OPENING|BACKSIDE GRIND|MEASURE WAFER THICKNESS|BACKSIDE ETCH CLEAN|BACKSIDE RINSE|BACKSIDE DRY|BACKSIDE METALLIZATION PREP|DEPOSIT BACKSIDE METAL|BACKSIDE ANNEAL|MEASURE BACKSIDE CONTACT|FINAL CLEAN|FINAL THICKNESS MEASURE|FINAL GEOMETRY CHECK|FINAL CD INSPECTION|FINAL PARTICLE INSPECTION|PARAMETRIC TEST|LEAKAGE TEST|BREAKDOWN VOLTAGE TEST|SWITCHING TEST|WAFER SORT TEST|YIELD ANALYSIS|FINAL LOT RELEASE|PACKAGE PREPARATION|SHIP LOT|FINAL CD INSPECTION|FINAL PARTICLE INSPECTION|PARAMETRIC TEST|SWITCHING TEST|YIELD ANALYSIS|FINAL LOT RELEASE|SHIP LOT|FINAL CD INSPECTION|FINAL PARTICLE INSPECTION|PARAMETRIC TEST|SWITCHING TEST|WAFER SORT TEST|FINAL LOT RELEASE|SHIP LOT|FINAL CD INSPECTION|FINAL PARTICLE INSPECTION|PARAMETRIC TEST|SWITCHING TEST|WAFER SORT TEST|FINAL LOT RELEASE|SHIP LOT|FINAL CD INSPECTION|FINAL PARTICLE INSPECTION|PARAMETRIC TEST|SWITCHING TEST|FINAL LOT RELEASE|SHIP LOT|FINAL CD INSPECTION|FINAL PARTICLE INSPECTION|PARAMETRIC TEST|SWITCHING TEST|FINAL LOT RELEASE|SHIP LOT|FINAL CD INSPECTION|FINAL PARTICLE INSPECTION|PARAMETRIC TEST|SWITCHING TEST|FINAL LOT RELEASE|SHIP LOT|FINAL CD INSPECTION|FINAL PARTICLE INSPECTION|PARAMETRIC TEST|LEAKAGE TEST|BREAKDOWN VOLTAGE TEST|SWITCHING TEST|FINAL LOT RELEASE|SHIP LOT|FINAL CD INSPECTION|FINAL PARTICLE INSPECTION|PARAMETRIC TEST|SWITCHING TEST|WAFER SORT TEST|FINAL LOT RELEASE|SHIP LOT
valid_0039,CMP METAL|MEASURE VIA RESISTANCE|DEPOSIT METAL 1|ANNEAL METAL 1|SPIN COAT PHOTORESIST|SOFT BAKE|ALIGN MASK LEVEL 4|EXPOSE LITHO LEVEL 4|DEVELOP PHOTORESIST|METAL PATTERN INSPECTION|METAL ETCH DRY|STRIP RESIST|CLEAN AFTER METAL ETCH|MEASURE LINE WIDTH|DEPOSIT PASSIVATION|CURE PASSIVATION|MEASURE PASSIVATION QUALITY|OPEN BOND PAD WINDOW|OPEN PAD WINDOW LITHO|DEVELOP PAD WINDOW|PASSIVATION ETCH PAD OPENING|STRIP RESIST|CLEAN PAD OPENING|MEASURE PAD OPENING|BACKSIDE GRIND|MEASURE WAFER THICKNESS|BACKSIDE ETCH CLEAN|BACKSIDE RINSE|BACKSIDE DRY|BACKSIDE METALLIZATION PREP|DEPOSIT BACKSIDE METAL|BACKSIDE ANNEAL|FINAL CLEAN|FINAL THICKNESS MEASURE|FINAL GEOMETRY CHECK|FINAL OXIDE CHECK|FINAL CD INSPECTION|FINAL PARTICLE INSPECTION|PARAMETRIC TEST|LEAKAGE TEST|SWITCHING TEST|WAFER SORT TEST|YIELD ANALYSIS|FINAL LOT RELEASE|PACKAGE PREPARATION|SHIP LOT|FINAL CD INSPECTION|FINAL PARTICLE INSPECTION|PARAMETRIC TEST|SWITCHING TEST|WAFER SORT TEST|FINAL LOT RELEASE|SHIP LOT|FINAL CD INSPECTION|FINAL PARTICLE INSPECTION|PARAMETRIC TEST|SWITCHING TEST|YIELD ANALYSIS|FINAL LOT RELEASE|SHIP LOT|FINAL CD INSPECTION|FINAL PARTICLE INSPECTION|PARAMETRIC TEST|SWITCHING TEST|WAFER SORT TEST|FINAL LOT RELEASE|SHIP LOT|FINAL CD INSPECTION|FINAL PARTICLE INSPECTION|PARAMETRIC TEST|SWITCHING TEST|WAFER SORT TEST|FINAL LOT RELEASE|SHIP LOT|FINAL CD INSPECTION|FINAL PARTICLE INSPECTION|PARAMETRIC TEST|SWITCHING TEST|FINAL LOT RELEASE|SHIP LOT
valid_0040,MEASURE PAD OPENING|BACKSIDE GRIND|MEASURE WAFER THICKNESS|BACKSIDE ETCH CLEAN|BACKSIDE RINSE|BACKSIDE DRY|BACKSIDE METALLIZATION PREP|DEPOSIT BACKSIDE METAL|BACKSIDE ANNEAL|FINAL CLEAN|FINAL THICKNESS MEASURE|FINAL GEOMETRY CHECK|FINAL OXIDE CHECK|FINAL CD INSPECTION|FINAL PARTICLE INSPECTION|PARAMETRIC TEST|LEAKAGE TEST|SWITCHING TEST|WAFER SORT TEST|YIELD ANALYSIS|FINAL LOT RELEASE|PACKAGE PREPARATION|SHIP LOT|FINAL CD INSPECTION|FINAL PARTICLE INSPECTION|PARAMETRIC TEST|SWITCHING TEST|WAFER SORT TEST|FINAL LOT RELEASE|SHIP LOT|FINAL CD INSPECTION|FINAL PARTICLE INSPECTION|PARAMETRIC TEST|SWITCHING TEST|YIELD ANALYSIS|FINAL LOT RELEASE|SHIP LOT|FINAL CD INSPECTION|FINAL PARTICLE INSPECTION|PARAMETRIC TEST|SWITCHING TEST|WAFER SORT TEST|FINAL LOT RELEASE|SHIP LOT|FINAL CD INSPECTION|FINAL PARTICLE INSPECTION|PARAMETRIC TEST|SWITCHING TEST|WAFER SORT TEST|FINAL LOT RELEASE|SHIP LOT|FINAL CD INSPECTION|FINAL PARTICLE INSPECTION|PARAMETRIC TEST|SWITCHING TEST|FINAL LOT RELEASE|SHIP LOT|IMPLANT P BODY|BREAKDOWN VOLTAGE TEST|SWITCHING TEST|FINAL LOT RELEASE|SHIP LOT|FINAL CD INSPECTION|FINAL PARTICLE INSPECTION|PARAMETRIC TEST|SWITCHING TEST|FINAL LOT RELEASE|SHIP LOT|FINAL CD INSPECTION|FINAL PARTICLE INSPECTION|PARAMETRIC TEST|SWITCHING TEST|FINAL LOT RELEASE|SHIP LOT|FINAL CD INSPECTION|FINAL PARTICLE INSPECTION|PARAMETRIC TEST|SWITCHING TEST|FINAL LOT RELEASE|SHIP LOT
valid_0041,MEASURE VIA CD|DEPOSIT BARRIER METAL|DEPOSIT TUNGSTEN SEED|FILL VIA TUNGSTEN|CMP METAL|MEASURE VIA RESISTANCE|DEPOSIT TOP METAL|ANNEAL METAL 1|SPIN COAT PHOTORESIST|SOFT BAKE|ALIGN MASK LEVEL 6|EXPOSE LITHO LEVEL 6|DEVELOP PHOTORESIST|METAL PATTERN INSPECTION|METAL ETCH DRY|STRIP RESIST|CLEAN AFTER METAL ETCH|MEASURE LINE WIDTH|DEPOSIT PASSIVATION|CURE PASSIVATION|MEASURE PASSIVATION QUALITY|OPEN BOND PAD WINDOW|OPEN PAD WINDOW LITHO|DEVELOP PAD WINDOW|PASSIVATION ETCH PAD OPENING|STRIP RESIST|CLEAN PAD OPENING|MEASURE PAD OPENING|BACKSIDE GRIND|MEASURE WAFER THICKNESS|BACKSIDE ETCH CLEAN|BACKSIDE RINSE|BACKSIDE DRY|BACKSIDE METALLIZATION PREP|DEPOSIT BACKSIDE METAL|BACKSIDE ANNEAL|MEASURE BACKSIDE CONTACT|FINAL CLEAN|FINAL THICKNESS MEASURE|FINAL GEOMETRY CHECK|FINAL CD INSPECTION|FINAL PARTICLE INSPECTION|PARAMETRIC TEST|LEAKAGE TEST|BREAKDOWN VOLTAGE TEST|SWITCHING TEST|WAFER SORT TEST|YIELD ANALYSIS|FINAL LOT RELEASE|SHIP LOT|FINAL CD INSPECTION|FINAL PARTICLE INSPECTION|PARAMETRIC TEST|SWITCHING TEST|WAFER SORT TEST|FINAL LOT RELEASE|SHIP LOT|FINAL CD INSPECTION|FINAL PARTICLE INSPECTION|ELECTRICAL PARAMETRIC TEST|LEAKAGE TEST|BREAKDOWN VOLTAGE TEST|SWITCHING TEST|YIELD ANALYSIS|FINAL LOT RELEASE|SHIP LOT|FINAL CD INSPECTION|FINAL PARTICLE INSPECTION|PARAMETRIC TEST|SWITCHING TEST|WAFER SORT TEST|FINAL LOT RELEASE|SHIP LOT|FINAL CD INSPECTION|FINAL PARTICLE INSPECTION|PARAMETRIC TEST|SWITCHING TEST|FINAL LOT RELEASE|SHIP LOT|FINAL CD INSPECTION
valid_0042,DEVELOP PAD WINDOW|PASSIVATION ETCH PAD OPENING|STRIP RESIST|CLEAN PAD OPENING|MEASURE PAD OPENING|BACKSIDE GRIND|MEASURE WAFER THICKNESS|BACKSIDE ETCH CLEAN|BACKSIDE RINSE|BACKSIDE DRY|BACKSIDE METALLIZATION PREP|DEPOSIT BACKSIDE METAL|BACKSIDE ANNEAL|MEASURE BACKSIDE CONTACT|FINAL CLEAN|FINAL THICKNESS MEASURE|FINAL GEOMETRY CHECK|FINAL CD INSPECTION|FINAL PARTICLE INSPECTION|PARAMETRIC TEST|LEAKAGE TEST|BREAKDOWN VOLTAGE TEST|SWITCHING TEST|WAFER SORT TEST|YIELD ANALYSIS|FINAL LOT RELEASE|PACKAGE PREPARATION|SHIP LOT|FINAL CD INSPECTION|FINAL PARTICLE INSPECTION|PARAMETRIC TEST|SWITCHING TEST|YIELD ANALYSIS|FINAL LOT RELEASE|SHIP LOT|FINAL CD INSPECTION|FINAL PARTICLE INSPECTION|PARAMETRIC TEST|SWITCHING TEST|WAFER SORT TEST|FINAL LOT RELEASE|SHIP LOT|FINAL CD INSPECTION|FINAL PARTICLE INSPECTION|PARAMETRIC TEST|SWITCHING TEST|WAFER SORT TEST|FINAL LOT RELEASE|SHIP LOT|FINAL CD INSPECTION|FINAL PARTICLE INSPECTION|PARAMETRIC TEST|SWITCHING TEST|FINAL LOT RELEASE|SHIP LOT|FINAL CD INSPECTION|FINAL PARTICLE INSPECTION|PARAMETRIC TEST|SWITCHING TEST|FINAL LOT RELEASE|SHIP LOT|FINAL CD INSPECTION|FINAL PARTICLE INSPECTION|PARAMETRIC TEST|SWITCHING TEST|FINAL LOT RELEASE|SHIP LOT|FINAL CD INSPECTION|FINAL PARTICLE INSPECTION|PARAMETRIC TEST|LEAKAGE TEST|BREAKDOWN VOLTAGE TEST|SWITCHING TEST|FINAL LOT RELEASE|SHIP LOT|FINAL CD INSPECTION|FINAL PARTICLE INSPECTION|PARAMETRIC TEST|SWITCHING TEST|WAFER SORT TEST
valid_0043,MEASURE VIA CD|DEPOSIT BARRIER METAL|DEPOSIT METAL SEED|FILL VIA METAL|CMP METAL|MEASURE VIA RESISTANCE|DEPOSIT METAL 1|ANNEAL METAL 1|SPIN COAT PHOTORESIST|SOFT BAKE|ALIGN MASK LEVEL 6|EXPOSE LITHO LEVEL 6|DEVELOP PHOTORESIST|METAL PATTERN INSPECTION|METAL ETCH DRY|STRIP RESIST|CLEAN AFTER METAL ETCH|MEASURE LINE WIDTH|DEPOSIT PASSIVATION|CURE PASSIVATION|MEASURE PASSIVATION QUALITY|OPEN BOND PAD WINDOW|OPEN PAD WINDOW LITHO|DEVELOP PAD WINDOW|PASSIVATION ETCH PAD OPENING|STRIP RESIST|CLEAN PAD OPENING|MEASURE PAD OPENING|BACKSIDE GRIND|MEASURE WAFER THICKNESS|BACKSIDE ETCH CLEAN|BACKSIDE RINSE|BACKSIDE DRY|BACKSIDE METALLIZATION PREP|DEPOSIT BACKSIDE METAL|BACKSIDE ANNEAL|MEASURE BACKSIDE CONTACT|FINAL CLEAN|FINAL THICKNESS MEASURE|FINAL GEOMETRY CHECK|FINAL CD INSPECTION|FINAL PARTICLE INSPECTION|PARAMETRIC TEST|LEAKAGE TEST|BREAKDOWN VOLTAGE TEST|SWITCHING TEST|WAFER SORT TEST|YIELD ANALYSIS|FINAL LOT RELEASE|SHIP LOT|FINAL CD INSPECTION|FINAL PARTICLE INSPECTION|PARAMETRIC TEST|SWITCHING TEST|WAFER SORT TEST|FINAL LOT RELEASE|SHIP LOT|FINAL CD INSPECTION|FINAL PARTICLE INSPECTION|PARAMETRIC TEST|SWITCHING TEST|WAFER SORT TEST|FINAL LOT RELEASE|SHIP LOT|FINAL CD INSPECTION|FINAL PARTICLE INSPECTION|PARAMETRIC TEST|SWITCHING TEST|WAFER SORT TEST|FINAL LOT RELEASE|SHIP LOT|FINAL CD INSPECTION|FINAL PARTICLE INSPECTION|PARAMETRIC TEST|SWITCHING TEST|WAFER SORT TEST|FINAL LOT RELEASE|SHIP LOT|FINAL CD INSPECTION|FINAL PARTICLE INSPECTION
valid_0044,PASSIVATION ETCH|STRIP RESIST|CLEAN PAD OPENING|MEASURE PAD OPENING|BACKSIDE GRIND|MEASURE WAFER THICKNESS|BACKSIDE ETCH CLEAN|BACKSIDE RINSE|BACKSIDE DRY|BACKSIDE METALLIZATION PREP|DEPOSIT BACKSIDE METAL|BACKSIDE ANNEAL|MEASURE BACKSIDE CONTACT|FINAL CLEAN|FINAL THICKNESS MEASURE|FINAL GEOMETRY CHECK|FINAL CD INSPECTION|FINAL PARTICLE INSPECTION|PARAMETRIC TEST|LEAKAGE TEST|BREAKDOWN VOLTAGE TEST|SWITCHING TEST|YIELD ANALYSIS|WAFER SORT TEST|FINAL LOT RELEASE|SHIP LOT|FINAL CD INSPECTION|FINAL PARTICLE INSPECTION|PARAMETRIC TEST|SWITCHING TEST|WAFER SORT TEST|FINAL LOT RELEASE|SHIP LOT|FINAL CD INSPECTION|FINAL PARTICLE INSPECTION|PARAMETRIC TEST|SWITCHING TEST|WAFER SORT TEST|FINAL LOT RELEASE|SHIP LOT|FINAL CD INSPECTION|FINAL PARTICLE INSPECTION|PARAMETRIC TEST|SWITCHING TEST|WAFER SORT TEST|FINAL LOT RELEASE|SHIP LOT|FINAL CD INSPECTION|FINAL PARTICLE INSPECTION|PARAMETRIC TEST|SWITCHING TEST|WAFER SORT TEST|FINAL LOT RELEASE|SHIP LOT|FINAL CD INSPECTION|FINAL PARTICLE INSPECTION|PARAMETRIC TEST|SWITCHING TEST|FINAL LOT RELEASE|SHIP LOT|FINAL CD INSPECTION|FINAL PARTICLE INSPECTION|PARAMETRIC TEST|LEAKAGE TEST|BREAKDOWN VOLTAGE TEST|SWITCHING TEST|FINAL LOT RELEASE|SHIP LOT|FINAL CD INSPECTION|FINAL PARTICLE INSPECTION|PARAMETRIC TEST|SWITCHING TEST|FINAL LOT RELEASE|SHIP LOT|FINAL CD INSPECTION|FINAL PARTICLE INSPECTION|PARAMETRIC TEST|SWITCHING TEST|WAFER SORT TEST|FINAL LOT RELEASE
valid_0045,MEASURE VIA CD|DEPOSIT BARRIER METAL|DEPOSIT METAL SEED|FILL VIA METAL|CMP METAL|MEASURE VIA RESISTANCE|DEPOSIT METAL 1|ANNEAL METAL 1|SPIN COAT PHOTORESIST|SOFT BAKE|ALIGN MASK LEVEL 6|EXPOSE LITHO LEVEL 6|DEVELOP PHOTORESIST|METAL PATTERN INSPECTION|METAL ETCH DRY|STRIP RESIST|CLEAN AFTER METAL ETCH|MEASURE LINE WIDTH|DEPOSIT PASSIVATION|CURE PASSIVATION|MEASURE PASSIVATION QUALITY|OPEN BOND PAD WINDOW|OPEN PAD WINDOW LITHO|DEVELOP PAD WINDOW|PASSIVATION ETCH PAD OPENING|STRIP RESIST|CLEAN PAD OPENING|MEASURE PAD OPENING|BACKSIDE GRIND|MEASURE WAFER THICKNESS|BACKSIDE ETCH CLEAN|BACKSIDE RINSE|BACKSIDE DRY|BACKSIDE METALLIZATION PREP|DEPOSIT BACKSIDE METAL|BACKSIDE ANNEAL|MEASURE BACKSIDE CONTACT|FINAL CLEAN|FINAL THICKNESS MEASURE|FINAL GEOMETRY CHECK|FINAL CD INSPECTION|FINAL PARTICLE INSPECTION|PARAMETRIC TEST|LEAKAGE TEST|BREAKDOWN VOLTAGE TEST|SWITCHING TEST|YIELD ANALYSIS|WAFER SORT TEST|FINAL LOT RELEASE|PACKAGE PREPARATION|SHIP LOT|FINAL CD INSPECTION|FINAL PARTICLE INSPECTION|PARAMETRIC TEST|SWITCHING TEST|WAFER SORT TEST|FINAL LOT RELEASE|SHIP LOT|FINAL CD INSPECTION|FINAL PARTICLE INSPECTION|PARAMETRIC TEST|SWITCHING TEST|WAFER SORT TEST|FINAL LOT RELEASE|SHIP LOT|FINAL CD INSPECTION|FINAL PARTICLE INSPECTION|PARAMETRIC TEST|SWITCHING TEST|WAFER SORT TEST|FINAL LOT RELEASE|SHIP LOT|FINAL CD INSPECTION|FINAL PARTICLE INSPECTION|PARAMETRIC TEST|SWITCHING TEST|WAFER SORT TEST|FINAL LOT RELEASE|SHIP LOT|FINAL CD INSPECTION
valid_0046,PASSIVATION ETCH PAD OPENING|STRIP RESIST|CLEAN PAD OPENING|MEASURE PAD OPENING|BACKSIDE GRIND|MEASURE WAFER THICKNESS|BACKSIDE ETCH CLEAN|BACKSIDE RINSE|BACKSIDE DRY|BACKSIDE METALLIZATION PREP|DEPOSIT BACKSIDE METAL|BACKSIDE ANNEAL|MEASURE BACKSIDE CONTACT|FINAL CLEAN|FINAL THICKNESS MEASURE|FINAL GEOMETRY CHECK|FINAL CD INSPECTION|FINAL PARTICLE INSPECTION|PARAMETRIC TEST|LEAKAGE TEST|BREAKDOWN VOLTAGE TEST|SWITCHING TEST|YIELD ANALYSIS|WAFER SORT TEST|FINAL LOT RELEASE|SHIP LOT|FINAL CD INSPECTION|FINAL PARTICLE INSPECTION|PARAMETRIC TEST|SWITCHING TEST|WAFER SORT TEST|FINAL LOT RELEASE|SHIP LOT|FINAL CD INSPECTION|FINAL PARTICLE INSPECTION|PARAMETRIC TEST|SWITCHING TEST|WAFER SORT TEST|FINAL LOT RELEASE|SHIP LOT|FINAL CD INSPECTION|FINAL PARTICLE INSPECTION|PARAMETRIC TEST|SWITCHING TEST|WAFER SORT TEST|FINAL LOT RELEASE|SHIP LOT|FINAL CD INSPECTION|FINAL PARTICLE INSPECTION|PARAMETRIC TEST|LEAKAGE TEST|BREAKDOWN VOLTAGE TEST|SWITCHING TEST|FINAL LOT RELEASE|SHIP LOT|IMPLANT P BODY|BREAKDOWN VOLTAGE TEST|SWITCHING TEST|WAFER SORT TEST|FINAL LOT RELEASE|SHIP LOT|FINAL CD INSPECTION|FINAL PARTICLE INSPECTION|PARAMETRIC TEST|SWITCHING TEST|FINAL LOT RELEASE|SHIP LOT|FINAL CD INSPECTION|FINAL PARTICLE INSPECTION|PARAMETRIC TEST|SWITCHING TEST|FINAL LOT RELEASE|SHIP LOT|FINAL CD INSPECTION|FINAL PARTICLE INSPECTION|PARAMETRIC TEST|SWITCHING TEST|WAFER SORT TEST|FINAL LOT RELEASE|SHIP LOT
valid_0047,DEPOSIT METAL SEED|FILL VIA METAL|CMP METAL|MEASURE VIA RESISTANCE|DEPOSIT TOP METAL|ANNEAL METAL 1|SPIN COAT PHOTORESIST|SOFT BAKE|ALIGN MASK LEVEL 6|EXPOSE LITHO LEVEL 6|DEVELOP PHOTORESIST|METAL PATTERN INSPECTION|METAL ETCH DRY|STRIP RESIST|CLEAN AFTER METAL ETCH|MEASURE LINE WIDTH|DEPOSIT PASSIVATION|CURE PASSIVATION|MEASURE PASSIVATION QUALITY|OPEN BOND PAD WINDOW|OPEN PAD WINDOW LITHO|DEVELOP PAD WINDOW|PASSIVATION ETCH PAD OPENING|STRIP RESIST|CLEAN PAD OPENING|MEASURE PAD OPENING|BACKSIDE GRIND|MEASURE WAFER THICKNESS|BACKSIDE ETCH CLEAN|BACKSIDE RINSE|BACKSIDE DRY|BACKSIDE METALLIZATION PREP|DEPOSIT BACKSIDE METAL|BACKSIDE ANNEAL|MEASURE BACKSIDE CONTACT|FINAL CLEAN|FINAL THICKNESS MEASURE|FINAL GEOMETRY CHECK|FINAL CD INSPECTION|FINAL PARTICLE INSPECTION|PARAMETRIC TEST|LEAKAGE TEST|BREAKDOWN VOLTAGE TEST|SWITCHING TEST|WAFER SORT TEST|YIELD ANALYSIS|FINAL LOT RELEASE|SHIP LOT|FINAL CD INSPECTION|FINAL PARTICLE INSPECTION|PARAMETRIC TEST|SWITCHING TEST|WAFER SORT TEST|FINAL LOT RELEASE|SHIP LOT|FINAL CD INSPECTION|FINAL PARTICLE INSPECTION|PARAMETRIC TEST|SWITCHING TEST|YIELD ANALYSIS|FINAL LOT RELEASE|SHIP LOT|FINAL CD INSPECTION|FINAL PARTICLE INSPECTION|PARAMETRIC TEST|SWITCHING TEST|WAFER SORT TEST|FINAL LOT RELEASE|SHIP LOT|FINAL CD INSPECTION|FINAL PARTICLE INSPECTION|PARAMETRIC TEST|LEAKAGE TEST|BREAKDOWN VOLTAGE TEST|SWITCHING TEST|FINAL LOT RELEASE|SHIP LOT|FINAL CD INSPECTION|FINAL PARTICLE INSPECTION|PARAMETRIC TEST
valid_0048,STRIP RESIST|CLEAN PAD OPENING|MEASURE PAD OPENING|BACKSIDE GRIND|MEASURE WAFER THICKNESS|BACKSIDE ETCH CLEAN|BACKSIDE RINSE|BACKSIDE DRY|BACKSIDE METALLIZATION PREP|DEPOSIT BACKSIDE METAL|BACKSIDE ANNEAL|MEASURE BACKSIDE CONTACT|FINAL CLEAN|FINAL THICKNESS MEASURE|FINAL GEOMETRY CHECK|FINAL CD INSPECTION|FINAL PARTICLE INSPECTION|PARAMETRIC TEST|LEAKAGE TEST|BREAKDOWN VOLTAGE TEST|SWITCHING TEST|YIELD ANALYSIS|WAFER SORT TEST|FINAL LOT RELEASE|SHIP LOT|FINAL CD INSPECTION|FINAL PARTICLE INSPECTION|PARAMETRIC TEST|SWITCHING TEST|WAFER SORT TEST|FINAL LOT RELEASE|SHIP LOT|FINAL CD INSPECTION|FINAL PARTICLE INSPECTION|PARAMETRIC TEST|SWITCHING TEST|WAFER SORT TEST|FINAL LOT RELEASE|SHIP LOT|FINAL CD INSPECTION|FINAL PARTICLE INSPECTION|PARAMETRIC TEST|SWITCHING TEST|WAFER SORT TEST|FINAL LOT RELEASE|SHIP LOT|FINAL CD INSPECTION|FINAL PARTICLE INSPECTION|PARAMETRIC TEST|SWITCHING TEST|WAFER SORT TEST|FINAL LOT RELEASE|SHIP LOT|FINAL CD INSPECTION|FINAL PARTICLE INSPECTION|PARAMETRIC TEST|SWITCHING TEST|FINAL LOT RELEASE|SHIP LOT|FINAL CD INSPECTION|FINAL PARTICLE INSPECTION|PARAMETRIC TEST|LEAKAGE TEST|BREAKDOWN VOLTAGE TEST|SWITCHING TEST|FINAL LOT RELEASE|SHIP LOT|FINAL CD INSPECTION|FINAL PARTICLE INSPECTION|PARAMETRIC TEST|SWITCHING TEST|FINAL LOT RELEASE|SHIP LOT|FINAL CD INSPECTION|FINAL PARTICLE INSPECTION|PARAMETRIC TEST|SWITCHING TEST|WAFER SORT TEST|FINAL LOT RELEASE|SHIP LOT
valid_0049,DEPOSIT BARRIER METAL|DEPOSIT METAL SEED|FILL VIA METAL|CMP METAL|MEASURE VIA RESISTANCE|DEPOSIT METAL 1|ANNEAL METAL 1|SPIN COAT PHOTORESIST|SOFT BAKE|ALIGN MASK LEVEL 6|EXPOSE LITHO LEVEL 6|DEVELOP PHOTORESIST|METAL PATTERN INSPECTION|METAL ETCH DRY|STRIP RESIST|CLEAN AFTER METAL ETCH|MEASURE LINE WIDTH|DEPOSIT PASSIVATION|CURE PASSIVATION|MEASURE PASSIVATION QUALITY|OPEN BOND PAD WINDOW|OPEN PAD WINDOW LITHO|DEVELOP PAD WINDOW|PASSIVATION ETCH PAD OPENING|STRIP RESIST|CLEAN PAD OPENING|MEASURE PAD OPENING|BACKSIDE GRIND|MEASURE WAFER THICKNESS|BACKSIDE ETCH CLEAN|BACKSIDE RINSE|BACKSIDE DRY|BACKSIDE METALLIZATION PREP|DEPOSIT BACKSIDE METAL|BACKSIDE ANNEAL|MEASURE BACKSIDE CONTACT|FINAL CLEAN|FINAL THICKNESS MEASURE|FINAL GEOMETRY CHECK|FINAL CD INSPECTION|FINAL PARTICLE INSPECTION|PARAMETRIC TEST|LEAKAGE TEST|BREAKDOWN VOLTAGE TEST|SWITCHING TEST|YIELD ANALYSIS|WAFER SORT TEST|FINAL LOT RELEASE|SHIP LOT|FINAL CD INSPECTION|FINAL PARTICLE INSPECTION|PARAMETRIC TEST|SWITCHING TEST|WAFER SORT TEST|FINAL LOT RELEASE|SHIP LOT|FINAL CD INSPECTION|FINAL PARTICLE INSPECTION|PARAMETRIC TEST|SWITCHING TEST|WAFER SORT TEST|FINAL LOT RELEASE|SHIP LOT|FINAL CD INSPECTION|FINAL PARTICLE INSPECTION|PARAMETRIC TEST|SWITCHING TEST|WAFER SORT TEST|FINAL LOT RELEASE|SHIP LOT|FINAL CD INSPECTION|FINAL PARTICLE INSPECTION|PARAMETRIC TEST|SWITCHING TEST|WAFER SORT TEST|FINAL LOT RELEASE|SHIP LOT|FINAL CD INSPECTION|FINAL PARTICLE INSPECTION|PARAMETRIC TEST
valid_0050,PASSIVATION ETCH PAD OPENING|STRIP RESIST|CLEAN PAD OPENING|MEASURE PAD OPENING|BACKSIDE GRIND|MEASURE WAFER THICKNESS|BACKSIDE ETCH CLEAN|BACKSIDE RINSE|BACKSIDE DRY|BACKSIDE METALLIZATION PREP|DEPOSIT BACKSIDE METAL|BACKSIDE ANNEAL|MEASURE BACKSIDE CONTACT|FINAL CLEAN|FINAL THICKNESS MEASURE|FINAL GEOMETRY CHECK|FINAL CD INSPECTION|FINAL PARTICLE INSPECTION|ELECTRICAL PARAMETRIC TEST|LEAKAGE TEST|BREAKDOWN VOLTAGE TEST|SWITCHING TEST|YIELD ANALYSIS|WAFER SORT TEST|FINAL LOT RELEASE|SHIP LOT|FINAL CD INSPECTION|FINAL PARTICLE INSPECTION|ELECTRICAL PARAMETRIC TEST|LEAKAGE TEST|BREAKDOWN VOLTAGE TEST|SWITCHING TEST|WAFER SORT TEST|FINAL LOT RELEASE|SHIP LOT|FINAL CD INSPECTION|FINAL PARTICLE INSPECTION|PARAMETRIC TEST|SWITCHING TEST|WAFER SORT TEST|FINAL LOT RELEASE|SHIP LOT|FINAL CD INSPECTION|FINAL PARTICLE INSPECTION|PARAMETRIC TEST|SWITCHING TEST|WAFER SORT TEST|FINAL LOT RELEASE|SHIP LOT|FINAL CD INSPECTION|FINAL PARTICLE INSPECTION|PARAMETRIC TEST|SWITCHING TEST|FINAL LOT RELEASE|SHIP LOT|FINAL CD INSPECTION|FINAL PARTICLE INSPECTION|PARAMETRIC TEST|SWITCHING TEST|FINAL LOT RELEASE|SHIP LOT|FINAL CD INSPECTION|FINAL PARTICLE INSPECTION|PARAMETRIC TEST|SWITCHING TEST|FINAL LOT RELEASE|SHIP LOT|FINAL CD INSPECTION|FINAL PARTICLE INSPECTION|PARAMETRIC TEST|SWITCHING TEST|FINAL LOT RELEASE|SHIP LOT|FINAL CD INSPECTION|FINAL PARTICLE INSPECTION|PARAMETRIC TEST|SWITCHING TEST|WAFER SORT TEST|FINAL LOT RELEASE|SHIP LOT
valid_0051,DEPOSIT BARRIER METAL|DEPOSIT METAL SEED|FILL VIA METAL|CMP METAL|MEASURE VIA RESISTANCE|DEPOSIT TOP METAL|ANNEAL METAL 1|SPIN COAT PHOTORESIST|SOFT BAKE|ALIGN MASK LEVEL 6|EXPOSE LITHO LEVEL 6|DEVELOP PHOTORESIST|METAL PATTERN INSPECTION|METAL ETCH DRY|STRIP RESIST|CLEAN AFTER METAL ETCH|MEASURE LINE WIDTH|DEPOSIT PASSIVATION|CURE PASSIVATION|MEASURE PASSIVATION QUALITY|OPEN BOND PAD WINDOW|OPEN PAD WINDOW LITHO|DEVELOP PAD WINDOW|PASSIVATION ETCH|STRIP RESIST|CLEAN PAD OPENING|MEASURE PAD OPENING|BACKSIDE GRIND|MEASURE WAFER THICKNESS|BACKSIDE ETCH CLEAN|BACKSIDE RINSE|BACKSIDE DRY|BACKSIDE METALLIZATION PREP|DEPOSIT BACKSIDE METAL|BACKSIDE ANNEAL|MEASURE BACKSIDE CONTACT|FINAL CLEAN|FINAL THICKNESS MEASURE|FINAL GEOMETRY CHECK|FINAL CD INSPECTION|FINAL PARTICLE INSPECTION|PARAMETRIC TEST|LEAKAGE TEST|BREAKDOWN VOLTAGE TEST|SWITCHING TEST|WAFER SORT TEST|YIELD ANALYSIS|FINAL LOT RELEASE|SHIP LOT|FINAL CD INSPECTION|FINAL PARTICLE INSPECTION|PARAMETRIC TEST|SWITCHING TEST|WAFER SORT TEST|FINAL LOT RELEASE|SHIP LOT|FINAL CD INSPECTION|FINAL PARTICLE INSPECTION|PARAMETRIC TEST|SWITCHING TEST|YIELD ANALYSIS|FINAL LOT RELEASE|SHIP LOT|FINAL CD INSPECTION|FINAL PARTICLE INSPECTION|PARAMETRIC TEST|SWITCHING TEST|WAFER SORT TEST|FINAL LOT RELEASE|SHIP LOT|FINAL CD INSPECTION|FINAL PARTICLE INSPECTION|PARAMETRIC TEST|LEAKAGE TEST|BREAKDOWN VOLTAGE TEST|SWITCHING TEST|FINAL LOT RELEASE|SHIP LOT|FINAL CD INSPECTION|FINAL PARTICLE INSPECTION
valid_0052,STRIP RESIST|CLEAN PAD OPENING|MEASURE PAD OPENING|BACKSIDE GRIND|MEASURE WAFER THICKNESS|BACKSIDE ETCH CLEAN|BACKSIDE RINSE|BACKSIDE DRY|BACKSIDE METALLIZATION PREP|DEPOSIT BACKSIDE METAL|BACKSIDE ANNEAL|MEASURE BACKSIDE CONTACT|FINAL CLEAN|FINAL THICKNESS MEASURE|FINAL GEOMETRY CHECK|FINAL CD INSPECTION|FINAL PARTICLE INSPECTION|PARAMETRIC TEST|LEAKAGE TEST|BREAKDOWN VOLTAGE TEST|SWITCHING TEST|WAFER SORT TEST|YIELD ANALYSIS|FINAL LOT RELEASE|PACKAGE PREPARATION|SHIP LOT|FINAL CD INSPECTION|FINAL PARTICLE INSPECTION|PARAMETRIC TEST|SWITCHING TEST|YIELD ANALYSIS|FINAL LOT RELEASE|SHIP LOT|FINAL CD INSPECTION|FINAL PARTICLE INSPECTION|PARAMETRIC TEST|SWITCHING TEST|WAFER SORT TEST|FINAL LOT RELEASE|SHIP LOT|FINAL CD INSPECTION|FINAL PARTICLE INSPECTION|PARAMETRIC TEST|SWITCHING TEST|WAFER SORT TEST|FINAL LOT RELEASE|SHIP LOT|FINAL CD INSPECTION|FINAL PARTICLE INSPECTION|PARAMETRIC TEST|SWITCHING TEST|FINAL LOT RELEASE|SHIP LOT|FINAL CD INSPECTION|FINAL PARTICLE INSPECTION|PARAMETRIC TEST|SWITCHING TEST|FINAL LOT RELEASE|SHIP LOT|FINAL CD INSPECTION|FINAL PARTICLE INSPECTION|PARAMETRIC TEST|SWITCHING TEST|FINAL LOT RELEASE|SHIP LOT|FINAL CD INSPECTION|FINAL PARTICLE INSPECTION|PARAMETRIC TEST|LEAKAGE TEST|BREAKDOWN VOLTAGE TEST|SWITCHING TEST|FINAL LOT RELEASE|SHIP LOT|FINAL CD INSPECTION|FINAL PARTICLE INSPECTION|PARAMETRIC TEST|SWITCHING TEST|WAFER SORT TEST|FINAL LOT RELEASE|SHIP LOT
valid_0053,CLEAN AFTER VIA ETCH|MEASURE VIA CD|DEPOSIT BARRIER METAL|DEPOSIT METAL SEED|FILL VIA METAL|CMP METAL|MEASURE VIA RESISTANCE|DEPOSIT METAL 1|ANNEAL METAL 1|SPIN COAT PHOTORESIST|SOFT BAKE|ALIGN MASK LEVEL 6|EXPOSE LITHO LEVEL 6|DEVELOP PHOTORESIST|METAL PATTERN INSPECTION|METAL ETCH DRY|STRIP RESIST|CLEAN AFTER METAL ETCH|MEASURE LINE WIDTH|DEPOSIT PASSIVATION|CURE PASSIVATION|MEASURE PASSIVATION QUALITY|OPEN BOND PAD WINDOW|OPEN PAD WINDOW LITHO|DEVELOP PAD WINDOW|PASSIVATION ETCH PAD OPENING|STRIP RESIST|CLEAN PAD OPENING|MEASURE PAD OPENING|BACKSIDE GRIND|MEASURE WAFER THICKNESS|BACKSIDE ETCH CLEAN|BACKSIDE RINSE|BACKSIDE DRY|BACKSIDE METALLIZATION PREP|DEPOSIT BACKSIDE METAL|BACKSIDE ANNEAL|MEASURE BACKSIDE CONTACT|FINAL CLEAN|FINAL THICKNESS MEASURE|FINAL GEOMETRY CHECK|FINAL CD INSPECTION|FINAL PARTICLE INSPECTION|PARAMETRIC TEST|LEAKAGE TEST|BREAKDOWN VOLTAGE TEST|SWITCHING TEST|YIELD ANALYSIS|WAFER SORT TEST|FINAL LOT RELEASE|SHIP LOT|FINAL CD INSPECTION|FINAL PARTICLE INSPECTION|PARAMETRIC TEST|SWITCHING TEST|WAFER SORT TEST|FINAL LOT RELEASE|SHIP LOT|FINAL CD INSPECTION|FINAL PARTICLE INSPECTION|PARAMETRIC TEST|SWITCHING TEST|WAFER SORT TEST|FINAL LOT RELEASE|SHIP LOT|FINAL CD INSPECTION|FINAL PARTICLE INSPECTION|PARAMETRIC TEST|SWITCHING TEST|WAFER SORT TEST|FINAL LOT RELEASE|SHIP LOT|FINAL CD INSPECTION|FINAL PARTICLE INSPECTION|PARAMETRIC TEST|SWITCHING TEST|FINAL LOT RELEASE|SHIP LOT|IMPLANT P BODY|BREAKDOWN VOLTAGE TEST
valid_0054,PASSIVATION ETCH PAD OPENING|STRIP RESIST|CLEAN PAD OPENING|MEASURE PAD OPENING|BACKSIDE GRIND|MEASURE WAFER THICKNESS|BACKSIDE ETCH CLEAN|BACKSIDE RINSE|BACKSIDE DRY|BACKSIDE METALLIZATION PREP|DEPOSIT BACKSIDE METAL|BACKSIDE ANNEAL|MEASURE BACKSIDE CONTACT|FINAL CLEAN|FINAL THICKNESS MEASURE|FINAL GEOMETRY CHECK|FINAL CD INSPECTION|FINAL PARTICLE INSPECTION|ELECTRICAL PARAMETRIC TEST|LEAKAGE TEST|BREAKDOWN VOLTAGE TEST|SWITCHING TEST|YIELD ANALYSIS|WAFER SORT TEST|FINAL LOT RELEASE|SHIP LOT|FINAL CD INSPECTION|FINAL PARTICLE INSPECTION|ELECTRICAL PARAMETRIC TEST|LEAKAGE TEST|BREAKDOWN VOLTAGE TEST|SWITCHING TEST|YIELD ANALYSIS|FINAL LOT RELEASE|SHIP LOT|FINAL CD INSPECTION|FINAL PARTICLE INSPECTION|PARAMETRIC TEST|SWITCHING TEST|WAFER SORT TEST|FINAL LOT RELEASE|SHIP LOT|FINAL CD INSPECTION|FINAL PARTICLE INSPECTION|PARAMETRIC TEST|SWITCHING TEST|FINAL LOT RELEASE|SHIP LOT|FINAL CD INSPECTION|FINAL PARTICLE INSPECTION|PARAMETRIC TEST|SWITCHING TEST|FINAL LOT RELEASE|SHIP LOT|IMPLANT P BODY|BREAKDOWN VOLTAGE TEST|SWITCHING TEST|WAFER SORT TEST|FINAL LOT RELEASE|SHIP LOT|FINAL CD INSPECTION|FINAL PARTICLE INSPECTION|PARAMETRIC TEST|SWITCHING TEST|FINAL LOT RELEASE|SHIP LOT|FINAL CD INSPECTION|FINAL PARTICLE INSPECTION|PARAMETRIC TEST|SWITCHING TEST|FINAL LOT RELEASE|SHIP LOT|FINAL CD INSPECTION|FINAL PARTICLE INSPECTION|PARAMETRIC TEST|SWITCHING TEST|WAFER SORT TEST|FINAL LOT RELEASE|SHIP LOT|FINAL CD INSPECTION
valid_0055,DEPOSIT TUNGSTEN SEED|FILL VIA TUNGSTEN|CMP METAL|MEASURE VIA RESISTANCE|DEPOSIT TOP METAL|ANNEAL METAL 1|SPIN COAT PHOTORESIST|SOFT BAKE|ALIGN MASK LEVEL 6|EXPOSE LITHO LEVEL 6|DEVELOP PHOTORESIST|METAL PATTERN INSPECTION|METAL ETCH DRY|STRIP RESIST|CLEAN AFTER METAL ETCH|MEASURE LINE WIDTH|DEPOSIT PASSIVATION|CURE PASSIVATION|MEASURE PASSIVATION QUALITY|OPEN BOND PAD WINDOW|OPEN PAD WINDOW LITHO|DEVELOP PAD WINDOW|PASSIVATION ETCH PAD OPENING|STRIP RESIST|CLEAN PAD OPENING|MEASURE PAD OPENING|BACKSIDE GRIND|MEASURE WAFER THICKNESS|BACKSIDE ETCH CLEAN|BACKSIDE RINSE|BACKSIDE DRY|BACKSIDE METALLIZATION PREP|DEPOSIT BACKSIDE METAL|BACKSIDE ANNEAL|MEASURE BACKSIDE CONTACT|FINAL CLEAN|FINAL THICKNESS MEASURE|FINAL GEOMETRY CHECK|FINAL CD INSPECTION|FINAL PARTICLE INSPECTION|PARAMETRIC TEST|LEAKAGE TEST|BREAKDOWN VOLTAGE TEST|SWITCHING TEST|WAFER SORT TEST|YIELD ANALYSIS|FINAL LOT RELEASE|PACKAGE PREPARATION|SHIP LOT|FINAL CD INSPECTION|FINAL PARTICLE INSPECTION|PARAMETRIC TEST|SWITCHING TEST|YIELD ANALYSIS|FINAL LOT RELEASE|SHIP LOT|FINAL CD INSPECTION|FINAL PARTICLE INSPECTION|PARAMETRIC TEST|SWITCHING TEST|WAFER SORT TEST|FINAL LOT RELEASE|SHIP LOT|FINAL CD INSPECTION|FINAL PARTICLE INSPECTION|PARAMETRIC TEST|SWITCHING TEST|WAFER SORT TEST|FINAL LOT RELEASE|SHIP LOT|FINAL CD INSPECTION|FINAL PARTICLE INSPECTION|PARAMETRIC TEST|SWITCHING TEST|WAFER SORT TEST|FINAL LOT RELEASE|SHIP LOT|FINAL CD INSPECTION|FINAL PARTICLE INSPECTION|PARAMETRIC TEST
valid_0056,CLEAN PAD OPENING|MEASURE PAD OPENING|BACKSIDE GRIND|MEASURE WAFER THICKNESS|BACKSIDE ETCH CLEAN|BACKSIDE RINSE|BACKSIDE DRY|BACKSIDE METALLIZATION PREP|DEPOSIT BACKSIDE METAL|BACKSIDE ANNEAL|MEASURE BACKSIDE CONTACT|FINAL CLEAN|FINAL THICKNESS MEASURE|FINAL GEOMETRY CHECK|FINAL CD INSPECTION|FINAL PARTICLE INSPECTION|PARAMETRIC TEST|LEAKAGE TEST|BREAKDOWN VOLTAGE TEST|SWITCHING TEST|WAFER SORT TEST|YIELD ANALYSIS|FINAL LOT RELEASE|SHIP LOT|FINAL CD INSPECTION|FINAL PARTICLE INSPECTION|PARAMETRIC TEST|SWITCHING TEST|WAFER SORT TEST|FINAL LOT RELEASE|SHIP LOT|FINAL CD INSPECTION|FINAL PARTICLE INSPECTION|PARAMETRIC TEST|SWITCHING TEST|YIELD ANALYSIS|FINAL LOT RELEASE|SHIP LOT|FINAL CD INSPECTION|FINAL PARTICLE INSPECTION|PARAMETRIC TEST|SWITCHING TEST|WAFER SORT TEST|FINAL LOT RELEASE|SHIP LOT|FINAL CD INSPECTION|FINAL PARTICLE INSPECTION|PARAMETRIC TEST|SWITCHING TEST|FINAL LOT RELEASE|SHIP LOT|FINAL CD INSPECTION|FINAL PARTICLE INSPECTION|PARAMETRIC TEST|SWITCHING TEST|FINAL LOT RELEASE|SHIP LOT|IMPLANT P BODY|BREAKDOWN VOLTAGE TEST|SWITCHING TEST|FINAL LOT RELEASE|SHIP LOT|FINAL CD INSPECTION|FINAL PARTICLE INSPECTION|PARAMETRIC TEST|SWITCHING TEST|FINAL LOT RELEASE|SHIP LOT|FINAL CD INSPECTION|FINAL PARTICLE INSPECTION|PARAMETRIC TEST|LEAKAGE TEST|BREAKDOWN VOLTAGE TEST|SWITCHING TEST|FINAL LOT RELEASE|SHIP LOT|FINAL CD INSPECTION|FINAL PARTICLE INSPECTION|PARAMETRIC TEST|SWITCHING TEST
valid_0057,STRIP RESIST|CLEAN AFTER VIA ETCH|MEASURE VIA CD|DEPOSIT BARRIER METAL|DEPOSIT METAL SEED|FILL VIA METAL|CMP METAL|MEASURE VIA RESISTANCE|DEPOSIT METAL 1|ANNEAL METAL 1|SPIN COAT PHOTORESIST|SOFT BAKE|ALIGN MASK LEVEL 6|EXPOSE LITHO LEVEL 6|DEVELOP PHOTORESIST|METAL PATTERN INSPECTION|METAL ETCH DRY|STRIP RESIST|CLEAN AFTER METAL ETCH|MEASURE LINE WIDTH|DEPOSIT PASSIVATION|CURE PASSIVATION|MEASURE PASSIVATION QUALITY|OPEN BOND PAD WINDOW|OPEN PAD WINDOW LITHO|DEVELOP PAD WINDOW|PASSIVATION ETCH|STRIP RESIST|CLEAN PAD OPENING|MEASURE PAD OPENING|BACKSIDE GRIND|MEASURE WAFER THICKNESS|BACKSIDE ETCH CLEAN|BACKSIDE RINSE|BACKSIDE DRY|BACKSIDE METALLIZATION PREP|DEPOSIT BACKSIDE METAL|BACKSIDE ANNEAL|MEASURE BACKSIDE CONTACT|FINAL CLEAN|FINAL THICKNESS MEASURE|FINAL GEOMETRY CHECK|FINAL CD INSPECTION|FINAL PARTICLE INSPECTION|PARAMETRIC TEST|LEAKAGE TEST|BREAKDOWN VOLTAGE TEST|SWITCHING TEST|YIELD ANALYSIS|WAFER SORT TEST|FINAL LOT RELEASE|SHIP LOT|FINAL CD INSPECTION|FINAL PARTICLE INSPECTION|PARAMETRIC TEST|SWITCHING TEST|WAFER SORT TEST|FINAL LOT RELEASE|SHIP LOT|FINAL CD INSPECTION|FINAL PARTICLE INSPECTION|PARAMETRIC TEST|SWITCHING TEST|WAFER SORT TEST|FINAL LOT RELEASE|SHIP LOT|FINAL CD INSPECTION|FINAL PARTICLE INSPECTION|PARAMETRIC TEST|SWITCHING TEST|WAFER SORT TEST|FINAL LOT RELEASE|SHIP LOT|FINAL CD INSPECTION|FINAL PARTICLE INSPECTION|PARAMETRIC TEST|SWITCHING TEST|WAFER SORT TEST|FINAL LOT RELEASE|SHIP LOT
valid_0058,STRIP RESIST|CLEAN PAD OPENING|MEASURE PAD OPENING|BACKSIDE GRIND|MEASURE WAFER THICKNESS|BACKSIDE ETCH CLEAN|BACKSIDE RINSE|BACKSIDE DRY|BACKSIDE METALLIZATION PREP|DEPOSIT BACKSIDE METAL|BACKSIDE ANNEAL|MEASURE BACKSIDE CONTACT|FINAL CLEAN|FINAL THICKNESS MEASURE|FINAL GEOMETRY CHECK|FINAL CD INSPECTION|FINAL PARTICLE INSPECTION|PARAMETRIC TEST|LEAKAGE TEST|BREAKDOWN VOLTAGE TEST|SWITCHING TEST|WAFER SORT TEST|YIELD ANALYSIS|FINAL LOT RELEASE|SHIP LOT|FINAL CD INSPECTION|FINAL PARTICLE INSPECTION|PARAMETRIC TEST|SWITCHING TEST|YIELD ANALYSIS|FINAL LOT RELEASE|SHIP LOT|FINAL CD INSPECTION|FINAL PARTICLE INSPECTION|PARAMETRIC TEST|SWITCHING TEST|WAFER SORT TEST|FINAL LOT RELEASE|SHIP LOT|FINAL CD INSPECTION|FINAL PARTICLE INSPECTION|PARAMETRIC TEST|SWITCHING TEST|WAFER SORT TEST|FINAL LOT RELEASE|SHIP LOT|FINAL CD INSPECTION|FINAL PARTICLE INSPECTION|PARAMETRIC TEST|SWITCHING TEST|FINAL LOT RELEASE|SHIP LOT|FINAL CD INSPECTION|FINAL PARTICLE INSPECTION|PARAMETRIC TEST|SWITCHING TEST|FINAL LOT RELEASE|SHIP LOT|IMPLANT P BODY|BREAKDOWN VOLTAGE TEST|SWITCHING TEST|WAFER SORT TEST|FINAL LOT RELEASE|SHIP LOT|FINAL CD INSPECTION|FINAL PARTICLE INSPECTION|PARAMETRIC TEST|SWITCHING TEST|FINAL LOT RELEASE|SHIP LOT|FINAL CD INSPECTION|FINAL PARTICLE INSPECTION|PARAMETRIC TEST|LEAKAGE TEST|BREAKDOWN VOLTAGE TEST|SWITCHING TEST|FINAL LOT RELEASE|SHIP LOT|FINAL CD INSPECTION|FINAL PARTICLE INSPECTION
valid_0059,MEASURE VIA CD|DEPOSIT BARRIER METAL|DEPOSIT METAL SEED|FILL VIA METAL|CMP METAL|MEASURE VIA RESISTANCE|DEPOSIT METAL 1|ANNEAL METAL 1|SPIN COAT PHOTORESIST|SOFT BAKE|ALIGN MASK LEVEL 6|EXPOSE LITHO LEVEL 6|DEVELOP PHOTORESIST|METAL PATTERN INSPECTION|METAL ETCH DRY|STRIP RESIST|CLEAN AFTER METAL ETCH|MEASURE LINE WIDTH|DEPOSIT PASSIVATION|CURE PASSIVATION|MEASURE PASSIVATION QUALITY|OPEN BOND PAD WINDOW|OPEN PAD WINDOW LITHO|DEVELOP PAD WINDOW|PASSIVATION ETCH PAD OPENING|STRIP RESIST|CLEAN PAD OPENING|MEASURE PAD OPENING|BACKSIDE GRIND|MEASURE WAFER THICKNESS|BACKSIDE ETCH CLEAN|BACKSIDE RINSE|BACKSIDE DRY|BACKSIDE METALLIZATION PREP|DEPOSIT BACKSIDE METAL|BACKSIDE ANNEAL|MEASURE BACKSIDE CONTACT|FINAL CLEAN|FINAL THICKNESS MEASURE|FINAL GEOMETRY CHECK|FINAL CD INSPECTION|FINAL PARTICLE INSPECTION|PARAMETRIC TEST|LEAKAGE TEST|BREAKDOWN VOLTAGE TEST|SWITCHING TEST|WAFER SORT TEST|YIELD ANALYSIS|FINAL LOT RELEASE|SHIP LOT|FINAL CD INSPECTION|FINAL PARTICLE INSPECTION|PARAMETRIC TEST|SWITCHING TEST|WAFER SORT TEST|FINAL LOT RELEASE|SHIP LOT|FINAL CD INSPECTION|FINAL PARTICLE INSPECTION|PARAMETRIC TEST|SWITCHING TEST|WAFER SORT TEST|FINAL LOT RELEASE|SHIP LOT|FINAL CD INSPECTION|FINAL PARTICLE INSPECTION|PARAMETRIC TEST|SWITCHING TEST|WAFER SORT TEST|FINAL LOT RELEASE|SHIP LOT|FINAL CD INSPECTION|FINAL PARTICLE INSPECTION|PARAMETRIC TEST|SWITCHING TEST|WAFER SORT TEST|FINAL LOT RELEASE|SHIP LOT|FINAL CD INSPECTION|FINAL PARTICLE INSPECTION
valid_0060,PASSIVATION ETCH PAD OPENING|STRIP RESIST|CLEAN PAD OPENING|MEASURE PAD OPENING|BACKSIDE GRIND|MEASURE WAFER THICKNESS|BACKSIDE ETCH CLEAN|BACKSIDE RINSE|BACKSIDE DRY|BACKSIDE METALLIZATION PREP|DEPOSIT BACKSIDE METAL|BACKSIDE ANNEAL|MEASURE BACKSIDE CONTACT|FINAL CLEAN|FINAL THICKNESS MEASURE|FINAL GEOMETRY CHECK|FINAL CD INSPECTION|FINAL PARTICLE INSPECTION|PARAMETRIC TEST|LEAKAGE TEST|BREAKDOWN VOLTAGE TEST|SWITCHING TEST|YIELD ANALYSIS|WAFER SORT TEST|FINAL LOT RELEASE|SHIP LOT|FINAL CD INSPECTION|FINAL PARTICLE INSPECTION|PARAMETRIC TEST|SWITCHING TEST|WAFER SORT TEST|FINAL LOT RELEASE|SHIP LOT|FINAL CD INSPECTION|FINAL PARTICLE INSPECTION|PARAMETRIC TEST|SWITCHING TEST|WAFER SORT TEST|FINAL LOT RELEASE|SHIP LOT|FINAL CD INSPECTION|FINAL PARTICLE INSPECTION|PARAMETRIC TEST|SWITCHING TEST|WAFER SORT TEST|FINAL LOT RELEASE|SHIP LOT|FINAL CD INSPECTION|FINAL PARTICLE INSPECTION|PARAMETRIC TEST|SWITCHING TEST|FINAL LOT RELEASE|SHIP LOT|FINAL CD INSPECTION|FINAL PARTICLE INSPECTION|PARAMETRIC TEST|SWITCHING TEST|FINAL LOT RELEASE|SHIP LOT|FINAL CD INSPECTION|FINAL PARTICLE INSPECTION|PARAMETRIC TEST|LEAKAGE TEST|BREAKDOWN VOLTAGE TEST|SWITCHING TEST|WAFER SORT TEST|FINAL LOT RELEASE|SHIP LOT|FINAL CD INSPECTION|FINAL PARTICLE INSPECTION|PARAMETRIC TEST|SWITCHING TEST|FINAL LOT RELEASE|SHIP LOT|FINAL CD INSPECTION|FINAL PARTICLE INSPECTION|PARAMETRIC TEST|SWITCHING TEST|WAFER SORT TEST|FINAL LOT RELEASE
valid_0061,DEPOSIT BARRIER METAL|DEPOSIT TUNGSTEN SEED|FILL VIA TUNGSTEN|CMP METAL|MEASURE VIA RESISTANCE|DEPOSIT METAL 1|ANNEAL METAL 1|SPIN COAT PHOTORESIST|SOFT BAKE|ALIGN MASK LEVEL 6|EXPOSE LITHO LEVEL 6|DEVELOP PHOTORESIST|METAL PATTERN INSPECTION|METAL ETCH DRY|STRIP RESIST|CLEAN AFTER METAL ETCH|MEASURE LINE WIDTH|DEPOSIT PASSIVATION|CURE PASSIVATION|MEASURE PASSIVATION QUALITY|OPEN BOND PAD WINDOW|OPEN PAD WINDOW LITHO|DEVELOP PAD WINDOW|PASSIVATION ETCH PAD OPENING|STRIP RESIST|CLEAN PAD OPENING|MEASURE PAD OPENING|BACKSIDE GRIND|MEASURE WAFER THICKNESS|BACKSIDE ETCH CLEAN|BACKSIDE RINSE|BACKSIDE DRY|BACKSIDE METALLIZATION PREP|DEPOSIT BACKSIDE METAL|BACKSIDE ANNEAL|MEASURE BACKSIDE CONTACT|FINAL CLEAN|FINAL THICKNESS MEASURE|FINAL GEOMETRY CHECK|FINAL OXIDE CHECK|FINAL CD INSPECTION|FINAL PARTICLE INSPECTION|PARAMETRIC TEST|LEAKAGE TEST|BREAKDOWN VOLTAGE TEST|SWITCHING TEST|WAFER SORT TEST|YIELD ANALYSIS|FINAL LOT RELEASE|PACKAGE PREPARATION|SHIP LOT|FINAL CD INSPECTION|FINAL PARTICLE INSPECTION|PARAMETRIC TEST|SWITCHING TEST|YIELD ANALYSIS|FINAL LOT RELEASE|SHIP LOT|FINAL CD INSPECTION|FINAL PARTICLE INSPECTION|PARAMETRIC TEST|SWITCHING TEST|WAFER SORT TEST|FINAL LOT RELEASE|SHIP LOT|FINAL CD INSPECTION|FINAL PARTICLE INSPECTION|PARAMETRIC TEST|SWITCHING TEST|WAFER SORT TEST|FINAL LOT RELEASE|SHIP LOT|FINAL CD INSPECTION|FINAL PARTICLE INSPECTION|PARAMETRIC TEST|SWITCHING TEST|WAFER SORT TEST|FINAL LOT RELEASE|SHIP LOT|FINAL CD INSPECTION
valid_0062,DEVELOP PAD WINDOW|PASSIVATION ETCH|STRIP RESIST|CLEAN PAD OPENING|MEASURE PAD OPENING|BACKSIDE GRIND|MEASURE WAFER THICKNESS|BACKSIDE ETCH CLEAN|BACKSIDE RINSE|BACKSIDE DRY|BACKSIDE METALLIZATION PREP|DEPOSIT BACKSIDE METAL|BACKSIDE ANNEAL|MEASURE BACKSIDE CONTACT|FINAL CLEAN|FINAL THICKNESS MEASURE|FINAL GEOMETRY CHECK|FINAL CD INSPECTION|FINAL PARTICLE INSPECTION|PARAMETRIC TEST|LEAKAGE TEST|BREAKDOWN VOLTAGE TEST|SWITCHING TEST|WAFER SORT TEST|YIELD ANALYSIS|FINAL LOT RELEASE|SHIP LOT|FINAL CD INSPECTION|FINAL PARTICLE INSPECTION|PARAMETRIC TEST|SWITCHING TEST|WAFER SORT TEST|FINAL LOT RELEASE|SHIP LOT|FINAL CD INSPECTION|FINAL PARTICLE INSPECTION|PARAMETRIC TEST|SWITCHING TEST|YIELD ANALYSIS|FINAL LOT RELEASE|SHIP LOT|FINAL CD INSPECTION|FINAL PARTICLE INSPECTION|PARAMETRIC TEST|SWITCHING TEST|WAFER SORT TEST|FINAL LOT RELEASE|SHIP LOT|FINAL CD INSPECTION|FINAL PARTICLE INSPECTION|PARAMETRIC TEST|SWITCHING TEST|FINAL LOT RELEASE|SHIP LOT|FINAL CD INSPECTION|FINAL PARTICLE INSPECTION|PARAMETRIC TEST|SWITCHING TEST|FINAL LOT RELEASE|SHIP LOT|IMPLANT P BODY|BREAKDOWN VOLTAGE TEST|SWITCHING TEST|FINAL LOT RELEASE|SHIP LOT|FINAL CD INSPECTION|FINAL PARTICLE INSPECTION|PARAMETRIC TEST|SWITCHING TEST|FINAL LOT RELEASE|SHIP LOT|FINAL CD INSPECTION|FINAL PARTICLE INSPECTION|PARAMETRIC TEST|LEAKAGE TEST|BREAKDOWN VOLTAGE TEST|SWITCHING TEST|FINAL LOT RELEASE|SHIP LOT|FINAL CD INSPECTION
valid_0063,STRIP RESIST|CLEAN AFTER VIA ETCH|MEASURE VIA CD|DEPOSIT BARRIER METAL|DEPOSIT METAL SEED|FILL VIA METAL|CMP METAL|MEASURE VIA RESISTANCE|DEPOSIT METAL 1|ANNEAL METAL 1|SPIN COAT PHOTORESIST|SOFT BAKE|ALIGN MASK LEVEL 6|EXPOSE LITHO LEVEL 6|DEVELOP PHOTORESIST|METAL PATTERN INSPECTION|METAL ETCH DRY|STRIP RESIST|CLEAN AFTER METAL ETCH|MEASURE LINE WIDTH|DEPOSIT PASSIVATION|CURE PASSIVATION|MEASURE PASSIVATION QUALITY|OPEN BOND PAD WINDOW|OPEN PAD WINDOW LITHO|DEVELOP PAD WINDOW|PASSIVATION ETCH PAD OPENING|STRIP RESIST|CLEAN PAD OPENING|MEASURE PAD OPENING|BACKSIDE GRIND|MEASURE WAFER THICKNESS|BACKSIDE ETCH CLEAN|BACKSIDE RINSE|BACKSIDE DRY|BACKSIDE METALLIZATION PREP|DEPOSIT BACKSIDE METAL|BACKSIDE ANNEAL|MEASURE BACKSIDE CONTACT|FINAL CLEAN|FINAL THICKNESS MEASURE|FINAL GEOMETRY CHECK|FINAL CD INSPECTION|FINAL PARTICLE INSPECTION|PARAMETRIC TEST|LEAKAGE TEST|BREAKDOWN VOLTAGE TEST|SWITCHING TEST|YIELD ANALYSIS|WAFER SORT TEST|FINAL LOT RELEASE|SHIP LOT|FINAL CD INSPECTION|FINAL PARTICLE INSPECTION|PARAMETRIC TEST|SWITCHING TEST|WAFER SORT TEST|FINAL LOT RELEASE|SHIP LOT|FINAL CD INSPECTION|FINAL PARTICLE INSPECTION|PARAMETRIC TEST|SWITCHING TEST|WAFER SORT TEST|FINAL LOT RELEASE|SHIP LOT|FINAL CD INSPECTION|FINAL PARTICLE INSPECTION|PARAMETRIC TEST|SWITCHING TEST|WAFER SORT TEST|FINAL LOT RELEASE|SHIP LOT|FINAL CD INSPECTION|FINAL PARTICLE INSPECTION|PARAMETRIC TEST|SWITCHING TEST|FINAL LOT RELEASE|SHIP LOT|IMPLANT P BODY
valid_0064,DEVELOP PAD WINDOW|PASSIVATION ETCH PAD OPENING|STRIP RESIST|CLEAN PAD OPENING|MEASURE PAD OPENING|BACKSIDE GRIND|MEASURE WAFER THICKNESS|BACKSIDE ETCH CLEAN|BACKSIDE RINSE|BACKSIDE DRY|BACKSIDE METALLIZATION PREP|DEPOSIT BACKSIDE METAL|BACKSIDE ANNEAL|MEASURE BACKSIDE CONTACT|FINAL CLEAN|FINAL THICKNESS MEASURE|FINAL GEOMETRY CHECK|FINAL CD INSPECTION|FINAL PARTICLE INSPECTION|PARAMETRIC TEST|LEAKAGE TEST|BREAKDOWN VOLTAGE TEST|SWITCHING TEST|YIELD ANALYSIS|WAFER SORT TEST|FINAL LOT RELEASE|SHIP LOT|FINAL CD INSPECTION|FINAL PARTICLE INSPECTION|PARAMETRIC TEST|SWITCHING TEST|WAFER SORT TEST|FINAL LOT RELEASE|SHIP LOT|FINAL CD INSPECTION|FINAL PARTICLE INSPECTION|PARAMETRIC TEST|SWITCHING TEST|WAFER SORT TEST|FINAL LOT RELEASE|SHIP LOT|FINAL CD INSPECTION|FINAL PARTICLE INSPECTION|PARAMETRIC TEST|SWITCHING TEST|WAFER SORT TEST|FINAL LOT RELEASE|SHIP LOT|FINAL CD INSPECTION|FINAL PARTICLE INSPECTION|PARAMETRIC TEST|SWITCHING TEST|FINAL LOT RELEASE|SHIP LOT|IMPLANT P BODY|BREAKDOWN VOLTAGE TEST|SWITCHING TEST|FINAL LOT RELEASE|SHIP LOT|FINAL CD INSPECTION|FINAL PARTICLE INSPECTION|PARAMETRIC TEST|SWITCHING TEST|FINAL LOT RELEASE|SHIP LOT|FINAL CD INSPECTION|FINAL PARTICLE INSPECTION|PARAMETRIC TEST|LEAKAGE TEST|BREAKDOWN VOLTAGE TEST|SWITCHING TEST|FINAL LOT RELEASE|SHIP LOT|FINAL CD INSPECTION|FINAL PARTICLE INSPECTION|PARAMETRIC TEST|SWITCHING TEST|WAFER SORT TEST|FINAL LOT RELEASE|SHIP LOT
valid_0065,MEASURE VIA CD|DEPOSIT BARRIER METAL|DEPOSIT METAL SEED|FILL VIA METAL|CMP METAL|MEASURE VIA RESISTANCE|DEPOSIT METAL 1|ANNEAL METAL 1|SPIN COAT PHOTORESIST|SOFT BAKE|ALIGN MASK LEVEL 6|EXPOSE LITHO LEVEL 6|DEVELOP PHOTORESIST|METAL PATTERN INSPECTION|METAL ETCH DRY|STRIP RESIST|CLEAN AFTER METAL ETCH|MEASURE LINE WIDTH|DEPOSIT PASSIVATION|CURE PASSIVATION|MEASURE PASSIVATION QUALITY|OPEN BOND PAD WINDOW|OPEN PAD WINDOW LITHO|DEVELOP PAD WINDOW|PASSIVATION ETCH PAD OPENING|STRIP RESIST|CLEAN PAD OPENING|MEASURE PAD OPENING|BACKSIDE GRIND|MEASURE WAFER THICKNESS|BACKSIDE ETCH CLEAN|BACKSIDE RINSE|BACKSIDE DRY|BACKSIDE METALLIZATION PREP|DEPOSIT BACKSIDE METAL|BACKSIDE ANNEAL|MEASURE BACKSIDE CONTACT|FINAL CLEAN|FINAL THICKNESS MEASURE|FINAL GEOMETRY CHECK|FINAL CD INSPECTION|FINAL PARTICLE INSPECTION|PARAMETRIC TEST|LEAKAGE TEST|BREAKDOWN VOLTAGE TEST|SWITCHING TEST|YIELD ANALYSIS|WAFER SORT TEST|FINAL LOT RELEASE|SHIP LOT|FINAL CD INSPECTION|FINAL PARTICLE INSPECTION|PARAMETRIC TEST|SWITCHING TEST|WAFER SORT TEST|FINAL LOT RELEASE|SHIP LOT|FINAL CD INSPECTION|FINAL PARTICLE INSPECTION|PARAMETRIC TEST|SWITCHING TEST|WAFER SORT TEST|FINAL LOT RELEASE|SHIP LOT|FINAL CD INSPECTION|FINAL PARTICLE INSPECTION|PARAMETRIC TEST|SWITCHING TEST|WAFER SORT TEST|FINAL LOT RELEASE|SHIP LOT|FINAL CD INSPECTION|FINAL PARTICLE INSPECTION|PARAMETRIC TEST|SWITCHING TEST|WAFER SORT TEST|FINAL LOT RELEASE|SHIP LOT|IMPLANT P BODY|BREAKDOWN VOLTAGE TEST
valid_0066,PASSIVATION ETCH|STRIP RESIST|CLEAN PAD OPENING|MEASURE PAD OPENING|BACKSIDE GRIND|MEASURE WAFER THICKNESS|BACKSIDE ETCH CLEAN|BACKSIDE RINSE|BACKSIDE DRY|BACKSIDE METALLIZATION PREP|DEPOSIT BACKSIDE METAL|BACKSIDE ANNEAL|MEASURE BACKSIDE CONTACT|FINAL CLEAN|FINAL THICKNESS MEASURE|FINAL GEOMETRY CHECK|FINAL CD INSPECTION|FINAL PARTICLE INSPECTION|PARAMETRIC TEST|LEAKAGE TEST|BREAKDOWN VOLTAGE TEST|SWITCHING TEST|YIELD ANALYSIS|WAFER SORT TEST|FINAL LOT RELEASE|SHIP LOT|FINAL CD INSPECTION|FINAL PARTICLE INSPECTION|PARAMETRIC TEST|SWITCHING TEST|WAFER SORT TEST|FINAL LOT RELEASE|SHIP LOT|FINAL CD INSPECTION|FINAL PARTICLE INSPECTION|PARAMETRIC TEST|SWITCHING TEST|WAFER SORT TEST|FINAL LOT RELEASE|SHIP LOT|FINAL CD INSPECTION|FINAL PARTICLE INSPECTION|PARAMETRIC TEST|SWITCHING TEST|WAFER SORT TEST|FINAL LOT RELEASE|SHIP LOT|FINAL CD INSPECTION|FINAL PARTICLE INSPECTION|PARAMETRIC TEST|SWITCHING TEST|FINAL LOT RELEASE|SHIP LOT|FINAL CD INSPECTION|FINAL PARTICLE INSPECTION|PARAMETRIC TEST|SWITCHING TEST|WAFER SORT TEST|FINAL LOT RELEASE|SHIP LOT|FINAL CD INSPECTION|FINAL PARTICLE INSPECTION|PARAMETRIC TEST|LEAKAGE TEST|BREAKDOWN VOLTAGE TEST|SWITCHING TEST|FINAL LOT RELEASE|SHIP LOT|FINAL CD INSPECTION|FINAL PARTICLE INSPECTION|PARAMETRIC TEST|SWITCHING TEST|FINAL LOT RELEASE|SHIP LOT|FINAL CD INSPECTION|FINAL PARTICLE INSPECTION|PARAMETRIC TEST|SWITCHING TEST|WAFER SORT TEST|FINAL LOT RELEASE
valid_0067,CLEAN AFTER VIA ETCH|MEASURE VIA CD|DEPOSIT BARRIER METAL|DEPOSIT METAL SEED|FILL VIA METAL|CMP METAL|MEASURE VIA RESISTANCE|DEPOSIT METAL 1|ANNEAL METAL 1|SPIN COAT PHOTORESIST|SOFT BAKE|ALIGN MASK LEVEL 6|EXPOSE LITHO LEVEL 6|DEVELOP PHOTORESIST|METAL PATTERN INSPECTION|METAL ETCH DRY|STRIP RESIST|CLEAN AFTER METAL ETCH|MEASURE LINE WIDTH|DEPOSIT PASSIVATION|CURE PASSIVATION|MEASURE PASSIVATION QUALITY|OPEN BOND PAD WINDOW|OPEN PAD WINDOW LITHO|DEVELOP PAD WINDOW|PASSIVATION ETCH PAD OPENING|STRIP RESIST|CLEAN PAD OPENING|MEASURE PAD OPENING|BACKSIDE GRIND|MEASURE WAFER THICKNESS|BACKSIDE ETCH CLEAN|BACKSIDE RINSE|BACKSIDE DRY|BACKSIDE METALLIZATION PREP|DEPOSIT BACKSIDE METAL|BACKSIDE ANNEAL|MEASURE BACKSIDE CONTACT|FINAL CLEAN|FINAL THICKNESS MEASURE|FINAL GEOMETRY CHECK|FINAL CD INSPECTION|FINAL PARTICLE INSPECTION|PARAMETRIC TEST|LEAKAGE TEST|BREAKDOWN VOLTAGE TEST|SWITCHING TEST|YIELD ANALYSIS|WAFER SORT TEST|FINAL LOT RELEASE|SHIP LOT|FINAL CD INSPECTION|FINAL PARTICLE INSPECTION|PARAMETRIC TEST|SWITCHING TEST|WAFER SORT TEST|FINAL LOT RELEASE|SHIP LOT|FINAL CD INSPECTION|FINAL PARTICLE INSPECTION|PARAMETRIC TEST|SWITCHING TEST|WAFER SORT TEST|FINAL LOT RELEASE|SHIP LOT|FINAL CD INSPECTION|FINAL PARTICLE INSPECTION|PARAMETRIC TEST|SWITCHING TEST|WAFER SORT TEST|FINAL LOT RELEASE|SHIP LOT|FINAL CD INSPECTION|FINAL PARTICLE INSPECTION|PARAMETRIC TEST|SWITCHING TEST|WAFER SORT TEST|FINAL LOT RELEASE|SHIP LOT|IMPLANT P BODY
valid_0068,STRIP RESIST|CLEAN PAD OPENING|MEASURE PAD OPENING|BACKSIDE GRIND|MEASURE WAFER THICKNESS|BACKSIDE ETCH CLEAN|BACKSIDE RINSE|BACKSIDE DRY|BACKSIDE METALLIZATION PREP|DEPOSIT BACKSIDE METAL|BACKSIDE ANNEAL|MEASURE BACKSIDE CONTACT|FINAL CLEAN|FINAL THICKNESS MEASURE|FINAL GEOMETRY CHECK|FINAL CD INSPECTION|FINAL PARTICLE INSPECTION|PARAMETRIC TEST|LEAKAGE TEST|BREAKDOWN VOLTAGE TEST|SWITCHING TEST|WAFER SORT TEST|YIELD ANALYSIS|FINAL LOT RELEASE|PACKAGE PREPARATION|SHIP LOT|FINAL CD INSPECTION|FINAL PARTICLE INSPECTION|PARAMETRIC TEST|SWITCHING TEST|YIELD ANALYSIS|FINAL LOT RELEASE|SHIP LOT|FINAL CD INSPECTION|FINAL PARTICLE INSPECTION|PARAMETRIC TEST|SWITCHING TEST|WAFER SORT TEST|FINAL LOT RELEASE|SHIP LOT|FINAL CD INSPECTION|FINAL PARTICLE INSPECTION|PARAMETRIC TEST|SWITCHING TEST|WAFER SORT TEST|FINAL LOT RELEASE|SHIP LOT|FINAL CD INSPECTION|FINAL PARTICLE INSPECTION|PARAMETRIC TEST|SWITCHING TEST|FINAL LOT RELEASE|SHIP LOT|FINAL CD INSPECTION|FINAL PARTICLE INSPECTION|PARAMETRIC TEST|SWITCHING TEST|FINAL LOT RELEASE|SHIP LOT|FINAL CD INSPECTION|FINAL PARTICLE INSPECTION|PARAMETRIC TEST|SWITCHING TEST|FINAL LOT RELEASE|SHIP LOT|FINAL CD INSPECTION|FINAL PARTICLE INSPECTION|PARAMETRIC TEST|LEAKAGE TEST|BREAKDOWN VOLTAGE TEST|SWITCHING TEST|FINAL LOT RELEASE|SHIP LOT|FINAL CD INSPECTION|FINAL PARTICLE INSPECTION|PARAMETRIC TEST|SWITCHING TEST|WAFER SORT TEST|FINAL LOT RELEASE|SHIP LOT
valid_0069,CLEAN AFTER VIA ETCH|MEASURE VIA CD|DEPOSIT BARRIER METAL|DEPOSIT METAL SEED|FILL VIA METAL|CMP METAL|MEASURE VIA RESISTANCE|DEPOSIT TOP METAL|ANNEAL METAL 1|SPIN COAT PHOTORESIST|SOFT BAKE|ALIGN MASK LEVEL 6|EXPOSE LITHO LEVEL 6|DEVELOP PHOTORESIST|METAL PATTERN INSPECTION|METAL ETCH DRY|STRIP RESIST|CLEAN AFTER METAL ETCH|MEASURE LINE WIDTH|DEPOSIT PASSIVATION|CURE PASSIVATION|MEASURE PASSIVATION QUALITY|OPEN BOND PAD WINDOW|OPEN PAD WINDOW LITHO|DEVELOP PAD WINDOW|PASSIVATION ETCH PAD OPENING|STRIP RESIST|CLEAN PAD OPENING|MEASURE PAD OPENING|BACKSIDE GRIND|MEASURE WAFER THICKNESS|BACKSIDE ETCH CLEAN|BACKSIDE RINSE|BACKSIDE DRY|BACKSIDE METALLIZATION PREP|DEPOSIT BACKSIDE METAL|BACKSIDE ANNEAL|MEASURE BACKSIDE CONTACT|FINAL CLEAN|FINAL THICKNESS MEASURE|FINAL GEOMETRY CHECK|FINAL CD INSPECTION|FINAL PARTICLE INSPECTION|PARAMETRIC TEST|LEAKAGE TEST|BREAKDOWN VOLTAGE TEST|SWITCHING TEST|WAFER SORT TEST|YIELD ANALYSIS|FINAL LOT RELEASE|SHIP LOT|FINAL CD INSPECTION|FINAL PARTICLE INSPECTION|PARAMETRIC TEST|SWITCHING TEST|WAFER SORT TEST|FINAL LOT RELEASE|SHIP LOT|FINAL CD INSPECTION|FINAL PARTICLE INSPECTION|PARAMETRIC TEST|SWITCHING TEST|YIELD ANALYSIS|FINAL LOT RELEASE|SHIP LOT|FINAL CD INSPECTION|FINAL PARTICLE INSPECTION|PARAMETRIC TEST|SWITCHING TEST|WAFER SORT TEST|FINAL LOT RELEASE|SHIP LOT|FINAL CD INSPECTION|FINAL PARTICLE INSPECTION|PARAMETRIC TEST|LEAKAGE TEST|BREAKDOWN VOLTAGE TEST|SWITCHING TEST|FINAL LOT RELEASE|SHIP LOT
valid_0070,PASSIVATION ETCH|STRIP RESIST|CLEAN PAD OPENING|MEASURE PAD OPENING|BACKSIDE GRIND|MEASURE WAFER THICKNESS|BACKSIDE ETCH CLEAN|BACKSIDE RINSE|BACKSIDE DRY|BACKSIDE METALLIZATION PREP|DEPOSIT BACKSIDE METAL|BACKSIDE ANNEAL|MEASURE BACKSIDE CONTACT|FINAL CLEAN|FINAL THICKNESS MEASURE|FINAL GEOMETRY CHECK|FINAL CD INSPECTION|FINAL PARTICLE INSPECTION|PARAMETRIC TEST|LEAKAGE TEST|BREAKDOWN VOLTAGE TEST|SWITCHING TEST|WAFER SORT TEST|YIELD ANALYSIS|FINAL LOT RELEASE|SHIP LOT|FINAL CD INSPECTION|FINAL PARTICLE INSPECTION|PARAMETRIC TEST|SWITCHING TEST|WAFER SORT TEST|FINAL LOT RELEASE|SHIP LOT|FINAL CD INSPECTION|FINAL PARTICLE INSPECTION|PARAMETRIC TEST|SWITCHING TEST|YIELD ANALYSIS|FINAL LOT RELEASE|SHIP LOT|FINAL CD INSPECTION|FINAL PARTICLE INSPECTION|PARAMETRIC TEST|SWITCHING TEST|WAFER SORT TEST|FINAL LOT RELEASE|SHIP LOT|FINAL CD INSPECTION|FINAL PARTICLE INSPECTION|PARAMETRIC TEST|LEAKAGE TEST|BREAKDOWN VOLTAGE TEST|SWITCHING TEST|FINAL LOT RELEASE|SHIP LOT|FINAL CD INSPECTION|FINAL PARTICLE INSPECTION|PARAMETRIC TEST|SWITCHING TEST|FINAL LOT RELEASE|SHIP LOT|FINAL CD INSPECTION|FINAL PARTICLE INSPECTION|PARAMETRIC TEST|SWITCHING TEST|FINAL LOT RELEASE|SHIP LOT|FINAL CD INSPECTION|FINAL PARTICLE INSPECTION|PARAMETRIC TEST|SWITCHING TEST|FINAL LOT RELEASE|SHIP LOT|FINAL CD INSPECTION|FINAL PARTICLE INSPECTION|PARAMETRIC TEST|SWITCHING TEST|FINAL LOT RELEASE|SHIP LOT|FINAL CD INSPECTION
valid_0071,CLEAN AFTER VIA ETCH|MEASURE VIA CD|DEPOSIT BARRIER METAL|DEPOSIT METAL SEED|FILL VIA METAL|CMP METAL|MEASURE VIA RESISTANCE|DEPOSIT METAL 1|ANNEAL METAL 1|SPIN COAT PHOTORESIST|SOFT BAKE|ALIGN MASK LEVEL 6|EXPOSE LITHO LEVEL 6|DEVELOP PHOTORESIST|METAL PATTERN INSPECTION|METAL ETCH DRY|STRIP RESIST|CLEAN AFTER METAL ETCH|MEASURE LINE WIDTH|DEPOSIT PASSIVATION|CURE PASSIVATION|MEASURE PASSIVATION QUALITY|OPEN BOND PAD WINDOW|OPEN PAD WINDOW LITHO|DEVELOP PAD WINDOW|PASSIVATION ETCH PAD OPENING|STRIP RESIST|CLEAN PAD OPENING|MEASURE PAD OPENING|BACKSIDE GRIND|MEASURE WAFER THICKNESS|BACKSIDE ETCH CLEAN|BACKSIDE RINSE|BACKSIDE DRY|BACKSIDE METALLIZATION PREP|DEPOSIT BACKSIDE METAL|BACKSIDE ANNEAL|MEASURE BACKSIDE CONTACT|FINAL CLEAN|FINAL THICKNESS MEASURE|FINAL GEOMETRY CHECK|FINAL CD INSPECTION|FINAL PARTICLE INSPECTION|PARAMETRIC TEST|LEAKAGE TEST|BREAKDOWN VOLTAGE TEST|SWITCHING TEST|YIELD ANALYSIS|WAFER SORT TEST|FINAL LOT RELEASE|SHIP LOT|FINAL CD INSPECTION|FINAL PARTICLE INSPECTION|PARAMETRIC TEST|SWITCHING TEST|WAFER SORT TEST|FINAL LOT RELEASE|SHIP LOT|FINAL CD INSPECTION|FINAL PARTICLE INSPECTION|PARAMETRIC TEST|SWITCHING TEST|WAFER SORT TEST|FINAL LOT RELEASE|SHIP LOT|FINAL CD INSPECTION|FINAL PARTICLE INSPECTION|PARAMETRIC TEST|SWITCHING TEST|WAFER SORT TEST|FINAL LOT RELEASE|SHIP LOT|FINAL CD INSPECTION|FINAL PARTICLE INSPECTION|PARAMETRIC TEST|SWITCHING TEST|FINAL LOT RELEASE|SHIP LOT|FINAL CD INSPECTION|FINAL PARTICLE INSPECTION
valid_0072,PASSIVATION ETCH PAD OPENING|STRIP RESIST|CLEAN PAD OPENING|MEASURE PAD OPENING|BACKSIDE GRIND|MEASURE WAFER THICKNESS|BACKSIDE ETCH CLEAN|BACKSIDE RINSE|BACKSIDE DRY|BACKSIDE METALLIZATION PREP|DEPOSIT BACKSIDE METAL|BACKSIDE ANNEAL|MEASURE BACKSIDE CONTACT|FINAL CLEAN|FINAL THICKNESS MEASURE|FINAL GEOMETRY CHECK|FINAL CD INSPECTION|FINAL PARTICLE INSPECTION|PARAMETRIC TEST|LEAKAGE TEST|BREAKDOWN VOLTAGE TEST|SWITCHING TEST|YIELD ANALYSIS|WAFER SORT TEST|FINAL LOT RELEASE|SHIP LOT|FINAL CD INSPECTION|FINAL PARTICLE INSPECTION|PARAMETRIC TEST|SWITCHING TEST|WAFER SORT TEST|FINAL LOT RELEASE|SHIP LOT|FINAL CD INSPECTION|FINAL PARTICLE INSPECTION|PARAMETRIC TEST|SWITCHING TEST|WAFER SORT TEST|FINAL LOT RELEASE|SHIP LOT|FINAL CD INSPECTION|FINAL PARTICLE INSPECTION|PARAMETRIC TEST|SWITCHING TEST|WAFER SORT TEST|FINAL LOT RELEASE|SHIP LOT|FINAL CD INSPECTION|FINAL PARTICLE INSPECTION|PARAMETRIC TEST|SWITCHING TEST|FINAL LOT RELEASE|SHIP LOT|FINAL CD INSPECTION|FINAL PARTICLE INSPECTION|PARAMETRIC TEST|SWITCHING TEST|WAFER SORT TEST|FINAL LOT RELEASE|SHIP LOT|FINAL CD INSPECTION|FINAL PARTICLE INSPECTION|PARAMETRIC TEST|LEAKAGE TEST|BREAKDOWN VOLTAGE TEST|SWITCHING TEST|FINAL LOT RELEASE|SHIP LOT|FINAL CD INSPECTION|FINAL PARTICLE INSPECTION|PARAMETRIC TEST|SWITCHING TEST|FINAL LOT RELEASE|SHIP LOT|FINAL CD INSPECTION|FINAL PARTICLE INSPECTION|PARAMETRIC TEST|SWITCHING TEST|WAFER SORT TEST|FINAL LOT RELEASE
valid_0073,MEASURE VIA CD|DEPOSIT BARRIER METAL|DEPOSIT METAL SEED|FILL VIA METAL|CMP METAL|MEASURE VIA RESISTANCE|DEPOSIT METAL 1|ANNEAL METAL 1|SPIN COAT PHOTORESIST|SOFT BAKE|ALIGN MASK LEVEL 6|EXPOSE LITHO LEVEL 6|DEVELOP PHOTORESIST|METAL PATTERN INSPECTION|METAL ETCH DRY|STRIP RESIST|CLEAN AFTER METAL ETCH|MEASURE LINE WIDTH|DEPOSIT PASSIVATION|CURE PASSIVATION|MEASURE PASSIVATION QUALITY|OPEN BOND PAD WINDOW|OPEN PAD WINDOW LITHO|DEVELOP PAD WINDOW|PASSIVATION ETCH PAD OPENING|STRIP RESIST|CLEAN PAD OPENING|MEASURE PAD OPENING|BACKSIDE GRIND|MEASURE WAFER THICKNESS|BACKSIDE ETCH CLEAN|BACKSIDE RINSE|BACKSIDE DRY|BACKSIDE METALLIZATION PREP|DEPOSIT BACKSIDE METAL|BACKSIDE ANNEAL|MEASURE BACKSIDE CONTACT|FINAL CLEAN|FINAL THICKNESS MEASURE|FINAL GEOMETRY CHECK|FINAL CD INSPECTION|FINAL PARTICLE INSPECTION|PARAMETRIC TEST|LEAKAGE TEST|BREAKDOWN VOLTAGE TEST|SWITCHING TEST|WAFER SORT TEST|YIELD ANALYSIS|FINAL LOT RELEASE|PACKAGE PREPARATION|SHIP LOT|FINAL CD INSPECTION|FINAL PARTICLE INSPECTION|PARAMETRIC TEST|SWITCHING TEST|YIELD ANALYSIS|FINAL LOT RELEASE|SHIP LOT|FINAL CD INSPECTION|FINAL PARTICLE INSPECTION|PARAMETRIC TEST|SWITCHING TEST|WAFER SORT TEST|FINAL LOT RELEASE|SHIP LOT|FINAL CD INSPECTION|FINAL PARTICLE INSPECTION|PARAMETRIC TEST|SWITCHING TEST|WAFER SORT TEST|FINAL LOT RELEASE|SHIP LOT|FINAL CD INSPECTION|FINAL PARTICLE INSPECTION|PARAMETRIC TEST|SWITCHING TEST|FINAL LOT RELEASE|SHIP LOT|FINAL CD INSPECTION|FINAL PARTICLE INSPECTION
valid_0074,STRIP RESIST|CLEAN PAD OPENING|MEASURE PAD OPENING|BACKSIDE GRIND|MEASURE WAFER THICKNESS|BACKSIDE ETCH CLEAN|BACKSIDE RINSE|BACKSIDE DRY|BACKSIDE METALLIZATION PREP|DEPOSIT BACKSIDE METAL|BACKSIDE ANNEAL|MEASURE BACKSIDE CONTACT|FINAL CLEAN|FINAL THICKNESS MEASURE|FINAL GEOMETRY CHECK|FINAL CD INSPECTION|FINAL PARTICLE INSPECTION|PARAMETRIC TEST|LEAKAGE TEST|BREAKDOWN VOLTAGE TEST|SWITCHING TEST|WAFER SORT TEST|YIELD ANALYSIS|FINAL LOT RELEASE|PACKAGE PREPARATION|SHIP LOT|FINAL CD INSPECTION|FINAL PARTICLE INSPECTION|PARAMETRIC TEST|SWITCHING TEST|YIELD ANALYSIS|FINAL LOT RELEASE|SHIP LOT|FINAL CD INSPECTION|FINAL PARTICLE INSPECTION|PARAMETRIC TEST|SWITCHING TEST|WAFER SORT TEST|FINAL LOT RELEASE|SHIP LOT|FINAL CD INSPECTION|FINAL PARTICLE INSPECTION|PARAMETRIC TEST|SWITCHING TEST|WAFER SORT TEST|FINAL LOT RELEASE|SHIP LOT|FINAL CD INSPECTION|FINAL PARTICLE INSPECTION|PARAMETRIC TEST|SWITCHING TEST|FINAL LOT RELEASE|SHIP LOT|FINAL CD INSPECTION|FINAL PARTICLE INSPECTION|PARAMETRIC TEST|SWITCHING TEST|FINAL LOT RELEASE|SHIP LOT|FINAL CD INSPECTION|FINAL PARTICLE INSPECTION|PARAMETRIC TEST|SWITCHING TEST|FINAL LOT RELEASE|SHIP LOT|FINAL CD INSPECTION|FINAL PARTICLE INSPECTION|PARAMETRIC TEST|LEAKAGE TEST|BREAKDOWN VOLTAGE TEST|SWITCHING TEST|FINAL LOT RELEASE|SHIP LOT|FINAL CD INSPECTION|FINAL PARTICLE INSPECTION|PARAMETRIC TEST|SWITCHING TEST|WAFER SORT TEST|FINAL LOT RELEASE|SHIP LOT
valid_0075,MEASURE VIA CD|DEPOSIT BARRIER METAL|DEPOSIT METAL SEED|FILL VIA METAL|CMP METAL|MEASURE VIA RESISTANCE|DEPOSIT TOP METAL|ANNEAL METAL 1|SPIN COAT PHOTORESIST|SOFT BAKE|ALIGN MASK LEVEL 6|EXPOSE LITHO LEVEL 6|DEVELOP PHOTORESIST|METAL PATTERN INSPECTION|METAL ETCH DRY|STRIP RESIST|CLEAN AFTER METAL ETCH|MEASURE LINE WIDTH|DEPOSIT PASSIVATION|CURE PASSIVATION|MEASURE PASSIVATION QUALITY|OPEN BOND PAD WINDOW|OPEN PAD WINDOW LITHO|DEVELOP PAD WINDOW|PASSIVATION ETCH PAD OPENING|STRIP PHOTORESIST|CLEAN PAD OPENING|MEASURE PAD OPENING|BACKSIDE GRIND|MEASURE WAFER THICKNESS|BACKSIDE ETCH CLEAN|BACKSIDE RINSE|BACKSIDE DRY|BACKSIDE METALLIZATION PREP|DEPOSIT BACKSIDE METAL|BACKSIDE ANNEAL|MEASURE BACKSIDE CONTACT|FINAL CLEAN|FINAL THICKNESS MEASURE|FINAL GEOMETRY CHECK|FINAL CD INSPECTION|FINAL PARTICLE INSPECTION|PARAMETRIC TEST|LEAKAGE TEST|BREAKDOWN VOLTAGE TEST|SWITCHING TEST|YIELD ANALYSIS|WAFER SORT TEST|FINAL LOT RELEASE|SHIP LOT|FINAL CD INSPECTION|FINAL PARTICLE INSPECTION|PARAMETRIC TEST|SWITCHING TEST|WAFER SORT TEST|FINAL LOT RELEASE|SHIP LOT|FINAL CD INSPECTION|FINAL PARTICLE INSPECTION|PARAMETRIC TEST|SWITCHING TEST|WAFER SORT TEST|FINAL LOT RELEASE|SHIP LOT|FINAL CD INSPECTION|FINAL PARTICLE INSPECTION|PARAMETRIC TEST|SWITCHING TEST|WAFER SORT TEST|FINAL LOT RELEASE|SHIP LOT|FINAL CD INSPECTION|FINAL PARTICLE INSPECTION|PARAMETRIC TEST|SWITCHING TEST|FINAL LOT RELEASE|SHIP LOT|FINAL CD INSPECTION|FINAL PARTICLE INSPECTION|PARAMETRIC TEST
valid_0076,PASSIVATION ETCH PAD OPENING|STRIP RESIST|CLEAN PAD OPENING|MEASURE PAD OPENING|BACKSIDE GRIND|MEASURE WAFER THICKNESS|BACKSIDE ETCH CLEAN|BACKSIDE RINSE|BACKSIDE DRY|BACKSIDE METALLIZATION PREP|DEPOSIT BACKSIDE METAL|BACKSIDE ANNEAL|MEASURE BACKSIDE CONTACT|FINAL CLEAN|FINAL THICKNESS MEASURE|FINAL GEOMETRY CHECK|FINAL CD INSPECTION|FINAL PARTICLE INSPECTION|ELECTRICAL PARAMETRIC TEST|LEAKAGE TEST|BREAKDOWN VOLTAGE TEST|SWITCHING TEST|YIELD ANALYSIS|WAFER SORT TEST|FINAL LOT RELEASE|SHIP LOT|FINAL CD INSPECTION|FINAL PARTICLE INSPECTION|ELECTRICAL PARAMETRIC TEST|LEAKAGE TEST|BREAKDOWN VOLTAGE TEST|SWITCHING TEST|WAFER SORT TEST|FINAL LOT RELEASE|SHIP LOT|FINAL CD INSPECTION|FINAL PARTICLE INSPECTION|PARAMETRIC TEST|SWITCHING TEST|WAFER SORT TEST|FINAL LOT RELEASE|SHIP LOT|FINAL CD INSPECTION|FINAL PARTICLE INSPECTION|PARAMETRIC TEST|SWITCHING TEST|WAFER SORT TEST|FINAL LOT RELEASE|SHIP LOT|FINAL CD INSPECTION|FINAL PARTICLE INSPECTION|PARAMETRIC TEST|SWITCHING TEST|FINAL LOT RELEASE|SHIP LOT|FINAL CD INSPECTION|FINAL PARTICLE INSPECTION|PARAMETRIC TEST|SWITCHING TEST|FINAL LOT RELEASE|SHIP LOT|FINAL CD INSPECTION|FINAL PARTICLE INSPECTION|PARAMETRIC TEST|SWITCHING TEST|FINAL LOT RELEASE|SHIP LOT|FINAL CD INSPECTION|FINAL PARTICLE INSPECTION|PARAMETRIC TEST|SWITCHING TEST|FINAL LOT RELEASE|SHIP LOT|FINAL CD INSPECTION|FINAL PARTICLE INSPECTION|PARAMETRIC TEST|SWITCHING TEST|WAFER SORT TEST|FINAL LOT RELEASE|SHIP LOT
valid_0077,CLEAN AFTER VIA ETCH|MEASURE VIA CD|DEPOSIT BARRIER METAL|DEPOSIT METAL SEED|FILL VIA METAL|CMP METAL|MEASURE VIA RESISTANCE|DEPOSIT TOP METAL|ANNEAL METAL 1|SPIN COAT PHOTORESIST|SOFT BAKE|ALIGN MASK LEVEL 6|EXPOSE LITHO LEVEL 6|DEVELOP PHOTORESIST|METAL PATTERN INSPECTION|METAL ETCH DRY|STRIP RESIST|CLEAN AFTER METAL ETCH|MEASURE LINE WIDTH|DEPOSIT PASSIVATION|CURE PASSIVATION|MEASURE PASSIVATION QUALITY|OPEN BOND PAD WINDOW|OPEN PAD WINDOW LITHO|DEVELOP PAD WINDOW|PASSIVATION ETCH PAD OPENING|STRIP RESIST|CLEAN PAD OPENING|MEASURE PAD OPENING|BACKSIDE GRIND|MEASURE WAFER THICKNESS|BACKSIDE ETCH CLEAN|BACKSIDE RINSE|BACKSIDE DRY|BACKSIDE METALLIZATION PREP|DEPOSIT BACKSIDE METAL|BACKSIDE ANNEAL|MEASURE BACKSIDE CONTACT|FINAL CLEAN|FINAL THICKNESS MEASURE|FINAL GEOMETRY CHECK|FINAL CD INSPECTION|FINAL PARTICLE INSPECTION|PARAMETRIC TEST|LEAKAGE TEST|BREAKDOWN VOLTAGE TEST|SWITCHING TEST|YIELD ANALYSIS|WAFER SORT TEST|FINAL LOT RELEASE|SHIP LOT|FINAL CD INSPECTION|FINAL PARTICLE INSPECTION|PARAMETRIC TEST|SWITCHING TEST|WAFER SORT TEST|FINAL LOT RELEASE|SHIP LOT|FINAL CD INSPECTION|FINAL PARTICLE INSPECTION|PARAMETRIC TEST|SWITCHING TEST|WAFER SORT TEST|FINAL LOT RELEASE|SHIP LOT|FINAL CD INSPECTION|FINAL PARTICLE INSPECTION|PARAMETRIC TEST|SWITCHING TEST|WAFER SORT TEST|FINAL LOT RELEASE|SHIP LOT|FINAL CD INSPECTION|FINAL PARTICLE INSPECTION|PARAMETRIC TEST|SWITCHING TEST|FINAL LOT RELEASE|SHIP LOT|IMPLANT P BODY|BREAKDOWN VOLTAGE TEST
valid_0078,STRIP RESIST|CLEAN PAD OPENING|MEASURE PAD OPENING|BACKSIDE GRIND|MEASURE WAFER THICKNESS|BACKSIDE ETCH CLEAN|BACKSIDE RINSE|BACKSIDE DRY|BACKSIDE METALLIZATION PREP|DEPOSIT BACKSIDE METAL|BACKSIDE ANNEAL|MEASURE BACKSIDE CONTACT|FINAL CLEAN|FINAL THICKNESS MEASURE|FINAL GEOMETRY CHECK|FINAL CD INSPECTION|FINAL PARTICLE INSPECTION|PARAMETRIC TEST|LEAKAGE TEST|BREAKDOWN VOLTAGE TEST|SWITCHING TEST|YIELD ANALYSIS|WAFER SORT TEST|FINAL LOT RELEASE|SHIP LOT|FINAL CD INSPECTION|FINAL PARTICLE INSPECTION|PARAMETRIC TEST|SWITCHING TEST|WAFER SORT TEST|FINAL LOT RELEASE|SHIP LOT|FINAL CD INSPECTION|FINAL PARTICLE INSPECTION|PARAMETRIC TEST|SWITCHING TEST|WAFER SORT TEST|FINAL LOT RELEASE|SHIP LOT|FINAL CD INSPECTION|FINAL PARTICLE INSPECTION|PARAMETRIC TEST|SWITCHING TEST|WAFER SORT TEST|FINAL LOT RELEASE|SHIP LOT|FINAL CD INSPECTION|FINAL PARTICLE INSPECTION|PARAMETRIC TEST|SWITCHING TEST|FINAL LOT RELEASE|SHIP LOT|IMPLANT P BODY|BREAKDOWN VOLTAGE TEST|SWITCHING TEST|FINAL LOT RELEASE|SHIP LOT|FINAL CD INSPECTION|FINAL PARTICLE INSPECTION|PARAMETRIC TEST|LEAKAGE TEST|BREAKDOWN VOLTAGE TEST|SWITCHING TEST|FINAL LOT RELEASE|SHIP LOT|FINAL CD INSPECTION|FINAL PARTICLE INSPECTION|PARAMETRIC TEST|SWITCHING TEST|FINAL LOT RELEASE|SHIP LOT|FINAL CD INSPECTION|FINAL PARTICLE INSPECTION|PARAMETRIC TEST|SWITCHING TEST|WAFER SORT TEST|FINAL LOT RELEASE|SHIP LOT|FINAL CD INSPECTION|FINAL PARTICLE INSPECTION
valid_0079,MEASURE VIA CD|DEPOSIT BARRIER METAL|DEPOSIT METAL SEED|FILL VIA METAL|CMP METAL|MEASURE VIA RESISTANCE|DEPOSIT TOP METAL|ANNEAL METAL 1|SPIN COAT PHOTORESIST|SOFT BAKE|ALIGN MASK LEVEL 6|EXPOSE LITHO LEVEL 6|DEVELOP PHOTORESIST|METAL PATTERN INSPECTION|METAL ETCH DRY|STRIP RESIST|CLEAN AFTER METAL ETCH|MEASURE LINE WIDTH|DEPOSIT PASSIVATION|CURE PASSIVATION|MEASURE PASSIVATION QUALITY|OPEN BOND PAD WINDOW|OPEN PAD WINDOW LITHO|DEVELOP PAD WINDOW|PASSIVATION ETCH PAD OPENING|STRIP RESIST|CLEAN PAD OPENING|MEASURE PAD OPENING|BACKSIDE GRIND|MEASURE WAFER THICKNESS|BACKSIDE ETCH CLEAN|BACKSIDE RINSE|BACKSIDE DRY|BACKSIDE METALLIZATION PREP|DEPOSIT BACKSIDE METAL|BACKSIDE ANNEAL|MEASURE BACKSIDE CONTACT|FINAL CLEAN|FINAL THICKNESS MEASURE|FINAL GEOMETRY CHECK|FINAL CD INSPECTION|FINAL PARTICLE INSPECTION|PARAMETRIC TEST|LEAKAGE TEST|BREAKDOWN VOLTAGE TEST|SWITCHING TEST|WAFER SORT TEST|YIELD ANALYSIS|FINAL LOT RELEASE|PACKAGE PREPARATION|SHIP LOT|FINAL CD INSPECTION|FINAL PARTICLE INSPECTION|PARAMETRIC TEST|SWITCHING TEST|YIELD ANALYSIS|FINAL LOT RELEASE|SHIP LOT|FINAL CD INSPECTION|FINAL PARTICLE INSPECTION|PARAMETRIC TEST|SWITCHING TEST|WAFER SORT TEST|FINAL LOT RELEASE|SHIP LOT|FINAL CD INSPECTION|FINAL PARTICLE INSPECTION|PARAMETRIC TEST|SWITCHING TEST|WAFER SORT TEST|FINAL LOT RELEASE|SHIP LOT|FINAL CD INSPECTION|FINAL PARTICLE INSPECTION|PARAMETRIC TEST|SWITCHING TEST|FINAL LOT RELEASE|SHIP LOT|FINAL CD INSPECTION|FINAL PARTICLE INSPECTION
valid_0080,STRIP RESIST|CLEAN PAD OPENING|MEASURE PAD OPENING|BACKSIDE GRIND|MEASURE WAFER THICKNESS|BACKSIDE ETCH CLEAN|BACKSIDE RINSE|BACKSIDE DRY|BACKSIDE METALLIZATION PREP|DEPOSIT BACKSIDE METAL|BACKSIDE ANNEAL|MEASURE BACKSIDE CONTACT|FINAL CLEAN|FINAL THICKNESS MEASURE|FINAL GEOMETRY CHECK|FINAL CD INSPECTION|FINAL PARTICLE INSPECTION|PARAMETRIC TEST|LEAKAGE TEST|BREAKDOWN VOLTAGE TEST|SWITCHING TEST|WAFER SORT TEST|YIELD ANALYSIS|FINAL LOT RELEASE|SHIP LOT|FINAL CD INSPECTION|FINAL PARTICLE INSPECTION|PARAMETRIC TEST|SWITCHING TEST|WAFER SORT TEST|FINAL LOT RELEASE|SHIP LOT|FINAL CD INSPECTION|FINAL PARTICLE INSPECTION|PARAMETRIC TEST|SWITCHING TEST|WAFER SORT TEST|FINAL LOT RELEASE|SHIP LOT|FINAL CD INSPECTION|FINAL PARTICLE INSPECTION|PARAMETRIC TEST|SWITCHING TEST|WAFER SORT TEST|FINAL LOT RELEASE|SHIP LOT|FINAL CD INSPECTION|FINAL PARTICLE INSPECTION|PARAMETRIC TEST|SWITCHING TEST|WAFER SORT TEST|FINAL LOT RELEASE|SHIP LOT|FINAL CD INSPECTION|FINAL PARTICLE INSPECTION|PARAMETRIC TEST|SWITCHING TEST|FINAL LOT RELEASE|SHIP LOT|FINAL CD INSPECTION|FINAL PARTICLE INSPECTION|PARAMETRIC TEST|LEAKAGE TEST|BREAKDOWN VOLTAGE TEST|SWITCHING TEST|FINAL LOT RELEASE|SHIP LOT|FINAL CD INSPECTION|FINAL PARTICLE INSPECTION|PARAMETRIC TEST|SWITCHING TEST|FINAL LOT RELEASE|SHIP LOT|FINAL CD INSPECTION|FINAL PARTICLE INSPECTION|PARAMETRIC TEST|SWITCHING TEST|WAFER SORT TEST|FINAL LOT RELEASE|SHIP LOT
valid_0081,DEPOSIT BARRIER METAL|DEPOSIT METAL SEED|FILL VIA METAL|CMP METAL|MEASURE VIA RESISTANCE|DEPOSIT METAL 1|ANNEAL METAL 1|SPIN COAT PHOTORESIST|SOFT BAKE|ALIGN MASK LEVEL 6|EXPOSE LITHO LEVEL 6|DEVELOP PHOTORESIST|METAL PATTERN INSPECTION|METAL ETCH DRY|STRIP RESIST|CLEAN AFTER METAL ETCH|MEASURE LINE WIDTH|DEPOSIT PASSIVATION|CURE PASSIVATION|MEASURE PASSIVATION QUALITY|OPEN BOND PAD WINDOW|OPEN PAD WINDOW LITHO|DEVELOP PAD WINDOW|PASSIVATION ETCH PAD OPENING|STRIP RESIST|CLEAN PAD OPENING|MEASURE PAD OPENING|BACKSIDE GRIND|MEASURE WAFER THICKNESS|BACKSIDE ETCH CLEAN|BACKSIDE RINSE|BACKSIDE DRY|BACKSIDE METALLIZATION PREP|DEPOSIT BACKSIDE METAL|BACKSIDE ANNEAL|MEASURE BACKSIDE CONTACT|FINAL CLEAN|FINAL THICKNESS MEASURE|FINAL GEOMETRY CHECK|FINAL CD INSPECTION|FINAL PARTICLE INSPECTION|PARAMETRIC TEST|LEAKAGE TEST|BREAKDOWN VOLTAGE TEST|SWITCHING TEST|WAFER SORT TEST|YIELD ANALYSIS|FINAL LOT RELEASE|SHIP LOT|FINAL CD INSPECTION|FINAL PARTICLE INSPECTION|PARAMETRIC TEST|SWITCHING TEST|YIELD ANALYSIS|FINAL LOT RELEASE|SHIP LOT|FINAL CD INSPECTION|FINAL PARTICLE INSPECTION|PARAMETRIC TEST|SWITCHING TEST|WAFER SORT TEST|FINAL LOT RELEASE|SHIP LOT|FINAL CD INSPECTION|FINAL PARTICLE INSPECTION|PARAMETRIC TEST|SWITCHING TEST|WAFER SORT TEST|FINAL LOT RELEASE|SHIP LOT|FINAL CD INSPECTION|FINAL PARTICLE INSPECTION|PARAMETRIC TEST|LEAKAGE TEST|BREAKDOWN VOLTAGE TEST|SWITCHING TEST|FINAL LOT RELEASE|SHIP LOT|IMPLANT P BODY|BREAKDOWN VOLTAGE TEST
valid_0082,STRIP RESIST|CLEAN PAD OPENING|MEASURE PAD OPENING|BACKSIDE GRIND|MEASURE WAFER THICKNESS|BACKSIDE ETCH CLEAN|BACKSIDE RINSE|BACKSIDE DRY|BACKSIDE METALLIZATION PREP|DEPOSIT BACKSIDE METAL|BACKSIDE ANNEAL|MEASURE BACKSIDE CONTACT|FINAL CLEAN|FINAL THICKNESS MEASURE|FINAL GEOMETRY CHECK|FINAL CD INSPECTION|FINAL PARTICLE INSPECTION|PARAMETRIC TEST|LEAKAGE TEST|BREAKDOWN VOLTAGE TEST|SWITCHING TEST|YIELD ANALYSIS|WAFER SORT TEST|FINAL LOT RELEASE|SHIP LOT|FINAL CD INSPECTION|FINAL PARTICLE INSPECTION|PARAMETRIC TEST|SWITCHING TEST|WAFER SORT TEST|FINAL LOT RELEASE|SHIP LOT|FINAL CD INSPECTION|FINAL PARTICLE INSPECTION|PARAMETRIC TEST|SWITCHING TEST|WAFER SORT TEST|FINAL LOT RELEASE|SHIP LOT|FINAL CD INSPECTION|FINAL PARTICLE INSPECTION|PARAMETRIC TEST|SWITCHING TEST|WAFER SORT TEST|FINAL LOT RELEASE|SHIP LOT|FINAL CD INSPECTION|FINAL PARTICLE INSPECTION|PARAMETRIC TEST|SWITCHING TEST|WAFER SORT TEST|FINAL LOT RELEASE|SHIP LOT|FINAL CD INSPECTION|FINAL PARTICLE INSPECTION|PARAMETRIC TEST|SWITCHING TEST|FINAL LOT RELEASE|SHIP LOT|FINAL CD INSPECTION|FINAL PARTICLE INSPECTION|PARAMETRIC TEST|LEAKAGE TEST|BREAKDOWN VOLTAGE TEST|SWITCHING TEST|FINAL LOT RELEASE|SHIP LOT|FINAL CD INSPECTION|FINAL PARTICLE INSPECTION|PARAMETRIC TEST|SWITCHING TEST|FINAL LOT RELEASE|SHIP LOT|FINAL CD INSPECTION|FINAL PARTICLE INSPECTION|PARAMETRIC TEST|SWITCHING TEST|WAFER SORT TEST|FINAL LOT RELEASE|SHIP LOT
valid_0083,STRIP RESIST|CLEAN AFTER VIA ETCH|MEASURE VIA CD|DEPOSIT BARRIER METAL|DEPOSIT METAL SEED|FILL VIA METAL|CMP METAL|MEASURE VIA RESISTANCE|DEPOSIT TOP METAL|ANNEAL METAL 1|SPIN COAT PHOTORESIST|SOFT BAKE|ALIGN MASK LEVEL 6|EXPOSE LITHO LEVEL 6|DEVELOP PHOTORESIST|METAL PATTERN INSPECTION|METAL ETCH DRY|STRIP RESIST|CLEAN AFTER METAL ETCH|MEASURE LINE WIDTH|DEPOSIT PASSIVATION|CURE PASSIVATION|MEASURE PASSIVATION QUALITY|OPEN BOND PAD WINDOW|OPEN PAD WINDOW LITHO|DEVELOP PAD WINDOW|PASSIVATION ETCH PAD OPENING|STRIP RESIST|CLEAN PAD OPENING|MEASURE PAD OPENING|BACKSIDE GRIND|MEASURE WAFER THICKNESS|BACKSIDE ETCH CLEAN|BACKSIDE RINSE|BACKSIDE DRY|BACKSIDE METALLIZATION PREP|DEPOSIT BACKSIDE METAL|BACKSIDE ANNEAL|MEASURE BACKSIDE CONTACT|FINAL CLEAN|FINAL THICKNESS MEASURE|FINAL GEOMETRY CHECK|FINAL CD INSPECTION|FINAL PARTICLE INSPECTION|PARAMETRIC TEST|LEAKAGE TEST|BREAKDOWN VOLTAGE TEST|SWITCHING TEST|YIELD ANALYSIS|WAFER SORT TEST|FINAL LOT RELEASE|SHIP LOT|FINAL CD INSPECTION|FINAL PARTICLE INSPECTION|PARAMETRIC TEST|SWITCHING TEST|WAFER SORT TEST|FINAL LOT RELEASE|SHIP LOT|FINAL CD INSPECTION|FINAL PARTICLE INSPECTION|PARAMETRIC TEST|SWITCHING TEST|WAFER SORT TEST|FINAL LOT RELEASE|SHIP LOT|FINAL CD INSPECTION|FINAL PARTICLE INSPECTION|PARAMETRIC TEST|SWITCHING TEST|WAFER SORT TEST|FINAL LOT RELEASE|SHIP LOT|FINAL CD INSPECTION|FINAL PARTICLE INSPECTION|PARAMETRIC TEST|SWITCHING TEST|FINAL LOT RELEASE|SHIP LOT|IMPLANT P BODY
valid_0084,PASSIVATION ETCH PAD OPENING|STRIP RESIST|CLEAN PAD OPENING|MEASURE PAD OPENING|BACKSIDE GRIND|MEASURE WAFER THICKNESS|BACKSIDE ETCH CLEAN|BACKSIDE RINSE|BACKSIDE DRY|BACKSIDE METALLIZATION PREP|DEPOSIT BACKSIDE METAL|BACKSIDE ANNEAL|MEASURE BACKSIDE CONTACT|FINAL CLEAN|FINAL THICKNESS MEASURE|FINAL GEOMETRY CHECK|FINAL CD INSPECTION|FINAL PARTICLE INSPECTION|PARAMETRIC TEST|LEAKAGE TEST|BREAKDOWN VOLTAGE TEST|SWITCHING TEST|YIELD ANALYSIS|WAFER SORT TEST|FINAL LOT RELEASE|SHIP LOT|FINAL CD INSPECTION|FINAL PARTICLE INSPECTION|PARAMETRIC TEST|SWITCHING TEST|WAFER SORT TEST|FINAL LOT RELEASE|SHIP LOT|FINAL CD INSPECTION|FINAL PARTICLE INSPECTION|PARAMETRIC TEST|SWITCHING TEST|WAFER SORT TEST|FINAL LOT RELEASE|SHIP LOT|FINAL CD INSPECTION|FINAL PARTICLE INSPECTION|PARAMETRIC TEST|SWITCHING TEST|WAFER SORT TEST|FINAL LOT RELEASE|SHIP LOT|FINAL CD INSPECTION|FINAL PARTICLE INSPECTION|PARAMETRIC TEST|SWITCHING TEST|FINAL LOT RELEASE|SHIP LOT|IMPLANT P BODY|BREAKDOWN VOLTAGE TEST|SWITCHING TEST|FINAL LOT RELEASE|SHIP LOT|FINAL CD INSPECTION|FINAL PARTICLE INSPECTION|PARAMETRIC TEST|LEAKAGE TEST|BREAKDOWN VOLTAGE TEST|SWITCHING TEST|FINAL LOT RELEASE|SHIP LOT|FINAL CD INSPECTION|FINAL PARTICLE INSPECTION|PARAMETRIC TEST|SWITCHING TEST|FINAL LOT RELEASE|SHIP LOT|FINAL CD INSPECTION|FINAL PARTICLE INSPECTION|PARAMETRIC TEST|SWITCHING TEST|WAFER SORT TEST|FINAL LOT RELEASE|SHIP LOT|FINAL CD INSPECTION
valid_0085,MEASURE VIA CD|DEPOSIT BARRIER METAL|DEPOSIT METAL SEED|FILL VIA METAL|CMP METAL|MEASURE VIA RESISTANCE|DEPOSIT TOP METAL|ANNEAL METAL 1|SPIN COAT PHOTORESIST|SOFT BAKE|ALIGN MASK LEVEL 6|EXPOSE LITHO LEVEL 6|DEVELOP PHOTORESIST|METAL PATTERN INSPECTION|METAL ETCH DRY|STRIP RESIST|CLEAN AFTER METAL ETCH|MEASURE LINE WIDTH|DEPOSIT PASSIVATION|CURE PASSIVATION|MEASURE PASSIVATION QUALITY|OPEN BOND PAD WINDOW|OPEN PAD WINDOW LITHO|DEVELOP PAD WINDOW|PASSIVATION ETCH PAD OPENING|STRIP RESIST|CLEAN PAD OPENING|MEASURE PAD OPENING|BACKSIDE GRIND|MEASURE WAFER THICKNESS|BACKSIDE ETCH CLEAN|BACKSIDE RINSE|BACKSIDE DRY|BACKSIDE METALLIZATION PREP|DEPOSIT BACKSIDE METAL|BACKSIDE ANNEAL|MEASURE BACKSIDE CONTACT|FINAL CLEAN|FINAL THICKNESS MEASURE|FINAL GEOMETRY CHECK|FINAL CD INSPECTION|FINAL PARTICLE INSPECTION|PARAMETRIC TEST|LEAKAGE TEST|BREAKDOWN VOLTAGE TEST|SWITCHING TEST|WAFER SORT TEST|YIELD ANALYSIS|FINAL LOT RELEASE|SHIP LOT|FINAL CD INSPECTION|FINAL PARTICLE INSPECTION|PARAMETRIC TEST|SWITCHING TEST|YIELD ANALYSIS|FINAL LOT RELEASE|SHIP LOT|FINAL CD INSPECTION|FINAL PARTICLE INSPECTION|PARAMETRIC TEST|SWITCHING TEST|WAFER SORT TEST|FINAL LOT RELEASE|SHIP LOT|FINAL CD INSPECTION|FINAL PARTICLE INSPECTION|PARAMETRIC TEST|SWITCHING TEST|WAFER SORT TEST|FINAL LOT RELEASE|SHIP LOT|FINAL CD INSPECTION|FINAL PARTICLE INSPECTION|PARAMETRIC TEST|SWITCHING TEST|FINAL LOT RELEASE|SHIP LOT|FINAL CD INSPECTION|FINAL PARTICLE INSPECTION|PARAMETRIC TEST
valid_0086,CLEAN PAD OPENING|MEASURE PAD OPENING|BACKSIDE GRIND|MEASURE WAFER THICKNESS|BACKSIDE ETCH CLEAN|BACKSIDE RINSE|BACKSIDE DRY|BACKSIDE METALLIZATION PREP|DEPOSIT BACKSIDE METAL|BACKSIDE ANNEAL|MEASURE BACKSIDE CONTACT|FINAL CLEAN|FINAL THICKNESS MEASURE|FINAL GEOMETRY CHECK|FINAL CD INSPECTION|FINAL PARTICLE INSPECTION|PARAMETRIC TEST|LEAKAGE TEST|BREAKDOWN VOLTAGE TEST|SWITCHING TEST|WAFER SORT TEST|YIELD ANALYSIS|FINAL LOT RELEASE|SHIP LOT|FINAL CD INSPECTION|FINAL PARTICLE INSPECTION|PARAMETRIC TEST|SWITCHING TEST|WAFER SORT TEST|FINAL LOT RELEASE|SHIP LOT|FINAL CD INSPECTION|FINAL PARTICLE INSPECTION|ELECTRICAL PARAMETRIC TEST|LEAKAGE TEST|BREAKDOWN VOLTAGE TEST|SWITCHING TEST|YIELD ANALYSIS|FINAL LOT RELEASE|SHIP LOT|FINAL CD INSPECTION|FINAL PARTICLE INSPECTION|PARAMETRIC TEST|SWITCHING TEST|WAFER SORT TEST|FINAL LOT RELEASE|SHIP LOT|FINAL CD INSPECTION|FINAL PARTICLE INSPECTION|PARAMETRIC TEST|SWITCHING TEST|FINAL LOT RELEASE|SHIP LOT|FINAL CD INSPECTION|FINAL PARTICLE INSPECTION|PARAMETRIC TEST|SWITCHING TEST|FINAL LOT RELEASE|SHIP LOT|IMPLANT P BODY|BREAKDOWN VOLTAGE TEST|SWITCHING TEST|FINAL LOT RELEASE|SHIP LOT|FINAL CD INSPECTION|FINAL PARTICLE INSPECTION|PARAMETRIC TEST|SWITCHING TEST|FINAL LOT RELEASE|SHIP LOT|FINAL CD INSPECTION|FINAL PARTICLE INSPECTION|PARAMETRIC TEST|SWITCHING TEST|FINAL LOT RELEASE|SHIP LOT|FINAL CD INSPECTION|FINAL PARTICLE INSPECTION|PARAMETRIC TEST|SWITCHING TEST
valid_0087,VIA ETCH|STRIP RESIST|CLEAN AFTER VIA ETCH|MEASURE VIA CD|DEPOSIT BARRIER METAL|DEPOSIT METAL SEED|FILL VIA METAL|CMP METAL|MEASURE VIA RESISTANCE|DEPOSIT TOP METAL|ANNEAL METAL 1|SPIN COAT PHOTORESIST|SOFT BAKE|ALIGN MASK LEVEL 6|EXPOSE LITHO LEVEL 6|DEVELOP PHOTORESIST|METAL PATTERN INSPECTION|METAL ETCH DRY|STRIP RESIST|CLEAN AFTER METAL ETCH|MEASURE LINE WIDTH|DEPOSIT PASSIVATION|CURE PASSIVATION|MEASURE PASSIVATION QUALITY|OPEN BOND PAD WINDOW|OPEN PAD WINDOW LITHO|DEVELOP PAD WINDOW|PASSIVATION ETCH PAD OPENING|STRIP RESIST|CLEAN PAD OPENING|MEASURE PAD OPENING|BACKSIDE GRIND|MEASURE WAFER THICKNESS|BACKSIDE ETCH CLEAN|BACKSIDE RINSE|BACKSIDE DRY|BACKSIDE METALLIZATION PREP|DEPOSIT BACKSIDE METAL|BACKSIDE ANNEAL|MEASURE BACKSIDE CONTACT|FINAL CLEAN|FINAL THICKNESS MEASURE|FINAL GEOMETRY CHECK|FINAL CD INSPECTION|FINAL PARTICLE INSPECTION|ELECTRICAL PARAMETRIC TEST|LEAKAGE TEST|BREAKDOWN VOLTAGE TEST|SWITCHING TEST|YIELD ANALYSIS|WAFER SORT TEST|FINAL LOT RELEASE|SHIP LOT|FINAL CD INSPECTION|FINAL PARTICLE INSPECTION|PARAMETRIC TEST|SWITCHING TEST|WAFER SORT TEST|FINAL LOT RELEASE|SHIP LOT|FINAL CD INSPECTION|FINAL PARTICLE INSPECTION|PARAMETRIC TEST|SWITCHING TEST|WAFER SORT TEST|FINAL LOT RELEASE|SHIP LOT|FINAL CD INSPECTION|FINAL PARTICLE INSPECTION|PARAMETRIC TEST|SWITCHING TEST|WAFER SORT TEST|FINAL LOT RELEASE|SHIP LOT|FINAL CD INSPECTION|FINAL PARTICLE INSPECTION|PARAMETRIC TEST|SWITCHING TEST|FINAL LOT RELEASE|SHIP LOT
valid_0088,OPEN PAD WINDOW LITHO|DEVELOP PAD WINDOW|PASSIVATION ETCH PAD OPENING|STRIP RESIST|CLEAN PAD OPENING|MEASURE PAD OPENING|BACKSIDE GRIND|MEASURE WAFER THICKNESS|BACKSIDE ETCH CLEAN|BACKSIDE RINSE|BACKSIDE DRY|BACKSIDE METALLIZATION PREP|DEPOSIT BACKSIDE METAL|BACKSIDE ANNEAL|MEASURE BACKSIDE CONTACT|FINAL CLEAN|FINAL THICKNESS MEASURE|FINAL GEOMETRY CHECK|FINAL CD INSPECTION|FINAL PARTICLE INSPECTION|ELECTRICAL PARAMETRIC TEST|LEAKAGE TEST|BREAKDOWN VOLTAGE TEST|SWITCHING TEST|YIELD ANALYSIS|WAFER SORT TEST|FINAL LOT RELEASE|SHIP LOT|FINAL CD INSPECTION|FINAL PARTICLE INSPECTION|PARAMETRIC TEST|SWITCHING TEST|WAFER SORT TEST|FINAL LOT RELEASE|SHIP LOT|FINAL CD INSPECTION|FINAL PARTICLE INSPECTION|PARAMETRIC TEST|SWITCHING TEST|WAFER SORT TEST|FINAL LOT RELEASE|SHIP LOT|FINAL CD INSPECTION|FINAL PARTICLE INSPECTION|PARAMETRIC TEST|SWITCHING TEST|WAFER SORT TEST|FINAL LOT RELEASE|SHIP LOT|FINAL CD INSPECTION|FINAL PARTICLE INSPECTION|PARAMETRIC TEST|SWITCHING TEST|FINAL LOT RELEASE|SHIP LOT|FINAL CD INSPECTION|FINAL PARTICLE INSPECTION|PARAMETRIC TEST|SWITCHING TEST|FINAL LOT RELEASE|SHIP LOT|FINAL CD INSPECTION|FINAL PARTICLE INSPECTION|PARAMETRIC TEST|LEAKAGE TEST|BREAKDOWN VOLTAGE TEST|SWITCHING TEST|FINAL LOT RELEASE|SHIP LOT|FINAL CD INSPECTION|FINAL PARTICLE INSPECTION|PARAMETRIC TEST|SWITCHING TEST|WAFER SORT TEST|FINAL LOT RELEASE|SHIP LOT|FINAL CD INSPECTION|FINAL PARTICLE INSPECTION|PARAMETRIC TEST|LEAKAGE TEST
valid_0089,CLEAN AFTER VIA ETCH|MEASURE VIA CD|DEPOSIT BARRIER METAL|DEPOSIT METAL SEED|FILL VIA METAL|CMP METAL|MEASURE VIA RESISTANCE|DEPOSIT METAL 1|ANNEAL METAL 1|SPIN COAT PHOTORESIST|SOFT BAKE|ALIGN MASK LEVEL 6|EXPOSE LITHO LEVEL 6|DEVELOP PHOTORESIST|METAL PATTERN INSPECTION|METAL ETCH DRY|STRIP RESIST|CLEAN AFTER METAL ETCH|MEASURE LINE WIDTH|DEPOSIT PASSIVATION|CURE PASSIVATION|MEASURE PASSIVATION QUALITY|OPEN BOND PAD WINDOW|OPEN PAD WINDOW LITHO|DEVELOP PAD WINDOW|PASSIVATION ETCH PAD OPENING|STRIP RESIST|CLEAN PAD OPENING|MEASURE PAD OPENING|BACKSIDE GRIND|MEASURE WAFER THICKNESS|BACKSIDE ETCH CLEAN|BACKSIDE RINSE|BACKSIDE DRY|BACKSIDE METALLIZATION PREP|DEPOSIT BACKSIDE METAL|BACKSIDE ANNEAL|MEASURE BACKSIDE CONTACT|FINAL CLEAN|FINAL THICKNESS MEASURE|FINAL GEOMETRY CHECK|FINAL CD INSPECTION|FINAL PARTICLE INSPECTION|PARAMETRIC TEST|LEAKAGE TEST|BREAKDOWN VOLTAGE TEST|SWITCHING TEST|YIELD ANALYSIS|WAFER SORT TEST|FINAL LOT RELEASE|SHIP LOT|FINAL CD INSPECTION|FINAL PARTICLE INSPECTION|PARAMETRIC TEST|SWITCHING TEST|WAFER SORT TEST|FINAL LOT RELEASE|SHIP LOT|FINAL CD INSPECTION|FINAL PARTICLE INSPECTION|PARAMETRIC TEST|SWITCHING TEST|WAFER SORT TEST|FINAL LOT RELEASE|SHIP LOT|FINAL CD INSPECTION|FINAL PARTICLE INSPECTION|PARAMETRIC TEST|SWITCHING TEST|WAFER SORT TEST|FINAL LOT RELEASE|SHIP LOT|FINAL CD INSPECTION|FINAL PARTICLE INSPECTION|PARAMETRIC TEST|SWITCHING TEST|FINAL LOT RELEASE|SHIP LOT|IMPLANT P BODY|BREAKDOWN VOLTAGE TEST
valid_0090,STRIP RESIST|CLEAN PAD OPENING|MEASURE PAD OPENING|BACKSIDE GRIND|MEASURE WAFER THICKNESS|BACKSIDE ETCH CLEAN|BACKSIDE RINSE|BACKSIDE DRY|BACKSIDE METALLIZATION PREP|DEPOSIT BACKSIDE METAL|BACKSIDE ANNEAL|MEASURE BACKSIDE CONTACT|FINAL CLEAN|FINAL THICKNESS MEASURE|FINAL GEOMETRY CHECK|FINAL CD INSPECTION|FINAL PARTICLE INSPECTION|PARAMETRIC TEST|LEAKAGE TEST|BREAKDOWN VOLTAGE TEST|SWITCHING TEST|YIELD ANALYSIS|WAFER SORT TEST|FINAL LOT RELEASE|SHIP LOT|FINAL CD INSPECTION|FINAL PARTICLE INSPECTION|PARAMETRIC TEST|SWITCHING TEST|WAFER SORT TEST|FINAL LOT RELEASE|SHIP LOT|FINAL CD INSPECTION|FINAL PARTICLE INSPECTION|PARAMETRIC TEST|SWITCHING TEST|WAFER SORT TEST|FINAL LOT RELEASE|SHIP LOT|FINAL CD INSPECTION|FINAL PARTICLE INSPECTION|PARAMETRIC TEST|SWITCHING TEST|WAFER SORT TEST|FINAL LOT RELEASE|SHIP LOT|FINAL CD INSPECTION|FINAL PARTICLE INSPECTION|PARAMETRIC TEST|SWITCHING TEST|FINAL LOT RELEASE|SHIP LOT|FINAL CD INSPECTION|FINAL PARTICLE INSPECTION|PARAMETRIC TEST|SWITCHING TEST|WAFER SORT TEST|FINAL LOT RELEASE|SHIP LOT|FINAL CD INSPECTION|FINAL PARTICLE INSPECTION|PARAMETRIC TEST|LEAKAGE TEST|BREAKDOWN VOLTAGE TEST|SWITCHING TEST|FINAL LOT RELEASE|SHIP LOT|FINAL CD INSPECTION|FINAL PARTICLE INSPECTION|PARAMETRIC TEST|LEAKAGE TEST|BREAKDOWN VOLTAGE TEST|SWITCHING TEST|FINAL LOT RELEASE|SHIP LOT|FINAL CD INSPECTION|FINAL PARTICLE INSPECTION|PARAMETRIC TEST|SWITCHING TEST|WAFER SORT TEST
valid_0091,MEASURE VIA CD|DEPOSIT BARRIER METAL|DEPOSIT METAL SEED|FILL VIA METAL|CMP METAL|MEASURE VIA RESISTANCE|DEPOSIT METAL 1|ANNEAL METAL 1|SPIN COAT PHOTORESIST|SOFT BAKE|ALIGN MASK LEVEL 6|EXPOSE LITHO LEVEL 6|DEVELOP PHOTORESIST|METAL PATTERN INSPECTION|METAL ETCH DRY|STRIP RESIST|CLEAN AFTER METAL ETCH|MEASURE LINE WIDTH|DEPOSIT PASSIVATION|CURE PASSIVATION|MEASURE PASSIVATION QUALITY|OPEN BOND PAD WINDOW|OPEN PAD WINDOW LITHO|DEVELOP PAD WINDOW|PASSIVATION ETCH|STRIP RESIST|CLEAN PAD OPENING|MEASURE PAD OPENING|BACKSIDE GRIND|MEASURE WAFER THICKNESS|BACKSIDE ETCH CLEAN|BACKSIDE RINSE|BACKSIDE DRY|BACKSIDE METALLIZATION PREP|DEPOSIT BACKSIDE METAL|BACKSIDE ANNEAL|MEASURE BACKSIDE CONTACT|FINAL CLEAN|FINAL THICKNESS MEASURE|FINAL GEOMETRY CHECK|FINAL CD INSPECTION|FINAL PARTICLE INSPECTION|PARAMETRIC TEST|LEAKAGE TEST|BREAKDOWN VOLTAGE TEST|SWITCHING TEST|WAFER SORT TEST|YIELD ANALYSIS|FINAL LOT RELEASE|PACKAGE PREPARATION|SHIP LOT|FINAL CD INSPECTION|FINAL PARTICLE INSPECTION|PARAMETRIC TEST|SWITCHING TEST|YIELD ANALYSIS|FINAL LOT RELEASE|SHIP LOT|FINAL CD INSPECTION|FINAL PARTICLE INSPECTION|PARAMETRIC TEST|SWITCHING TEST|WAFER SORT TEST|FINAL LOT RELEASE|SHIP LOT|FINAL CD INSPECTION|FINAL PARTICLE INSPECTION|PARAMETRIC TEST|SWITCHING TEST|WAFER SORT TEST|FINAL LOT RELEASE|SHIP LOT|FINAL CD INSPECTION|FINAL PARTICLE INSPECTION|PARAMETRIC TEST|SWITCHING TEST|FINAL LOT RELEASE|SHIP LOT|FINAL CD INSPECTION|FINAL PARTICLE INSPECTION
valid_0092,DEVELOP PAD WINDOW|PASSIVATION ETCH PAD OPENING|STRIP RESIST|CLEAN PAD OPENING|MEASURE PAD OPENING|BACKSIDE GRIND|MEASURE WAFER THICKNESS|BACKSIDE ETCH CLEAN|BACKSIDE RINSE|BACKSIDE DRY|BACKSIDE METALLIZATION PREP|DEPOSIT BACKSIDE METAL|BACKSIDE ANNEAL|MEASURE BACKSIDE CONTACT|FINAL CLEAN|FINAL THICKNESS MEASURE|FINAL GEOMETRY CHECK|FINAL CD INSPECTION|FINAL PARTICLE INSPECTION|PARAMETRIC TEST|LEAKAGE TEST|BREAKDOWN VOLTAGE TEST|SWITCHING TEST|YIELD ANALYSIS|WAFER SORT TEST|FINAL LOT RELEASE|SHIP LOT|FINAL CD INSPECTION|FINAL PARTICLE INSPECTION|PARAMETRIC TEST|SWITCHING TEST|WAFER SORT TEST|FINAL LOT RELEASE|SHIP LOT|FINAL CD INSPECTION|FINAL PARTICLE INSPECTION|PARAMETRIC TEST|SWITCHING TEST|WAFER SORT TEST|FINAL LOT RELEASE|SHIP LOT|FINAL CD INSPECTION|FINAL PARTICLE INSPECTION|PARAMETRIC TEST|SWITCHING TEST|WAFER SORT TEST|FINAL LOT RELEASE|SHIP LOT|FINAL CD INSPECTION|FINAL PARTICLE INSPECTION|PARAMETRIC TEST|SWITCHING TEST|FINAL LOT RELEASE|SHIP LOT|FINAL CD INSPECTION|FINAL PARTICLE INSPECTION|PARAMETRIC TEST|SWITCHING TEST|FINAL LOT RELEASE|SHIP LOT|FINAL CD INSPECTION|FINAL PARTICLE INSPECTION|PARAMETRIC TEST|LEAKAGE TEST|BREAKDOWN VOLTAGE TEST|SWITCHING TEST|FINAL LOT RELEASE|SHIP LOT|FINAL CD INSPECTION|FINAL PARTICLE INSPECTION|PARAMETRIC TEST|SWITCHING TEST|FINAL LOT RELEASE|SHIP LOT|FINAL CD INSPECTION|FINAL PARTICLE INSPECTION|PARAMETRIC TEST|SWITCHING TEST|WAFER SORT TEST|FINAL LOT RELEASE
valid_0093,STRIP RESIST|CLEAN AFTER VIA ETCH|MEASURE VIA CD|DEPOSIT BARRIER METAL|DEPOSIT METAL SEED|FILL VIA METAL|CMP METAL|MEASURE VIA RESISTANCE|DEPOSIT TOP METAL|ANNEAL METAL 1|SPIN COAT PHOTORESIST|SOFT BAKE|ALIGN MASK LEVEL 6|EXPOSE LITHO LEVEL 6|DEVELOP PHOTORESIST|METAL PATTERN INSPECTION|METAL ETCH DRY|STRIP RESIST|CLEAN AFTER METAL ETCH|MEASURE LINE WIDTH|DEPOSIT PASSIVATION|CURE PASSIVATION|MEASURE PASSIVATION QUALITY|OPEN BOND PAD WINDOW|OPEN PAD WINDOW LITHO|DEVELOP PAD WINDOW|PASSIVATION ETCH PAD OPENING|STRIP RESIST|CLEAN PAD OPENING|MEASURE PAD OPENING|BACKSIDE GRIND|MEASURE WAFER THICKNESS|BACKSIDE ETCH CLEAN|BACKSIDE RINSE|BACKSIDE DRY|BACKSIDE METALLIZATION PREP|DEPOSIT BACKSIDE METAL|BACKSIDE ANNEAL|MEASURE BACKSIDE CONTACT|FINAL CLEAN|FINAL THICKNESS MEASURE|FINAL GEOMETRY CHECK|FINAL CD INSPECTION|FINAL PARTICLE INSPECTION|PARAMETRIC TEST|LEAKAGE TEST|BREAKDOWN VOLTAGE TEST|SWITCHING TEST|WAFER SORT TEST|YIELD ANALYSIS|FINAL LOT RELEASE|SHIP LOT|FINAL CD INSPECTION|FINAL PARTICLE INSPECTION|PARAMETRIC TEST|SWITCHING TEST|WAFER SORT TEST|FINAL LOT RELEASE|SHIP LOT|FINAL CD INSPECTION|FINAL PARTICLE INSPECTION|PARAMETRIC TEST|SWITCHING TEST|YIELD ANALYSIS|FINAL LOT RELEASE|SHIP LOT|FINAL CD INSPECTION|FINAL PARTICLE INSPECTION|PARAMETRIC TEST|SWITCHING TEST|WAFER SORT TEST|FINAL LOT RELEASE|SHIP LOT|FINAL CD INSPECTION|FINAL PARTICLE INSPECTION|PARAMETRIC TEST|SWITCHING TEST|FINAL LOT RELEASE|SHIP LOT|FINAL CD INSPECTION
valid_0094,STRIP RESIST|CLEAN PAD OPENING|MEASURE PAD OPENING|BACKSIDE GRIND|MEASURE WAFER THICKNESS|BACKSIDE ETCH CLEAN|BACKSIDE RINSE|BACKSIDE DRY|BACKSIDE METALLIZATION PREP|DEPOSIT BACKSIDE METAL|BACKSIDE ANNEAL|FINAL CLEAN|FINAL THICKNESS MEASURE|FINAL GEOMETRY CHECK|FINAL OXIDE CHECK|FINAL CD INSPECTION|FINAL PARTICLE INSPECTION|PARAMETRIC TEST|LEAKAGE TEST|BREAKDOWN VOLTAGE TEST|SWITCHING TEST|WAFER SORT TEST|YIELD ANALYSIS|FINAL LOT RELEASE|PACKAGE PREPARATION|SHIP LOT|FINAL CD INSPECTION|FINAL PARTICLE INSPECTION|PARAMETRIC TEST|SWITCHING TEST|YIELD ANALYSIS|FINAL LOT RELEASE|SHIP LOT|FINAL CD INSPECTION|FINAL PARTICLE INSPECTION|PARAMETRIC TEST|SWITCHING TEST|WAFER SORT TEST|FINAL LOT RELEASE|SHIP LOT|FINAL CD INSPECTION|FINAL PARTICLE INSPECTION|PARAMETRIC TEST|SWITCHING TEST|WAFER SORT TEST|FINAL LOT RELEASE|SHIP LOT|FINAL CD INSPECTION|FINAL PARTICLE INSPECTION|PARAMETRIC TEST|SWITCHING TEST|WAFER SORT TEST|FINAL LOT RELEASE|SHIP LOT|FINAL CD INSPECTION|FINAL PARTICLE INSPECTION|PARAMETRIC TEST|SWITCHING TEST|FINAL LOT RELEASE|SHIP LOT|IMPLANT P BODY|BREAKDOWN VOLTAGE TEST|SWITCHING TEST|FINAL LOT RELEASE|SHIP LOT|FINAL CD INSPECTION|FINAL PARTICLE INSPECTION|PARAMETRIC TEST|SWITCHING TEST|FINAL LOT RELEASE|SHIP LOT|FINAL CD INSPECTION|FINAL PARTICLE INSPECTION|PARAMETRIC TEST|LEAKAGE TEST|BREAKDOWN VOLTAGE TEST|SWITCHING TEST|FINAL LOT RELEASE|SHIP LOT|FINAL CD INSPECTION
valid_0095,MEASURE VIA CD|DEPOSIT BARRIER METAL|DEPOSIT METAL SEED|FILL VIA METAL|CMP METAL|MEASURE VIA RESISTANCE|DEPOSIT METAL 1|ANNEAL METAL 1|SPIN COAT PHOTORESIST|SOFT BAKE|ALIGN MASK LEVEL 6|EXPOSE LITHO LEVEL 6|DEVELOP PHOTORESIST|METAL PATTERN INSPECTION|METAL ETCH DRY|STRIP RESIST|CLEAN AFTER METAL ETCH|MEASURE LINE WIDTH|DEPOSIT PASSIVATION|CURE PASSIVATION|MEASURE PASSIVATION QUALITY|OPEN BOND PAD WINDOW|OPEN PAD WINDOW LITHO|DEVELOP PAD WINDOW|PASSIVATION ETCH PAD OPENING|STRIP RESIST|CLEAN PAD OPENING|MEASURE PAD OPENING|BACKSIDE GRIND|MEASURE WAFER THICKNESS|BACKSIDE ETCH CLEAN|BACKSIDE RINSE|BACKSIDE DRY|BACKSIDE METALLIZATION PREP|DEPOSIT BACKSIDE METAL|BACKSIDE ANNEAL|MEASURE BACKSIDE CONTACT|FINAL CLEAN|FINAL THICKNESS MEASURE|FINAL GEOMETRY CHECK|FINAL CD INSPECTION|FINAL PARTICLE INSPECTION|PARAMETRIC TEST|LEAKAGE TEST|BREAKDOWN VOLTAGE TEST|SWITCHING TEST|YIELD ANALYSIS|WAFER SORT TEST|FINAL LOT RELEASE|SHIP LOT|FINAL CD INSPECTION|FINAL PARTICLE INSPECTION|PARAMETRIC TEST|SWITCHING TEST|WAFER SORT TEST|FINAL LOT RELEASE|SHIP LOT|FINAL CD INSPECTION|FINAL PARTICLE INSPECTION|PARAMETRIC TEST|SWITCHING TEST|WAFER SORT TEST|FINAL LOT RELEASE|SHIP LOT|FINAL CD INSPECTION|FINAL PARTICLE INSPECTION|PARAMETRIC TEST|SWITCHING TEST|WAFER SORT TEST|FINAL LOT RELEASE|SHIP LOT|FINAL CD INSPECTION|FINAL PARTICLE INSPECTION|PARAMETRIC TEST|SWITCHING TEST|FINAL LOT RELEASE|SHIP LOT|FINAL CD INSPECTION|FINAL PARTICLE INSPECTION|PARAMETRIC TEST
valid_0096,STRIP RESIST|CLEAN PAD OPENING|MEASURE PAD OPENING|BACKSIDE GRIND|MEASURE WAFER THICKNESS|BACKSIDE ETCH CLEAN|BACKSIDE RINSE|BACKSIDE DRY|BACKSIDE METALLIZATION PREP|DEPOSIT BACKSIDE METAL|BACKSIDE ANNEAL|MEASURE BACKSIDE CONTACT|FINAL CLEAN|FINAL THICKNESS MEASURE|FINAL GEOMETRY CHECK|FINAL CD INSPECTION|FINAL PARTICLE INSPECTION|PARAMETRIC TEST|LEAKAGE TEST|BREAKDOWN VOLTAGE TEST|SWITCHING TEST|YIELD ANALYSIS|WAFER SORT TEST|FINAL LOT RELEASE|SHIP LOT|FINAL CD INSPECTION|FINAL PARTICLE INSPECTION|PARAMETRIC TEST|SWITCHING TEST|WAFER SORT TEST|FINAL LOT RELEASE|SHIP LOT|FINAL CD INSPECTION|FINAL PARTICLE INSPECTION|PARAMETRIC TEST|SWITCHING TEST|WAFER SORT TEST|FINAL LOT RELEASE|SHIP LOT|FINAL CD INSPECTION|FINAL PARTICLE INSPECTION|PARAMETRIC TEST|SWITCHING TEST|WAFER SORT TEST|FINAL LOT RELEASE|SHIP LOT|FINAL CD INSPECTION|FINAL PARTICLE INSPECTION|PARAMETRIC TEST|SWITCHING TEST|FINAL LOT RELEASE|SHIP LOT|FINAL CD INSPECTION|FINAL PARTICLE INSPECTION|PARAMETRIC TEST|SWITCHING TEST|FINAL LOT RELEASE|SHIP LOT|FINAL CD INSPECTION|FINAL PARTICLE INSPECTION|PARAMETRIC TEST|SWITCHING TEST|FINAL LOT RELEASE|SHIP LOT|FINAL CD INSPECTION|FINAL PARTICLE INSPECTION|PARAMETRIC TEST|LEAKAGE TEST|BREAKDOWN VOLTAGE TEST|SWITCHING TEST|FINAL LOT RELEASE|SHIP LOT|FINAL CD INSPECTION|FINAL PARTICLE INSPECTION|PARAMETRIC TEST|SWITCHING TEST|WAFER SORT TEST|FINAL LOT RELEASE|SHIP LOT|FINAL CD INSPECTION
valid_0097,CLEAN AFTER VIA ETCH|MEASURE VIA CD|DEPOSIT BARRIER METAL|DEPOSIT METAL SEED|FILL VIA METAL|CMP METAL|MEASURE VIA RESISTANCE|DEPOSIT METAL 1|ANNEAL METAL 1|SPIN COAT PHOTORESIST|SOFT BAKE|ALIGN MASK LEVEL 6|EXPOSE LITHO LEVEL 6|DEVELOP PHOTORESIST|METAL PATTERN INSPECTION|METAL ETCH DRY|STRIP RESIST|CLEAN AFTER METAL ETCH|MEASURE LINE WIDTH|DEPOSIT PASSIVATION|CURE PASSIVATION|MEASURE PASSIVATION QUALITY|OPEN BOND PAD WINDOW|OPEN PAD WINDOW LITHO|DEVELOP PAD WINDOW|PASSIVATION ETCH PAD OPENING|STRIP RESIST|CLEAN PAD OPENING|MEASURE PAD OPENING|BACKSIDE GRIND|MEASURE WAFER THICKNESS|BACKSIDE ETCH CLEAN|BACKSIDE RINSE|BACKSIDE DRY|BACKSIDE METALLIZATION PREP|DEPOSIT BACKSIDE METAL|BACKSIDE ANNEAL|MEASURE BACKSIDE CONTACT|FINAL CLEAN|FINAL THICKNESS MEASURE|FINAL GEOMETRY CHECK|FINAL CD INSPECTION|FINAL PARTICLE INSPECTION|PARAMETRIC TEST|LEAKAGE TEST|BREAKDOWN VOLTAGE TEST|SWITCHING TEST|YIELD ANALYSIS|WAFER SORT TEST|FINAL LOT RELEASE|SHIP LOT|FINAL CD INSPECTION|FINAL PARTICLE INSPECTION|PARAMETRIC TEST|SWITCHING TEST|WAFER SORT TEST|FINAL LOT RELEASE|SHIP LOT|FINAL CD INSPECTION|FINAL PARTICLE INSPECTION|PARAMETRIC TEST|SWITCHING TEST|WAFER SORT TEST|FINAL LOT RELEASE|SHIP LOT|FINAL CD INSPECTION|FINAL PARTICLE INSPECTION|PARAMETRIC TEST|SWITCHING TEST|WAFER SORT TEST|FINAL LOT RELEASE|SHIP LOT|FINAL CD INSPECTION|FINAL PARTICLE INSPECTION|PARAMETRIC TEST|SWITCHING TEST|WAFER SORT TEST|FINAL LOT RELEASE|SHIP LOT|IMPLANT P BODY
valid_0098,PASSIVATION ETCH PAD OPENING|STRIP RESIST|CLEAN PAD OPENING|MEASURE PAD OPENING|BACKSIDE GRIND|MEASURE WAFER THICKNESS|BACKSIDE ETCH CLEAN|BACKSIDE RINSE|BACKSIDE DRY|BACKSIDE METALLIZATION PREP|DEPOSIT BACKSIDE METAL|BACKSIDE ANNEAL|MEASURE BACKSIDE CONTACT|FINAL CLEAN|FINAL THICKNESS MEASURE|FINAL GEOMETRY CHECK|FINAL CD INSPECTION|FINAL PARTICLE INSPECTION|PARAMETRIC TEST|LEAKAGE TEST|BREAKDOWN VOLTAGE TEST|SWITCHING TEST|YIELD ANALYSIS|WAFER SORT TEST|FINAL LOT RELEASE|SHIP LOT|FINAL CD INSPECTION|FINAL PARTICLE INSPECTION|PARAMETRIC TEST|SWITCHING TEST|WAFER SORT TEST|FINAL LOT RELEASE|SHIP LOT|FINAL CD INSPECTION|FINAL PARTICLE INSPECTION|PARAMETRIC TEST|SWITCHING TEST|WAFER SORT TEST|FINAL LOT RELEASE|SHIP LOT|FINAL CD INSPECTION|FINAL PARTICLE INSPECTION|PARAMETRIC TEST|SWITCHING TEST|WAFER SORT TEST|FINAL LOT RELEASE|SHIP LOT|FINAL CD INSPECTION|FINAL PARTICLE INSPECTION|PARAMETRIC TEST|SWITCHING TEST|WAFER SORT TEST|FINAL LOT RELEASE|SHIP LOT|IMPLANT P BODY|BREAKDOWN VOLTAGE TEST|SWITCHING TEST|FINAL LOT RELEASE|SHIP LOT|FINAL CD INSPECTION|FINAL PARTICLE INSPECTION|PARAMETRIC TEST|SWITCHING TEST|FINAL LOT RELEASE|SHIP LOT|FINAL CD INSPECTION|FINAL PARTICLE INSPECTION|PARAMETRIC TEST|LEAKAGE TEST|BREAKDOWN VOLTAGE TEST|SWITCHING TEST|FINAL LOT RELEASE|SHIP LOT|FINAL CD INSPECTION|FINAL PARTICLE INSPECTION|PARAMETRIC TEST|SWITCHING TEST|WAFER SORT TEST|FINAL LOT RELEASE|SHIP LOT
valid_0099,FILL VIA METAL|CMP METAL|MEASURE VIA RESISTANCE|DEPOSIT METAL 1|ANNEAL METAL 1|SPIN COAT PHOTORESIST|SOFT BAKE|ALIGN MASK LEVEL 6|EXPOSE LITHO LEVEL 6|DEVELOP PHOTORESIST|METAL PATTERN INSPECTION|METAL ETCH DRY|STRIP RESIST|CLEAN AFTER METAL ETCH|MEASURE LINE WIDTH|DEPOSIT PASSIVATION|CURE PASSIVATION|MEASURE PASSIVATION QUALITY|OPEN BOND PAD WINDOW|OPEN PAD WINDOW LITHO|DEVELOP PAD WINDOW|PASSIVATION ETCH PAD OPENING|STRIP RESIST|CLEAN PAD OPENING|MEASURE PAD OPENING|BACKSIDE GRIND|MEASURE WAFER THICKNESS|BACKSIDE ETCH CLEAN|BACKSIDE RINSE|BACKSIDE DRY|BACKSIDE METALLIZATION PREP|DEPOSIT BACKSIDE METAL|BACKSIDE ANNEAL|MEASURE BACKSIDE CONTACT|FINAL CLEAN|FINAL THICKNESS MEASURE|FINAL GEOMETRY CHECK|FINAL CD INSPECTION|FINAL PARTICLE INSPECTION|ELECTRICAL PARAMETRIC TEST|LEAKAGE TEST|BREAKDOWN VOLTAGE TEST|SWITCHING TEST|WAFER SORT TEST|YIELD ANALYSIS|FINAL LOT RELEASE|SHIP LOT|FINAL CD INSPECTION|FINAL PARTICLE INSPECTION|ELECTRICAL PARAMETRIC TEST|SWITCHING TEST|WAFER SORT TEST|FINAL LOT RELEASE|SHIP LOT|FINAL CD INSPECTION|FINAL PARTICLE INSPECTION|ELECTRICAL PARAMETRIC TEST|LEAKAGE TEST|BREAKDOWN VOLTAGE TEST|SWITCHING TEST|YIELD ANALYSIS|FINAL LOT RELEASE|SHIP LOT|FINAL CD INSPECTION|FINAL PARTICLE INSPECTION|ELECTRICAL PARAMETRIC TEST|SWITCHING TEST|WAFER SORT TEST|FINAL LOT RELEASE|SHIP LOT|FINAL CD INSPECTION|FINAL PARTICLE INSPECTION|ELECTRICAL PARAMETRIC TEST|LEAKAGE TEST|BREAKDOWN VOLTAGE TEST|SWITCHING TEST|FINAL LOT RELEASE|SHIP LOT|FINAL CD INSPECTION|FINAL PARTICLE INSPECTION
valid_0100,CLEAN PAD OPENING|MEASURE PAD OPENING|BACKSIDE GRIND|MEASURE WAFER THICKNESS|BACKSIDE ETCH CLEAN|BACKSIDE RINSE|BACKSIDE DRY|BACKSIDE METALLIZATION PREP|DEPOSIT BACKSIDE METAL|BACKSIDE ANNEAL|MEASURE BACKSIDE CONTACT|FINAL CLEAN|FINAL THICKNESS MEASURE|FINAL GEOMETRY CHECK|FINAL CD INSPECTION|FINAL PARTICLE INSPECTION|PARAMETRIC TEST|LEAKAGE TEST|BREAKDOWN VOLTAGE TEST|SWITCHING TEST|WAFER SORT TEST|YIELD ANALYSIS|FINAL LOT RELEASE|SHIP LOT|FINAL CD INSPECTION|FINAL PARTICLE INSPECTION|PARAMETRIC TEST|SWITCHING TEST|WAFER SORT TEST|FINAL LOT RELEASE|SHIP LOT|FINAL CD INSPECTION|FINAL PARTICLE INSPECTION|PARAMETRIC TEST|SWITCHING TEST|YIELD ANALYSIS|FINAL LOT RELEASE|SHIP LOT|FINAL CD INSPECTION|FINAL PARTICLE INSPECTION|PARAMETRIC TEST|SWITCHING TEST|WAFER SORT TEST|FINAL LOT RELEASE|SHIP LOT|FINAL CD INSPECTION|FINAL PARTICLE INSPECTION|PARAMETRIC TEST|SWITCHING TEST|FINAL LOT RELEASE|SHIP LOT|FINAL CD INSPECTION|FINAL PARTICLE INSPECTION|PARAMETRIC TEST|SWITCHING TEST|FINAL LOT RELEASE|SHIP LOT|IMPLANT P BODY|BREAKDOWN VOLTAGE TEST|SWITCHING TEST|FINAL LOT RELEASE|SHIP LOT|FINAL CD INSPECTION|FINAL PARTICLE INSPECTION|PARAMETRIC TEST|LEAKAGE TEST|BREAKDOWN VOLTAGE TEST|SWITCHING TEST|FINAL LOT RELEASE|SHIP LOT|FINAL CD INSPECTION|FINAL PARTICLE INSPECTION|PARAMETRIC TEST|SWITCHING TEST|FINAL LOT RELEASE|SHIP LOT|FINAL CD INSPECTION|FINAL PARTICLE INSPECTION|PARAMETRIC TEST|SWITCHING TEST
valid_0101,CLEAN AFTER VIA ETCH|MEASURE VIA CD|DEPOSIT BARRIER METAL|DEPOSIT METAL SEED|FILL VIA METAL|CMP METAL|MEASURE VIA RESISTANCE|DEPOSIT TOP METAL|ANNEAL METAL 1|SPIN COAT PHOTORESIST|SOFT BAKE|ALIGN MASK LEVEL 6|EXPOSE LITHO LEVEL 6|DEVELOP PHOTORESIST|METAL PATTERN INSPECTION|METAL ETCH DRY|STRIP RESIST|CLEAN AFTER METAL ETCH|MEASURE LINE WIDTH|DEPOSIT PASSIVATION|CURE PASSIVATION|MEASURE PASSIVATION QUALITY|OPEN BOND PAD WINDOW|OPEN PAD WINDOW LITHO|DEVELOP PAD WINDOW|PASSIVATION ETCH PAD OPENING|STRIP RESIST|CLEAN PAD OPENING|MEASURE PAD OPENING|BACKSIDE GRIND|MEASURE WAFER THICKNESS|BACKSIDE ETCH CLEAN|BACKSIDE RINSE|BACKSIDE DRY|BACKSIDE METALLIZATION PREP|DEPOSIT BACKSIDE METAL|BACKSIDE ANNEAL|MEASURE BACKSIDE CONTACT|FINAL CLEAN|FINAL THICKNESS MEASURE|FINAL GEOMETRY CHECK|FINAL CD INSPECTION|FINAL PARTICLE INSPECTION|PARAMETRIC TEST|LEAKAGE TEST|BREAKDOWN VOLTAGE TEST|SWITCHING TEST|WAFER SORT TEST|YIELD ANALYSIS|FINAL LOT RELEASE|SHIP LOT|FINAL CD INSPECTION|FINAL PARTICLE INSPECTION|PARAMETRIC TEST|SWITCHING TEST|WAFER SORT TEST|FINAL LOT RELEASE|SHIP LOT|FINAL CD INSPECTION|FINAL PARTICLE INSPECTION|ELECTRICAL PARAMETRIC TEST|LEAKAGE TEST|BREAKDOWN VOLTAGE TEST|SWITCHING TEST|YIELD ANALYSIS|FINAL LOT RELEASE|SHIP LOT|FINAL CD INSPECTION|FINAL PARTICLE INSPECTION|PARAMETRIC TEST|SWITCHING TEST|WAFER SORT TEST|FINAL LOT RELEASE|SHIP LOT|FINAL CD INSPECTION|FINAL PARTICLE INSPECTION|PARAMETRIC TEST|SWITCHING TEST|FINAL LOT RELEASE|SHIP LOT
valid_0102,STRIP RESIST|CLEAN PAD OPENING|MEASURE PAD OPENING|BACKSIDE GRIND|MEASURE WAFER THICKNESS|BACKSIDE ETCH CLEAN|BACKSIDE RINSE|BACKSIDE DRY|BACKSIDE METALLIZATION PREP|DEPOSIT BACKSIDE METAL|BACKSIDE ANNEAL|MEASURE BACKSIDE CONTACT|FINAL CLEAN|FINAL THICKNESS MEASURE|FINAL GEOMETRY CHECK|FINAL CD INSPECTION|FINAL PARTICLE INSPECTION|PARAMETRIC TEST|LEAKAGE TEST|BREAKDOWN VOLTAGE TEST|SWITCHING TEST|WAFER SORT TEST|YIELD ANALYSIS|FINAL LOT RELEASE|SHIP LOT|FINAL CD INSPECTION|FINAL PARTICLE INSPECTION|PARAMETRIC TEST|SWITCHING TEST|YIELD ANALYSIS|FINAL LOT RELEASE|SHIP LOT|FINAL CD INSPECTION|FINAL PARTICLE INSPECTION|PARAMETRIC TEST|SWITCHING TEST|WAFER SORT TEST|FINAL LOT RELEASE|SHIP LOT|FINAL CD INSPECTION|FINAL PARTICLE INSPECTION|PARAMETRIC TEST|SWITCHING TEST|WAFER SORT TEST|FINAL LOT RELEASE|SHIP LOT|FINAL CD INSPECTION|FINAL PARTICLE INSPECTION|PARAMETRIC TEST|SWITCHING TEST|WAFER SORT TEST|FINAL LOT RELEASE|SHIP LOT|FINAL CD INSPECTION|FINAL PARTICLE INSPECTION|PARAMETRIC TEST|SWITCHING TEST|FINAL LOT RELEASE|SHIP LOT|IMPLANT P BODY|BREAKDOWN VOLTAGE TEST|SWITCHING TEST|FINAL LOT RELEASE|SHIP LOT|FINAL CD INSPECTION|FINAL PARTICLE INSPECTION|PARAMETRIC TEST|SWITCHING TEST|FINAL LOT RELEASE|SHIP LOT|FINAL CD INSPECTION|FINAL PARTICLE INSPECTION|PARAMETRIC TEST|LEAKAGE TEST|BREAKDOWN VOLTAGE TEST|SWITCHING TEST|FINAL LOT RELEASE|SHIP LOT|FINAL CD INSPECTION|FINAL PARTICLE INSPECTION
valid_0103,DEPOSIT BARRIER METAL|DEPOSIT METAL SEED|FILL VIA METAL|CMP METAL|MEASURE VIA RESISTANCE|DEPOSIT TOP METAL|ANNEAL METAL 1|SPIN COAT PHOTORESIST|SOFT BAKE|ALIGN MASK LEVEL 6|EXPOSE LITHO LEVEL 6|DEVELOP PHOTORESIST|METAL PATTERN INSPECTION|METAL ETCH DRY|STRIP RESIST|CLEAN AFTER METAL ETCH|MEASURE LINE WIDTH|DEPOSIT PASSIVATION|CURE PASSIVATION|MEASURE PASSIVATION QUALITY|OPEN BOND PAD WINDOW|OPEN PAD WINDOW LITHO|DEVELOP PAD WINDOW|PASSIVATION ETCH|STRIP RESIST|CLEAN PAD OPENING|MEASURE PAD OPENING|BACKSIDE GRIND|MEASURE WAFER THICKNESS|BACKSIDE ETCH CLEAN|BACKSIDE RINSE|BACKSIDE DRY|BACKSIDE METALLIZATION PREP|DEPOSIT BACKSIDE METAL|BACKSIDE ANNEAL|MEASURE BACKSIDE CONTACT|FINAL CLEAN|FINAL THICKNESS MEASURE|FINAL GEOMETRY CHECK|FINAL CD INSPECTION|FINAL PARTICLE INSPECTION|PARAMETRIC TEST|LEAKAGE TEST|BREAKDOWN VOLTAGE TEST|SWITCHING TEST|WAFER SORT TEST|YIELD ANALYSIS|FINAL LOT RELEASE|SHIP LOT|FINAL CD INSPECTION|FINAL PARTICLE INSPECTION|PARAMETRIC TEST|SWITCHING TEST|WAFER SORT TEST|FINAL LOT RELEASE|SHIP LOT|FINAL CD INSPECTION|FINAL PARTICLE INSPECTION|PARAMETRIC TEST|SWITCHING TEST|YIELD ANALYSIS|FINAL LOT RELEASE|SHIP LOT|FINAL CD INSPECTION|FINAL PARTICLE INSPECTION|PARAMETRIC TEST|SWITCHING TEST|WAFER SORT TEST|FINAL LOT RELEASE|SHIP LOT|FINAL CD INSPECTION|FINAL PARTICLE INSPECTION|PARAMETRIC TEST|LEAKAGE TEST|BREAKDOWN VOLTAGE TEST|SWITCHING TEST|FINAL LOT RELEASE|SHIP LOT|FINAL CD INSPECTION|FINAL PARTICLE INSPECTION
valid_0104,PASSIVATION ETCH|STRIP RESIST|CLEAN PAD OPENING|MEASURE PAD OPENING|BACKSIDE GRIND|MEASURE WAFER THICKNESS|BACKSIDE ETCH CLEAN|BACKSIDE RINSE|BACKSIDE DRY|BACKSIDE METALLIZATION PREP|DEPOSIT BACKSIDE METAL|BACKSIDE ANNEAL|MEASURE BACKSIDE CONTACT|FINAL CLEAN|FINAL THICKNESS MEASURE|FINAL GEOMETRY CHECK|FINAL CD INSPECTION|FINAL PARTICLE INSPECTION|PARAMETRIC TEST|LEAKAGE TEST|BREAKDOWN VOLTAGE TEST|SWITCHING TEST|YIELD ANALYSIS|WAFER SORT TEST|FINAL LOT RELEASE|SHIP LOT|FINAL CD INSPECTION|FINAL PARTICLE INSPECTION|PARAMETRIC TEST|SWITCHING TEST|WAFER SORT TEST|FINAL LOT RELEASE|SHIP LOT|FINAL CD INSPECTION|FINAL PARTICLE INSPECTION|PARAMETRIC TEST|SWITCHING TEST|WAFER SORT TEST|FINAL LOT RELEASE|SHIP LOT|FINAL CD INSPECTION|FINAL PARTICLE INSPECTION|PARAMETRIC TEST|SWITCHING TEST|WAFER SORT TEST|FINAL LOT RELEASE|SHIP LOT|FINAL CD INSPECTION|FINAL PARTICLE INSPECTION|PARAMETRIC TEST|SWITCHING TEST|WAFER SORT TEST|FINAL LOT RELEASE|SHIP LOT|IMPLANT P BODY|BREAKDOWN VOLTAGE TEST|SWITCHING TEST|FINAL LOT RELEASE|SHIP LOT|FINAL CD INSPECTION|FINAL PARTICLE INSPECTION|PARAMETRIC TEST|LEAKAGE TEST|BREAKDOWN VOLTAGE TEST|SWITCHING TEST|FINAL LOT RELEASE|SHIP LOT|FINAL CD INSPECTION|FINAL PARTICLE INSPECTION|PARAMETRIC TEST|SWITCHING TEST|FINAL LOT RELEASE|SHIP LOT|FINAL CD INSPECTION|FINAL PARTICLE INSPECTION|PARAMETRIC TEST|SWITCHING TEST|WAFER SORT TEST|FINAL LOT RELEASE|SHIP LOT
valid_0105,DEPOSIT BARRIER METAL|DEPOSIT METAL SEED|FILL VIA METAL|CMP METAL|MEASURE VIA RESISTANCE|DEPOSIT METAL 1|ANNEAL METAL 1|SPIN COAT PHOTORESIST|SOFT BAKE|ALIGN MASK LEVEL 6|EXPOSE LITHO LEVEL 6|DEVELOP PHOTORESIST|METAL PATTERN INSPECTION|METAL ETCH DRY|STRIP RESIST|CLEAN AFTER METAL ETCH|MEASURE LINE WIDTH|DEPOSIT PASSIVATION|CURE PASSIVATION|MEASURE PASSIVATION QUALITY|OPEN BOND PAD WINDOW|OPEN PAD WINDOW LITHO|DEVELOP PAD WINDOW|PASSIVATION ETCH PAD OPENING|STRIP RESIST|CLEAN PAD OPENING|MEASURE PAD OPENING|BACKSIDE GRIND|MEASURE WAFER THICKNESS|BACKSIDE ETCH CLEAN|BACKSIDE RINSE|BACKSIDE DRY|BACKSIDE METALLIZATION PREP|DEPOSIT BACKSIDE METAL|BACKSIDE ANNEAL|MEASURE BACKSIDE CONTACT|FINAL CLEAN|FINAL THICKNESS MEASURE|FINAL GEOMETRY CHECK|FINAL CD INSPECTION|FINAL PARTICLE INSPECTION|PARAMETRIC TEST|LEAKAGE TEST|BREAKDOWN VOLTAGE TEST|SWITCHING TEST|WAFER SORT TEST|YIELD ANALYSIS|FINAL LOT RELEASE|SHIP LOT|FINAL CD INSPECTION|FINAL PARTICLE INSPECTION|PARAMETRIC TEST|SWITCHING TEST|WAFER SORT TEST|FINAL LOT RELEASE|SHIP LOT|FINAL CD INSPECTION|FINAL PARTICLE INSPECTION|PARAMETRIC TEST|SWITCHING TEST|YIELD ANALYSIS|FINAL LOT RELEASE|SHIP LOT|FINAL CD INSPECTION|FINAL PARTICLE INSPECTION|PARAMETRIC TEST|SWITCHING TEST|WAFER SORT TEST|FINAL LOT RELEASE|SHIP LOT|FINAL CD INSPECTION|FINAL PARTICLE INSPECTION|PARAMETRIC TEST|LEAKAGE TEST|BREAKDOWN VOLTAGE TEST|SWITCHING TEST|FINAL LOT RELEASE|SHIP LOT|FINAL CD INSPECTION|FINAL PARTICLE INSPECTION
valid_0106,STRIP RESIST|CLEAN PAD OPENING|MEASURE PAD OPENING|BACKSIDE GRIND|MEASURE WAFER THICKNESS|BACKSIDE ETCH CLEAN|BACKSIDE RINSE|BACKSIDE DRY|BACKSIDE METALLIZATION PREP|DEPOSIT BACKSIDE METAL|BACKSIDE ANNEAL|MEASURE BACKSIDE CONTACT|FINAL CLEAN|FINAL THICKNESS MEASURE|FINAL GEOMETRY CHECK|FINAL CD INSPECTION|FINAL PARTICLE INSPECTION|PARAMETRIC TEST|LEAKAGE TEST|BREAKDOWN VOLTAGE TEST|SWITCHING TEST|WAFER SORT TEST|YIELD ANALYSIS|FINAL LOT RELEASE|PACKAGE PREPARATION|SHIP LOT|FINAL CD INSPECTION|FINAL PARTICLE INSPECTION|PARAMETRIC TEST|SWITCHING TEST|YIELD ANALYSIS|FINAL LOT RELEASE|SHIP LOT|FINAL CD INSPECTION|FINAL PARTICLE INSPECTION|PARAMETRIC TEST|SWITCHING TEST|WAFER SORT TEST|FINAL LOT RELEASE|SHIP LOT|FINAL CD INSPECTION|FINAL PARTICLE INSPECTION|PARAMETRIC TEST|SWITCHING TEST|WAFER SORT TEST|FINAL LOT RELEASE|SHIP LOT|FINAL CD INSPECTION|FINAL PARTICLE INSPECTION|PARAMETRIC TEST|SWITCHING TEST|FINAL LOT RELEASE|SHIP LOT|FINAL CD INSPECTION|FINAL PARTICLE INSPECTION|PARAMETRIC TEST|SWITCHING TEST|FINAL LOT RELEASE|SHIP LOT|FINAL CD INSPECTION|FINAL PARTICLE INSPECTION|PARAMETRIC TEST|LEAKAGE TEST|BREAKDOWN VOLTAGE TEST|SWITCHING TEST|FINAL LOT RELEASE|SHIP LOT|FINAL CD INSPECTION|FINAL PARTICLE INSPECTION|PARAMETRIC TEST|SWITCHING TEST|FINAL LOT RELEASE|SHIP LOT|FINAL CD INSPECTION|FINAL PARTICLE INSPECTION|PARAMETRIC TEST|SWITCHING TEST|WAFER SORT TEST|FINAL LOT RELEASE|SHIP LOT
valid_0107,DEPOSIT METAL SEED|FILL VIA METAL|CMP METAL|MEASURE VIA RESISTANCE|DEPOSIT TOP METAL|ANNEAL METAL 1|SPIN COAT PHOTORESIST|SOFT BAKE|ALIGN MASK LEVEL 6|EXPOSE LITHO LEVEL 6|DEVELOP PHOTORESIST|METAL PATTERN INSPECTION|METAL ETCH DRY|STRIP RESIST|CLEAN AFTER METAL ETCH|MEASURE LINE WIDTH|DEPOSIT PASSIVATION|CURE PASSIVATION|MEASURE PASSIVATION QUALITY|OPEN BOND PAD WINDOW|OPEN PAD WINDOW LITHO|DEVELOP PAD WINDOW|PASSIVATION ETCH PAD OPENING|STRIP RESIST|CLEAN PAD OPENING|MEASURE PAD OPENING|BACKSIDE GRIND|MEASURE WAFER THICKNESS|BACKSIDE ETCH CLEAN|BACKSIDE RINSE|BACKSIDE DRY|BACKSIDE METALLIZATION PREP|DEPOSIT BACKSIDE METAL|BACKSIDE ANNEAL|MEASURE BACKSIDE CONTACT|FINAL CLEAN|FINAL THICKNESS MEASURE|FINAL GEOMETRY CHECK|FINAL CD INSPECTION|FINAL PARTICLE INSPECTION|PARAMETRIC TEST|LEAKAGE TEST|BREAKDOWN VOLTAGE TEST|SWITCHING TEST|WAFER SORT TEST|YIELD ANALYSIS|FINAL LOT RELEASE|SHIP LOT|FINAL CD INSPECTION|FINAL PARTICLE INSPECTION|PARAMETRIC TEST|SWITCHING TEST|WAFER SORT TEST|FINAL LOT RELEASE|SHIP LOT|FINAL CD INSPECTION|FINAL PARTICLE INSPECTION|PARAMETRIC TEST|SWITCHING TEST|YIELD ANALYSIS|FINAL LOT RELEASE|SHIP LOT|FINAL CD INSPECTION|FINAL PARTICLE INSPECTION|PARAMETRIC TEST|SWITCHING TEST|WAFER SORT TEST|FINAL LOT RELEASE|SHIP LOT|FINAL CD INSPECTION|FINAL PARTICLE INSPECTION|PARAMETRIC TEST|SWITCHING TEST|FINAL LOT RELEASE|SHIP LOT|FINAL CD INSPECTION|FINAL PARTICLE INSPECTION|PARAMETRIC TEST|SWITCHING TEST|FINAL LOT RELEASE
valid_0108,PASSIVATION ETCH PAD OPENING|STRIP RESIST|CLEAN PAD OPENING|MEASURE PAD OPENING|BACKSIDE GRIND|MEASURE WAFER THICKNESS|BACKSIDE ETCH CLEAN|BACKSIDE RINSE|BACKSIDE DRY|BACKSIDE METALLIZATION PREP|DEPOSIT BACKSIDE METAL|BACKSIDE ANNEAL|MEASURE BACKSIDE CONTACT|FINAL CLEAN|FINAL THICKNESS MEASURE|FINAL GEOMETRY CHECK|FINAL CD INSPECTION|FINAL PARTICLE INSPECTION|PARAMETRIC TEST|LEAKAGE TEST|BREAKDOWN VOLTAGE TEST|SWITCHING TEST|YIELD ANALYSIS|WAFER SORT TEST|FINAL LOT RELEASE|SHIP LOT|FINAL CD INSPECTION|FINAL PARTICLE INSPECTION|PARAMETRIC TEST|SWITCHING TEST|WAFER SORT TEST|FINAL LOT RELEASE|SHIP LOT|FINAL CD INSPECTION|FINAL PARTICLE INSPECTION|PARAMETRIC TEST|SWITCHING TEST|WAFER SORT TEST|FINAL LOT RELEASE|SHIP LOT|FINAL CD INSPECTION|FINAL PARTICLE INSPECTION|PARAMETRIC TEST|SWITCHING TEST|WAFER SORT TEST|FINAL LOT RELEASE|SHIP LOT|FINAL CD INSPECTION|FINAL PARTICLE INSPECTION|PARAMETRIC TEST|SWITCHING TEST|FINAL LOT RELEASE|SHIP LOT|FINAL CD INSPECTION|FINAL PARTICLE INSPECTION|PARAMETRIC TEST|SWITCHING TEST|FINAL LOT RELEASE|SHIP LOT|FINAL CD INSPECTION|FINAL PARTICLE INSPECTION|PARAMETRIC TEST|SWITCHING TEST|FINAL LOT RELEASE|SHIP LOT|FINAL CD INSPECTION|FINAL PARTICLE INSPECTION|PARAMETRIC TEST|LEAKAGE TEST|BREAKDOWN VOLTAGE TEST|SWITCHING TEST|FINAL LOT RELEASE|SHIP LOT|FINAL CD INSPECTION|FINAL PARTICLE INSPECTION|PARAMETRIC TEST|SWITCHING TEST|WAFER SORT TEST|FINAL LOT RELEASE|SHIP LOT
valid_0109,CLEAN AFTER VIA ETCH|MEASURE VIA CD|DEPOSIT BARRIER METAL|DEPOSIT METAL SEED|FILL VIA METAL|CMP METAL|MEASURE VIA RESISTANCE|DEPOSIT METAL 1|ANNEAL METAL 1|SPIN COAT PHOTORESIST|SOFT BAKE|ALIGN MASK LEVEL 6|EXPOSE LITHO LEVEL 6|DEVELOP PHOTORESIST|METAL PATTERN INSPECTION|METAL ETCH DRY|STRIP RESIST|CLEAN AFTER METAL ETCH|MEASURE LINE WIDTH|DEPOSIT PASSIVATION|CURE PASSIVATION|MEASURE PASSIVATION QUALITY|OPEN BOND PAD WINDOW|OPEN PAD WINDOW LITHO|DEVELOP PAD WINDOW|PASSIVATION ETCH PAD OPENING|STRIP RESIST|CLEAN PAD OPENING|MEASURE PAD OPENING|BACKSIDE GRIND|MEASURE WAFER THICKNESS|BACKSIDE ETCH CLEAN|BACKSIDE RINSE|BACKSIDE DRY|BACKSIDE METALLIZATION PREP|DEPOSIT BACKSIDE METAL|BACKSIDE ANNEAL|MEASURE BACKSIDE CONTACT|FINAL CLEAN|FINAL THICKNESS MEASURE|FINAL GEOMETRY CHECK|FINAL CD INSPECTION|FINAL PARTICLE INSPECTION|PARAMETRIC TEST|LEAKAGE TEST|BREAKDOWN VOLTAGE TEST|SWITCHING TEST|YIELD ANALYSIS|WAFER SORT TEST|FINAL LOT RELEASE|SHIP LOT|FINAL CD INSPECTION|FINAL PARTICLE INSPECTION|PARAMETRIC TEST|SWITCHING TEST|WAFER SORT TEST|FINAL LOT RELEASE|SHIP LOT|FINAL CD INSPECTION|FINAL PARTICLE INSPECTION|PARAMETRIC TEST|SWITCHING TEST|WAFER SORT TEST|FINAL LOT RELEASE|SHIP LOT|FINAL CD INSPECTION|FINAL PARTICLE INSPECTION|PARAMETRIC TEST|SWITCHING TEST|WAFER SORT TEST|FINAL LOT RELEASE|SHIP LOT|FINAL CD INSPECTION|FINAL PARTICLE INSPECTION|PARAMETRIC TEST|SWITCHING TEST|WAFER SORT TEST|FINAL LOT RELEASE|SHIP LOT|FINAL CD INSPECTION
valid_0110,DEVELOP PAD WINDOW|PASSIVATION ETCH PAD OPENING|STRIP RESIST|CLEAN PAD OPENING|MEASURE PAD OPENING|BACKSIDE GRIND|MEASURE WAFER THICKNESS|BACKSIDE ETCH CLEAN|BACKSIDE RINSE|BACKSIDE DRY|BACKSIDE METALLIZATION PREP|DEPOSIT BACKSIDE METAL|BACKSIDE ANNEAL|MEASURE BACKSIDE CONTACT|FINAL CLEAN|FINAL THICKNESS MEASURE|FINAL GEOMETRY CHECK|FINAL CD INSPECTION|FINAL PARTICLE INSPECTION|PARAMETRIC TEST|LEAKAGE TEST|BREAKDOWN VOLTAGE TEST|SWITCHING TEST|YIELD ANALYSIS|WAFER SORT TEST|FINAL LOT RELEASE|SHIP LOT|FINAL CD INSPECTION|FINAL PARTICLE INSPECTION|PARAMETRIC TEST|SWITCHING TEST|WAFER SORT TEST|FINAL LOT RELEASE|SHIP LOT|FINAL CD INSPECTION|FINAL PARTICLE INSPECTION|PARAMETRIC TEST|SWITCHING TEST|WAFER SORT TEST|FINAL LOT RELEASE|SHIP LOT|FINAL CD INSPECTION|FINAL PARTICLE INSPECTION|PARAMETRIC TEST|SWITCHING TEST|WAFER SORT TEST|FINAL LOT RELEASE|SHIP LOT|FINAL CD INSPECTION|FINAL PARTICLE INSPECTION|PARAMETRIC TEST|SWITCHING TEST|FINAL LOT RELEASE|SHIP LOT|FINAL CD INSPECTION|FINAL PARTICLE INSPECTION|PARAMETRIC TEST|SWITCHING TEST|WAFER SORT TEST|FINAL LOT RELEASE|SHIP LOT|FINAL CD INSPECTION|FINAL PARTICLE INSPECTION|PARAMETRIC TEST|LEAKAGE TEST|BREAKDOWN VOLTAGE TEST|SWITCHING TEST|FINAL LOT RELEASE|SHIP LOT|FINAL CD INSPECTION|FINAL PARTICLE INSPECTION|PARAMETRIC TEST|SWITCHING TEST|FINAL LOT RELEASE|SHIP LOT|FINAL CD INSPECTION|FINAL PARTICLE INSPECTION|PARAMETRIC TEST|SWITCHING TEST|WAFER SORT TEST
valid_0111,CLEAN AFTER VIA ETCH|MEASURE VIA CD|DEPOSIT BARRIER METAL|DEPOSIT METAL SEED|FILL VIA METAL|CMP METAL|MEASURE VIA RESISTANCE|DEPOSIT METAL 1|ANNEAL METAL 1|SPIN COAT PHOTORESIST|SOFT BAKE|ALIGN MASK LEVEL 6|EXPOSE LITHO LEVEL 6|DEVELOP PHOTORESIST|METAL PATTERN INSPECTION|METAL ETCH DRY|STRIP RESIST|CLEAN AFTER METAL ETCH|MEASURE LINE WIDTH|DEPOSIT PASSIVATION|CURE PASSIVATION|MEASURE PASSIVATION QUALITY|OPEN BOND PAD WINDOW|OPEN PAD WINDOW LITHO|DEVELOP PAD WINDOW|PASSIVATION ETCH PAD OPENING|STRIP RESIST|CLEAN PAD OPENING|MEASURE PAD OPENING|BACKSIDE GRIND|MEASURE WAFER THICKNESS|BACKSIDE ETCH CLEAN|BACKSIDE RINSE|BACKSIDE DRY|BACKSIDE METALLIZATION PREP|DEPOSIT BACKSIDE METAL|BACKSIDE ANNEAL|MEASURE BACKSIDE CONTACT|FINAL CLEAN|FINAL THICKNESS MEASURE|FINAL GEOMETRY CHECK|FINAL CD INSPECTION|FINAL PARTICLE INSPECTION|PARAMETRIC TEST|LEAKAGE TEST|BREAKDOWN VOLTAGE TEST|SWITCHING TEST|YIELD ANALYSIS|WAFER SORT TEST|FINAL LOT RELEASE|SHIP LOT|FINAL CD INSPECTION|FINAL PARTICLE INSPECTION|PARAMETRIC TEST|SWITCHING TEST|WAFER SORT TEST|FINAL LOT RELEASE|SHIP LOT|FINAL CD INSPECTION|FINAL PARTICLE INSPECTION|PARAMETRIC TEST|SWITCHING TEST|WAFER SORT TEST|FINAL LOT RELEASE|SHIP LOT|FINAL CD INSPECTION|FINAL PARTICLE INSPECTION|PARAMETRIC TEST|SWITCHING TEST|WAFER SORT TEST|FINAL LOT RELEASE|SHIP LOT|FINAL CD INSPECTION|FINAL PARTICLE INSPECTION|PARAMETRIC TEST|SWITCHING TEST|WAFER SORT TEST|FINAL LOT RELEASE|SHIP LOT|IMPLANT P BODY
valid_0112,STRIP RESIST|CLEAN PAD OPENING|MEASURE PAD OPENING|BACKSIDE GRIND|MEASURE WAFER THICKNESS|BACKSIDE ETCH CLEAN|BACKSIDE RINSE|BACKSIDE DRY|BACKSIDE METALLIZATION PREP|DEPOSIT BACKSIDE METAL|BACKSIDE ANNEAL|MEASURE BACKSIDE CONTACT|FINAL CLEAN|FINAL THICKNESS MEASURE|FINAL GEOMETRY CHECK|FINAL CD INSPECTION|FINAL PARTICLE INSPECTION|PARAMETRIC TEST|LEAKAGE TEST|BREAKDOWN VOLTAGE TEST|SWITCHING TEST|WAFER SORT TEST|YIELD ANALYSIS|FINAL LOT RELEASE|SHIP LOT|FINAL CD INSPECTION|FINAL PARTICLE INSPECTION|PARAMETRIC TEST|SWITCHING TEST|WAFER SORT TEST|FINAL LOT RELEASE|SHIP LOT|FINAL CD INSPECTION|FINAL PARTICLE INSPECTION|PARAMETRIC TEST|SWITCHING TEST|WAFER SORT TEST|FINAL LOT RELEASE|SHIP LOT|FINAL CD INSPECTION|FINAL PARTICLE INSPECTION|PARAMETRIC TEST|SWITCHING TEST|WAFER SORT TEST|FINAL LOT RELEASE|SHIP LOT|FINAL CD INSPECTION|FINAL PARTICLE INSPECTION|PARAMETRIC TEST|SWITCHING TEST|WAFER SORT TEST|FINAL LOT RELEASE|SHIP LOT|FINAL CD INSPECTION|FINAL PARTICLE INSPECTION|PARAMETRIC TEST|SWITCHING TEST|FINAL LOT RELEASE|SHIP LOT|FINAL CD INSPECTION|FINAL PARTICLE INSPECTION|PARAMETRIC TEST|SWITCHING TEST|FINAL LOT RELEASE|SHIP LOT|FINAL CD INSPECTION|FINAL PARTICLE INSPECTION|PARAMETRIC TEST|LEAKAGE TEST|BREAKDOWN VOLTAGE TEST|SWITCHING TEST|FINAL LOT RELEASE|SHIP LOT|FINAL CD INSPECTION|FINAL PARTICLE INSPECTION|PARAMETRIC TEST|SWITCHING TEST|WAFER SORT TEST|FINAL LOT RELEASE|SHIP LOT
valid_0113,MEASURE VIA CD|DEPOSIT BARRIER METAL|DEPOSIT METAL SEED|FILL VIA METAL|CMP METAL|MEASURE VIA RESISTANCE|DEPOSIT METAL 1|ANNEAL METAL 1|SPIN COAT PHOTORESIST|SOFT BAKE|ALIGN MASK LEVEL 6|EXPOSE LITHO LEVEL 6|DEVELOP PHOTORESIST|METAL PATTERN INSPECTION|METAL ETCH DRY|STRIP RESIST|CLEAN AFTER METAL ETCH|MEASURE LINE WIDTH|DEPOSIT PASSIVATION|CURE PASSIVATION|MEASURE PASSIVATION QUALITY|OPEN BOND PAD WINDOW|OPEN PAD WINDOW LITHO|DEVELOP PAD WINDOW|PASSIVATION ETCH PAD OPENING|STRIP RESIST|CLEAN PAD OPENING|MEASURE PAD OPENING|BACKSIDE GRIND|MEASURE WAFER THICKNESS|BACKSIDE ETCH CLEAN|BACKSIDE RINSE|BACKSIDE DRY|BACKSIDE METALLIZATION PREP|DEPOSIT BACKSIDE METAL|BACKSIDE ANNEAL|MEASURE BACKSIDE CONTACT|FINAL CLEAN|FINAL THICKNESS MEASURE|FINAL GEOMETRY CHECK|FINAL CD INSPECTION|FINAL PARTICLE INSPECTION|PARAMETRIC TEST|LEAKAGE TEST|BREAKDOWN VOLTAGE TEST|SWITCHING TEST|WAFER SORT TEST|YIELD ANALYSIS|FINAL LOT RELEASE|PACKAGE PREPARATION|SHIP LOT|FINAL CD INSPECTION|FINAL PARTICLE INSPECTION|PARAMETRIC TEST|SWITCHING TEST|YIELD ANALYSIS|FINAL LOT RELEASE|SHIP LOT|FINAL CD INSPECTION|FINAL PARTICLE INSPECTION|PARAMETRIC TEST|SWITCHING TEST|WAFER SORT TEST|FINAL LOT RELEASE|SHIP LOT|FINAL CD INSPECTION|FINAL PARTICLE INSPECTION|PARAMETRIC TEST|SWITCHING TEST|WAFER SORT TEST|FINAL LOT RELEASE|SHIP LOT|FINAL CD INSPECTION|FINAL PARTICLE INSPECTION|PARAMETRIC TEST|SWITCHING TEST|FINAL LOT RELEASE|SHIP LOT|FINAL CD INSPECTION|FINAL PARTICLE INSPECTION
valid_0114,CLEAN PAD OPENING|MEASURE PAD OPENING|BACKSIDE GRIND|MEASURE WAFER THICKNESS|BACKSIDE ETCH CLEAN|BACKSIDE RINSE|BACKSIDE DRY|BACKSIDE METALLIZATION PREP|DEPOSIT BACKSIDE METAL|BACKSIDE ANNEAL|MEASURE BACKSIDE CONTACT|FINAL CLEAN|FINAL THICKNESS MEASURE|FINAL GEOMETRY CHECK|FINAL CD INSPECTION|FINAL PARTICLE INSPECTION|PARAMETRIC TEST|LEAKAGE TEST|BREAKDOWN VOLTAGE TEST|SWITCHING TEST|WAFER SORT TEST|YIELD ANALYSIS|FINAL LOT RELEASE|SHIP LOT|FINAL CD INSPECTION|FINAL PARTICLE INSPECTION|PARAMETRIC TEST|SWITCHING TEST|WAFER SORT TEST|FINAL LOT RELEASE|SHIP LOT|FINAL CD INSPECTION|FINAL PARTICLE INSPECTION|PARAMETRIC TEST|SWITCHING TEST|YIELD ANALYSIS|FINAL LOT RELEASE|SHIP LOT|FINAL CD INSPECTION|FINAL PARTICLE INSPECTION|PARAMETRIC TEST|SWITCHING TEST|WAFER SORT TEST|FINAL LOT RELEASE|SHIP LOT|FINAL CD INSPECTION|FINAL PARTICLE INSPECTION|PARAMETRIC TEST|SWITCHING TEST|FINAL LOT RELEASE|SHIP LOT|FINAL CD INSPECTION|FINAL PARTICLE INSPECTION|PARAMETRIC TEST|SWITCHING TEST|FINAL LOT RELEASE|SHIP LOT|IMPLANT P BODY|BREAKDOWN VOLTAGE TEST|SWITCHING TEST|FINAL LOT RELEASE|SHIP LOT|FINAL CD INSPECTION|FINAL PARTICLE INSPECTION|PARAMETRIC TEST|LEAKAGE TEST|BREAKDOWN VOLTAGE TEST|SWITCHING TEST|FINAL LOT RELEASE|SHIP LOT|FINAL CD INSPECTION|FINAL PARTICLE INSPECTION|PARAMETRIC TEST|SWITCHING TEST|FINAL LOT RELEASE|SHIP LOT|FINAL CD INSPECTION|FINAL PARTICLE INSPECTION|PARAMETRIC TEST|SWITCHING TEST
valid_0115,MEASURE VIA CD|DEPOSIT BARRIER METAL|DEPOSIT METAL SEED|FILL VIA METAL|CMP METAL|MEASURE VIA RESISTANCE|DEPOSIT METAL 1|ANNEAL METAL 1|SPIN COAT PHOTORESIST|SOFT BAKE|ALIGN MASK LEVEL 6|EXPOSE LITHO LEVEL 6|DEVELOP PHOTORESIST|METAL PATTERN INSPECTION|METAL ETCH DRY|STRIP RESIST|CLEAN AFTER METAL ETCH|MEASURE LINE WIDTH|DEPOSIT PASSIVATION|CURE PASSIVATION|MEASURE PASSIVATION QUALITY|OPEN BOND PAD WINDOW|OPEN PAD WINDOW LITHO|DEVELOP PAD WINDOW|PASSIVATION ETCH PAD OPENING|STRIP RESIST|CLEAN PAD OPENING|MEASURE PAD OPENING|BACKSIDE GRIND|MEASURE WAFER THICKNESS|BACKSIDE ETCH CLEAN|BACKSIDE RINSE|BACKSIDE DRY|BACKSIDE METALLIZATION PREP|DEPOSIT BACKSIDE METAL|BACKSIDE ANNEAL|MEASURE BACKSIDE CONTACT|FINAL CLEAN|FINAL THICKNESS MEASURE|FINAL GEOMETRY CHECK|FINAL CD INSPECTION|FINAL PARTICLE INSPECTION|PARAMETRIC TEST|LEAKAGE TEST|BREAKDOWN VOLTAGE TEST|SWITCHING TEST|YIELD ANALYSIS|WAFER SORT TEST|FINAL LOT RELEASE|SHIP LOT|FINAL CD INSPECTION|FINAL PARTICLE INSPECTION|PARAMETRIC TEST|SWITCHING TEST|WAFER SORT TEST|FINAL LOT RELEASE|SHIP LOT|FINAL CD INSPECTION|FINAL PARTICLE INSPECTION|PARAMETRIC TEST|SWITCHING TEST|WAFER SORT TEST|FINAL LOT RELEASE|SHIP LOT|FINAL CD INSPECTION|FINAL PARTICLE INSPECTION|PARAMETRIC TEST|SWITCHING TEST|WAFER SORT TEST|FINAL LOT RELEASE|SHIP LOT|FINAL CD INSPECTION|FINAL PARTICLE INSPECTION|PARAMETRIC TEST|SWITCHING TEST|WAFER SORT TEST|FINAL LOT RELEASE|SHIP LOT|FINAL CD INSPECTION|FINAL PARTICLE INSPECTION
valid_0116,STRIP RESIST|CLEAN PAD OPENING|MEASURE PAD OPENING|BACKSIDE GRIND|MEASURE WAFER THICKNESS|BACKSIDE ETCH CLEAN|BACKSIDE RINSE|BACKSIDE DRY|BACKSIDE METALLIZATION PREP|DEPOSIT BACKSIDE METAL|BACKSIDE ANNEAL|MEASURE BACKSIDE CONTACT|FINAL CLEAN|FINAL THICKNESS MEASURE|FINAL GEOMETRY CHECK|FINAL CD INSPECTION|FINAL PARTICLE INSPECTION|PARAMETRIC TEST|LEAKAGE TEST|BREAKDOWN VOLTAGE TEST|SWITCHING TEST|YIELD ANALYSIS|WAFER SORT TEST|FINAL LOT RELEASE|SHIP LOT|FINAL CD INSPECTION|FINAL PARTICLE INSPECTION|PARAMETRIC TEST|SWITCHING TEST|WAFER SORT TEST|FINAL LOT RELEASE|SHIP LOT|FINAL CD INSPECTION|FINAL PARTICLE INSPECTION|PARAMETRIC TEST|SWITCHING TEST|WAFER SORT TEST|FINAL LOT RELEASE|SHIP LOT|FINAL CD INSPECTION|FINAL PARTICLE INSPECTION|PARAMETRIC TEST|SWITCHING TEST|WAFER SORT TEST|FINAL LOT RELEASE|SHIP LOT|FINAL CD INSPECTION|FINAL PARTICLE INSPECTION|PARAMETRIC TEST|SWITCHING TEST|FINAL LOT RELEASE|SHIP LOT|FINAL CD INSPECTION|FINAL PARTICLE INSPECTION|PARAMETRIC TEST|SWITCHING TEST|WAFER SORT TEST|FINAL LOT RELEASE|SHIP LOT|FINAL CD INSPECTION|FINAL PARTICLE INSPECTION|PARAMETRIC TEST|LEAKAGE TEST|BREAKDOWN VOLTAGE TEST|SWITCHING TEST|FINAL LOT RELEASE|SHIP LOT|FINAL CD INSPECTION|FINAL PARTICLE INSPECTION|PARAMETRIC TEST|SWITCHING TEST|FINAL LOT RELEASE|SHIP LOT|FINAL CD INSPECTION|FINAL PARTICLE INSPECTION|PARAMETRIC TEST|SWITCHING TEST|WAFER SORT TEST|FINAL LOT RELEASE|SHIP LOT
valid_0117,CLEAN AFTER VIA ETCH|MEASURE VIA CD|DEPOSIT BARRIER METAL|DEPOSIT METAL SEED|FILL VIA METAL|CMP METAL|MEASURE VIA RESISTANCE|DEPOSIT TOP METAL|ANNEAL METAL 1|SPIN COAT PHOTORESIST|SOFT BAKE|ALIGN MASK LEVEL 6|EXPOSE LITHO LEVEL 6|DEVELOP PHOTORESIST|METAL PATTERN INSPECTION|METAL ETCH DRY|STRIP RESIST|CLEAN AFTER METAL ETCH|MEASURE LINE WIDTH|DEPOSIT PASSIVATION|CURE PASSIVATION|MEASURE PASSIVATION QUALITY|OPEN BOND PAD WINDOW|OPEN PAD WINDOW LITHO|DEVELOP PAD WINDOW|PASSIVATION ETCH|STRIP RESIST|CLEAN PAD OPENING|MEASURE PAD OPENING|BACKSIDE GRIND|MEASURE WAFER THICKNESS|BACKSIDE ETCH CLEAN|BACKSIDE RINSE|BACKSIDE DRY|BACKSIDE METALLIZATION PREP|DEPOSIT BACKSIDE METAL|BACKSIDE ANNEAL|MEASURE BACKSIDE CONTACT|FINAL CLEAN|FINAL THICKNESS MEASURE|FINAL GEOMETRY CHECK|FINAL CD INSPECTION|FINAL PARTICLE INSPECTION|PARAMETRIC TEST|LEAKAGE TEST|BREAKDOWN VOLTAGE TEST|SWITCHING TEST|WAFER SORT TEST|YIELD ANALYSIS|FINAL LOT RELEASE|SHIP LOT|FINAL CD INSPECTION|FINAL PARTICLE INSPECTION|PARAMETRIC TEST|SWITCHING TEST|WAFER SORT TEST|FINAL LOT RELEASE|SHIP LOT|FINAL CD INSPECTION|FINAL PARTICLE INSPECTION|PARAMETRIC TEST|SWITCHING TEST|YIELD ANALYSIS|FINAL LOT RELEASE|SHIP LOT|FINAL CD INSPECTION|FINAL PARTICLE INSPECTION|PARAMETRIC TEST|SWITCHING TEST|WAFER SORT TEST|FINAL LOT RELEASE|SHIP LOT|FINAL CD INSPECTION|FINAL PARTICLE INSPECTION|PARAMETRIC TEST|LEAKAGE TEST|BREAKDOWN VOLTAGE TEST|SWITCHING TEST|FINAL LOT RELEASE|SHIP LOT
valid_0118,PASSIVATION ETCH|STRIP RESIST|CLEAN PAD OPENING|MEASURE PAD OPENING|BACKSIDE GRIND|MEASURE WAFER THICKNESS|BACKSIDE ETCH CLEAN|BACKSIDE RINSE|BACKSIDE DRY|BACKSIDE METALLIZATION PREP|DEPOSIT BACKSIDE METAL|BACKSIDE ANNEAL|MEASURE BACKSIDE CONTACT|FINAL CLEAN|FINAL THICKNESS MEASURE|FINAL GEOMETRY CHECK|FINAL CD INSPECTION|FINAL PARTICLE INSPECTION|PARAMETRIC TEST|LEAKAGE TEST|BREAKDOWN VOLTAGE TEST|SWITCHING TEST|WAFER SORT TEST|YIELD ANALYSIS|FINAL LOT RELEASE|SHIP LOT|FINAL CD INSPECTION|FINAL PARTICLE INSPECTION|PARAMETRIC TEST|SWITCHING TEST|WAFER SORT TEST|FINAL LOT RELEASE|SHIP LOT|FINAL CD INSPECTION|FINAL PARTICLE INSPECTION|PARAMETRIC TEST|SWITCHING TEST|YIELD ANALYSIS|FINAL LOT RELEASE|SHIP LOT|FINAL CD INSPECTION|FINAL PARTICLE INSPECTION|PARAMETRIC TEST|SWITCHING TEST|WAFER SORT TEST|FINAL LOT RELEASE|SHIP LOT|FINAL CD INSPECTION|FINAL PARTICLE INSPECTION|PARAMETRIC TEST|LEAKAGE TEST|BREAKDOWN VOLTAGE TEST|SWITCHING TEST|FINAL LOT RELEASE|SHIP LOT|FINAL CD INSPECTION|FINAL PARTICLE INSPECTION|PARAMETRIC TEST|SWITCHING TEST|FINAL LOT RELEASE|SHIP LOT|FINAL CD INSPECTION|FINAL PARTICLE INSPECTION|PARAMETRIC TEST|SWITCHING TEST|FINAL LOT RELEASE|SHIP LOT|FINAL CD INSPECTION|FINAL PARTICLE INSPECTION|PARAMETRIC TEST|SWITCHING TEST|FINAL LOT RELEASE|SHIP LOT|FINAL CD INSPECTION|FINAL PARTICLE INSPECTION|PARAMETRIC TEST|SWITCHING TEST|FINAL LOT RELEASE|SHIP LOT|FINAL CD INSPECTION
valid_0119,DEPOSIT BARRIER METAL|DEPOSIT METAL SEED|FILL VIA METAL|CMP METAL|MEASURE VIA RESISTANCE|DEPOSIT TOP METAL|ANNEAL METAL 1|SPIN COAT PHOTORESIST|SOFT BAKE|ALIGN MASK LEVEL 6|EXPOSE LITHO LEVEL 6|DEVELOP PHOTORESIST|METAL PATTERN INSPECTION|METAL ETCH DRY|STRIP RESIST|CLEAN AFTER METAL ETCH|MEASURE LINE WIDTH|DEPOSIT PASSIVATION|CURE PASSIVATION|MEASURE PASSIVATION QUALITY|OPEN BOND PAD WINDOW|OPEN PAD WINDOW LITHO|DEVELOP PAD WINDOW|PASSIVATION ETCH PAD OPENING|STRIP RESIST|CLEAN PAD OPENING|MEASURE PAD OPENING|BACKSIDE GRIND|MEASURE WAFER THICKNESS|BACKSIDE ETCH CLEAN|BACKSIDE RINSE|BACKSIDE DRY|BACKSIDE METALLIZATION PREP|DEPOSIT BACKSIDE METAL|BACKSIDE ANNEAL|MEASURE BACKSIDE CONTACT|FINAL CLEAN|FINAL THICKNESS MEASURE|FINAL GEOMETRY CHECK|FINAL CD INSPECTION|FINAL PARTICLE INSPECTION|PARAMETRIC TEST|LEAKAGE TEST|BREAKDOWN VOLTAGE TEST|SWITCHING TEST|WAFER SORT TEST|YIELD ANALYSIS|FINAL LOT RELEASE|PACKAGE PREPARATION|SHIP LOT|FINAL CD INSPECTION|FINAL PARTICLE INSPECTION|PARAMETRIC TEST|SWITCHING TEST|WAFER SORT TEST|FINAL LOT RELEASE|SHIP LOT|FINAL CD INSPECTION|FINAL PARTICLE INSPECTION|PARAMETRIC TEST|SWITCHING TEST|YIELD ANALYSIS|FINAL LOT RELEASE|SHIP LOT|FINAL CD INSPECTION|FINAL PARTICLE INSPECTION|PARAMETRIC TEST|SWITCHING TEST|FINAL LOT RELEASE|SHIP LOT|FINAL CD INSPECTION|FINAL PARTICLE INSPECTION|PARAMETRIC TEST|SWITCHING TEST|FINAL LOT RELEASE|SHIP LOT|FINAL CD INSPECTION|FINAL PARTICLE INSPECTION|PARAMETRIC TEST|SWITCHING TEST
valid_0120,CLEAN PAD OPENING|MEASURE PAD OPENING|BACKSIDE GRIND|MEASURE WAFER THICKNESS|BACKSIDE ETCH CLEAN|BACKSIDE RINSE|BACKSIDE DRY|BACKSIDE METALLIZATION PREP|DEPOSIT BACKSIDE METAL|BACKSIDE ANNEAL|MEASURE BACKSIDE CONTACT|FINAL CLEAN|FINAL THICKNESS MEASURE|FINAL GEOMETRY CHECK|FINAL CD INSPECTION|FINAL PARTICLE INSPECTION|PARAMETRIC TEST|LEAKAGE TEST|BREAKDOWN VOLTAGE TEST|SWITCHING TEST|WAFER SORT TEST|YIELD ANALYSIS|FINAL LOT RELEASE|PACKAGE PREPARATION|SHIP LOT|FINAL CD INSPECTION|FINAL PARTICLE INSPECTION|PARAMETRIC TEST|SWITCHING TEST|WAFER SORT TEST|FINAL LOT RELEASE|SHIP LOT|FINAL CD INSPECTION|FINAL PARTICLE INSPECTION|PARAMETRIC TEST|SWITCHING TEST|YIELD ANALYSIS|FINAL LOT RELEASE|SHIP LOT|FINAL CD INSPECTION|FINAL PARTICLE INSPECTION|PARAMETRIC TEST|SWITCHING TEST|FINAL LOT RELEASE|SHIP LOT|FINAL CD INSPECTION|FINAL PARTICLE INSPECTION|PARAMETRIC TEST|SWITCHING TEST|FINAL LOT RELEASE|SHIP LOT|FINAL CD INSPECTION|FINAL PARTICLE INSPECTION|PARAMETRIC TEST|SWITCHING TEST|FINAL LOT RELEASE|SHIP LOT|IMPLANT P BODY|BREAKDOWN VOLTAGE TEST|SWITCHING TEST|WAFER SORT TEST|FINAL LOT RELEASE|SHIP LOT|FINAL CD INSPECTION|FINAL PARTICLE INSPECTION|PARAMETRIC TEST|LEAKAGE TEST|BREAKDOWN VOLTAGE TEST|SWITCHING TEST|FINAL LOT RELEASE|SHIP LOT|FINAL CD INSPECTION|FINAL PARTICLE INSPECTION|PARAMETRIC TEST|SWITCHING TEST|FINAL LOT RELEASE|SHIP LOT|FINAL CD INSPECTION|FINAL PARTICLE INSPECTION|PARAMETRIC TEST
valid_0121,MEASURE VIA CD|DEPOSIT BARRIER METAL|DEPOSIT METAL SEED|FILL VIA METAL|CMP METAL|MEASURE VIA RESISTANCE|DEPOSIT TOP METAL|ANNEAL METAL 1|SPIN COAT PHOTORESIST|SOFT BAKE|ALIGN MASK LEVEL 6|EXPOSE LITHO LEVEL 6|DEVELOP PHOTORESIST|METAL PATTERN INSPECTION|METAL ETCH DRY|STRIP RESIST|CLEAN AFTER METAL ETCH|MEASURE LINE WIDTH|DEPOSIT PASSIVATION|CURE PASSIVATION|MEASURE PASSIVATION QUALITY|OPEN BOND PAD WINDOW|OPEN PAD WINDOW LITHO|DEVELOP PAD WINDOW|PASSIVATION ETCH|STRIP RESIST|CLEAN PAD OPENING|MEASURE PAD OPENING|BACKSIDE GRIND|MEASURE WAFER THICKNESS|BACKSIDE ETCH CLEAN|BACKSIDE RINSE|BACKSIDE DRY|BACKSIDE METALLIZATION PREP|DEPOSIT BACKSIDE METAL|BACKSIDE ANNEAL|MEASURE BACKSIDE CONTACT|FINAL CLEAN|FINAL THICKNESS MEASURE|FINAL GEOMETRY CHECK|FINAL CD INSPECTION|FINAL PARTICLE INSPECTION|PARAMETRIC TEST|LEAKAGE TEST|BREAKDOWN VOLTAGE TEST|SWITCHING TEST|WAFER SORT TEST|YIELD ANALYSIS|FINAL LOT RELEASE|SHIP LOT|FINAL CD INSPECTION|FINAL PARTICLE INSPECTION|PARAMETRIC TEST|SWITCHING TEST|WAFER SORT TEST|FINAL LOT RELEASE|SHIP LOT|FINAL CD INSPECTION|FINAL PARTICLE INSPECTION|PARAMETRIC TEST|SWITCHING TEST|YIELD ANALYSIS|FINAL LOT RELEASE|SHIP LOT|FINAL CD INSPECTION|FINAL PARTICLE INSPECTION|PARAMETRIC TEST|SWITCHING TEST|WAFER SORT TEST|FINAL LOT RELEASE|SHIP LOT|FINAL CD INSPECTION|FINAL PARTICLE INSPECTION|PARAMETRIC TEST|LEAKAGE TEST|BREAKDOWN VOLTAGE TEST|SWITCHING TEST|FINAL LOT RELEASE|SHIP LOT|FINAL CD INSPECTION
valid_0122,PASSIVATION ETCH|STRIP RESIST|CLEAN PAD OPENING|MEASURE PAD OPENING|BACKSIDE GRIND|MEASURE WAFER THICKNESS|BACKSIDE ETCH CLEAN|BACKSIDE RINSE|BACKSIDE DRY|BACKSIDE METALLIZATION PREP|DEPOSIT BACKSIDE METAL|BACKSIDE ANNEAL|MEASURE BACKSIDE CONTACT|FINAL CLEAN|FINAL THICKNESS MEASURE|FINAL GEOMETRY CHECK|FINAL CD INSPECTION|FINAL PARTICLE INSPECTION|PARAMETRIC TEST|LEAKAGE TEST|BREAKDOWN VOLTAGE TEST|SWITCHING TEST|WAFER SORT TEST|YIELD ANALYSIS|FINAL LOT RELEASE|PACKAGE PREPARATION|SHIP LOT|FINAL CD INSPECTION|FINAL PARTICLE INSPECTION|PARAMETRIC TEST|SWITCHING TEST|YIELD ANALYSIS|FINAL LOT RELEASE|SHIP LOT|FINAL CD INSPECTION|FINAL PARTICLE INSPECTION|PARAMETRIC TEST|SWITCHING TEST|WAFER SORT TEST|FINAL LOT RELEASE|SHIP LOT|FINAL CD INSPECTION|FINAL PARTICLE INSPECTION|PARAMETRIC TEST|SWITCHING TEST|WAFER SORT TEST|FINAL LOT RELEASE|SHIP LOT|FINAL CD INSPECTION|FINAL PARTICLE INSPECTION|PARAMETRIC TEST|SWITCHING TEST|FINAL LOT RELEASE|SHIP LOT|FINAL CD INSPECTION|FINAL PARTICLE INSPECTION|PARAMETRIC TEST|SWITCHING TEST|FINAL LOT RELEASE|SHIP LOT|FINAL CD INSPECTION|FINAL PARTICLE INSPECTION|PARAMETRIC TEST|SWITCHING TEST|FINAL LOT RELEASE|SHIP LOT|FINAL CD INSPECTION|FINAL PARTICLE INSPECTION|PARAMETRIC TEST|LEAKAGE TEST|BREAKDOWN VOLTAGE TEST|SWITCHING TEST|FINAL LOT RELEASE|SHIP LOT|FINAL CD INSPECTION|FINAL PARTICLE INSPECTION|PARAMETRIC TEST|SWITCHING TEST|WAFER SORT TEST|FINAL LOT RELEASE
valid_0123,FILL VIA METAL|CMP METAL|MEASURE VIA RESISTANCE|DEPOSIT METAL 1|ANNEAL METAL 1|SPIN COAT PHOTORESIST|SOFT BAKE|ALIGN MASK LEVEL 6|EXPOSE LITHO LEVEL 6|DEVELOP PHOTORESIST|METAL PATTERN INSPECTION|METAL ETCH DRY|STRIP RESIST|CLEAN AFTER METAL ETCH|MEASURE LINE WIDTH|DEPOSIT PASSIVATION|CURE PASSIVATION|MEASURE PASSIVATION QUALITY|OPEN BOND PAD WINDOW|OPEN PAD WINDOW LITHO|DEVELOP PAD WINDOW|PASSIVATION ETCH PAD OPENING|STRIP RESIST|CLEAN PAD OPENING|MEASURE PAD OPENING|BACKSIDE GRIND|MEASURE WAFER THICKNESS|BACKSIDE ETCH CLEAN|BACKSIDE RINSE|BACKSIDE DRY|BACKSIDE METALLIZATION PREP|DEPOSIT BACKSIDE METAL|BACKSIDE ANNEAL|MEASURE BACKSIDE CONTACT|FINAL CLEAN|FINAL THICKNESS MEASURE|FINAL GEOMETRY CHECK|FINAL CD INSPECTION|FINAL PARTICLE INSPECTION|PARAMETRIC TEST|LEAKAGE TEST|BREAKDOWN VOLTAGE TEST|SWITCHING TEST|WAFER SORT TEST|YIELD ANALYSIS|FINAL LOT RELEASE|SHIP LOT|FINAL CD INSPECTION|FINAL PARTICLE INSPECTION|PARAMETRIC TEST|SWITCHING TEST|YIELD ANALYSIS|FINAL LOT RELEASE|SHIP LOT|FINAL CD INSPECTION|FINAL PARTICLE INSPECTION|PARAMETRIC TEST|SWITCHING TEST|WAFER SORT TEST|FINAL LOT RELEASE|SHIP LOT|FINAL CD INSPECTION|FINAL PARTICLE INSPECTION|PARAMETRIC TEST|SWITCHING TEST|WAFER SORT TEST|FINAL LOT RELEASE|SHIP LOT|FINAL CD INSPECTION|FINAL PARTICLE INSPECTION|PARAMETRIC TEST|SWITCHING TEST|WAFER SORT TEST|FINAL LOT RELEASE|SHIP LOT|FINAL CD INSPECTION|FINAL PARTICLE INSPECTION|PARAMETRIC TEST|SWITCHING TEST|FINAL LOT RELEASE
valid_0124,CLEAN PAD OPENING|MEASURE PAD OPENING|BACKSIDE GRIND|MEASURE WAFER THICKNESS|BACKSIDE ETCH CLEAN|BACKSIDE RINSE|BACKSIDE DRY|BACKSIDE METALLIZATION PREP|DEPOSIT BACKSIDE METAL|BACKSIDE ANNEAL|MEASURE BACKSIDE CONTACT|FINAL CLEAN|FINAL THICKNESS MEASURE|FINAL GEOMETRY CHECK|FINAL CD INSPECTION|FINAL PARTICLE INSPECTION|PARAMETRIC TEST|LEAKAGE TEST|BREAKDOWN VOLTAGE TEST|SWITCHING TEST|WAFER SORT TEST|YIELD ANALYSIS|FINAL LOT RELEASE|SHIP LOT|FINAL CD INSPECTION|FINAL PARTICLE INSPECTION|PARAMETRIC TEST|SWITCHING TEST|WAFER SORT TEST|FINAL LOT RELEASE|SHIP LOT|FINAL CD INSPECTION|FINAL PARTICLE INSPECTION|PARAMETRIC TEST|SWITCHING TEST|YIELD ANALYSIS|FINAL LOT RELEASE|SHIP LOT|FINAL CD INSPECTION|FINAL PARTICLE INSPECTION|PARAMETRIC TEST|SWITCHING TEST|WAFER SORT TEST|FINAL LOT RELEASE|SHIP LOT|FINAL CD INSPECTION|FINAL PARTICLE INSPECTION|PARAMETRIC TEST|LEAKAGE TEST|BREAKDOWN VOLTAGE TEST|SWITCHING TEST|FINAL LOT RELEASE|SHIP LOT|FINAL CD INSPECTION|FINAL PARTICLE INSPECTION|PARAMETRIC TEST|SWITCHING TEST|FINAL LOT RELEASE|SHIP LOT|FINAL CD INSPECTION|FINAL PARTICLE INSPECTION|PARAMETRIC TEST|SWITCHING TEST|FINAL LOT RELEASE|SHIP LOT|FINAL CD INSPECTION|FINAL PARTICLE INSPECTION|PARAMETRIC TEST|SWITCHING TEST|FINAL LOT RELEASE|SHIP LOT|FINAL CD INSPECTION|FINAL PARTICLE INSPECTION|PARAMETRIC TEST|SWITCHING TEST|FINAL LOT RELEASE|SHIP LOT|FINAL CD INSPECTION|FINAL PARTICLE INSPECTION|PARAMETRIC TEST
valid_0125,MEASURE VIA CD|DEPOSIT BARRIER METAL|DEPOSIT METAL SEED|FILL VIA METAL|CMP METAL|MEASURE VIA RESISTANCE|DEPOSIT METAL 1|ANNEAL METAL 1|SPIN COAT PHOTORESIST|SOFT BAKE|ALIGN MASK LEVEL 6|EXPOSE LITHO LEVEL 6|DEVELOP PHOTORESIST|METAL PATTERN INSPECTION|METAL ETCH DRY|STRIP RESIST|CLEAN AFTER METAL ETCH|MEASURE LINE WIDTH|DEPOSIT PASSIVATION|CURE PASSIVATION|MEASURE PASSIVATION QUALITY|OPEN BOND PAD WINDOW|OPEN PAD WINDOW LITHO|DEVELOP PAD WINDOW|PASSIVATION ETCH PAD OPENING|STRIP RESIST|CLEAN PAD OPENING|MEASURE PAD OPENING|BACKSIDE GRIND|MEASURE WAFER THICKNESS|BACKSIDE ETCH CLEAN|BACKSIDE RINSE|BACKSIDE DRY|BACKSIDE METALLIZATION PREP|DEPOSIT BACKSIDE METAL|BACKSIDE ANNEAL|MEASURE BACKSIDE CONTACT|FINAL CLEAN|FINAL THICKNESS MEASURE|FINAL GEOMETRY CHECK|FINAL CD INSPECTION|FINAL PARTICLE INSPECTION|PARAMETRIC TEST|LEAKAGE TEST|BREAKDOWN VOLTAGE TEST|SWITCHING TEST|WAFER SORT TEST|YIELD ANALYSIS|FINAL LOT RELEASE|SHIP LOT|FINAL CD INSPECTION|FINAL PARTICLE INSPECTION|PARAMETRIC TEST|SWITCHING TEST|YIELD ANALYSIS|FINAL LOT RELEASE|SHIP LOT|FINAL CD INSPECTION|FINAL PARTICLE INSPECTION|PARAMETRIC TEST|SWITCHING TEST|WAFER SORT TEST|FINAL LOT RELEASE|SHIP LOT|FINAL CD INSPECTION|FINAL PARTICLE INSPECTION|PARAMETRIC TEST|SWITCHING TEST|WAFER SORT TEST|FINAL LOT RELEASE|SHIP LOT|FINAL CD INSPECTION|FINAL PARTICLE INSPECTION|PARAMETRIC TEST|SWITCHING TEST|FINAL LOT RELEASE|SHIP LOT|FINAL CD INSPECTION|FINAL PARTICLE INSPECTION|PARAMETRIC TEST
valid_0126,STRIP RESIST|CLEAN PAD OPENING|MEASURE PAD OPENING|BACKSIDE GRIND|MEASURE WAFER THICKNESS|BACKSIDE ETCH CLEAN|BACKSIDE RINSE|BACKSIDE DRY|BACKSIDE METALLIZATION PREP|DEPOSIT BACKSIDE METAL|BACKSIDE ANNEAL|MEASURE BACKSIDE CONTACT|FINAL CLEAN|FINAL THICKNESS MEASURE|FINAL GEOMETRY CHECK|FINAL CD INSPECTION|FINAL PARTICLE INSPECTION|PARAMETRIC TEST|LEAKAGE TEST|BREAKDOWN VOLTAGE TEST|SWITCHING TEST|WAFER SORT TEST|YIELD ANALYSIS|FINAL LOT RELEASE|PACKAGE PREPARATION|SHIP LOT|FINAL CD INSPECTION|FINAL PARTICLE INSPECTION|PARAMETRIC TEST|SWITCHING TEST|YIELD ANALYSIS|FINAL LOT RELEASE|SHIP LOT|FINAL CD INSPECTION|FINAL PARTICLE INSPECTION|PARAMETRIC TEST|SWITCHING TEST|WAFER SORT TEST|FINAL LOT RELEASE|SHIP LOT|FINAL CD INSPECTION|FINAL PARTICLE INSPECTION|PARAMETRIC TEST|SWITCHING TEST|WAFER SORT TEST|FINAL LOT RELEASE|SHIP LOT|FINAL CD INSPECTION|FINAL PARTICLE INSPECTION|PARAMETRIC TEST|SWITCHING TEST|FINAL LOT RELEASE|SHIP LOT|FINAL CD INSPECTION|FINAL PARTICLE INSPECTION|PARAMETRIC TEST|SWITCHING TEST|FINAL LOT RELEASE|SHIP LOT|FINAL CD INSPECTION|FINAL PARTICLE INSPECTION|PARAMETRIC TEST|SWITCHING TEST|FINAL LOT RELEASE|SHIP LOT|FINAL CD INSPECTION|FINAL PARTICLE INSPECTION|PARAMETRIC TEST|LEAKAGE TEST|BREAKDOWN VOLTAGE TEST|SWITCHING TEST|FINAL LOT RELEASE|SHIP LOT|FINAL CD INSPECTION|FINAL PARTICLE INSPECTION|PARAMETRIC TEST|SWITCHING TEST|WAFER SORT TEST|FINAL LOT RELEASE|SHIP LOT
valid_0127,CLEAN AFTER VIA ETCH|MEASURE VIA CD|DEPOSIT BARRIER METAL|DEPOSIT METAL SEED|FILL VIA METAL|CMP METAL|MEASURE VIA RESISTANCE|DEPOSIT METAL 1|ANNEAL METAL 1|SPIN COAT PHOTORESIST|SOFT BAKE|ALIGN MASK LEVEL 6|EXPOSE LITHO LEVEL 6|DEVELOP PHOTORESIST|METAL PATTERN INSPECTION|METAL ETCH DRY|STRIP RESIST|CLEAN AFTER METAL ETCH|MEASURE LINE WIDTH|DEPOSIT PASSIVATION|CURE PASSIVATION|MEASURE PASSIVATION QUALITY|OPEN BOND PAD WINDOW|OPEN PAD WINDOW LITHO|DEVELOP PAD WINDOW|PASSIVATION ETCH|STRIP RESIST|CLEAN PAD OPENING|MEASURE PAD OPENING|BACKSIDE GRIND|MEASURE WAFER THICKNESS|BACKSIDE ETCH CLEAN|BACKSIDE RINSE|BACKSIDE DRY|BACKSIDE METALLIZATION PREP|DEPOSIT BACKSIDE METAL|BACKSIDE ANNEAL|MEASURE BACKSIDE CONTACT|FINAL CLEAN|FINAL THICKNESS MEASURE|FINAL GEOMETRY CHECK|FINAL CD INSPECTION|FINAL PARTICLE INSPECTION|PARAMETRIC TEST|LEAKAGE TEST|BREAKDOWN VOLTAGE TEST|SWITCHING TEST|WAFER SORT TEST|YIELD ANALYSIS|FINAL LOT RELEASE|SHIP LOT|FINAL CD INSPECTION|FINAL PARTICLE INSPECTION|PARAMETRIC TEST|SWITCHING TEST|WAFER SORT TEST|FINAL LOT RELEASE|SHIP LOT|FINAL CD INSPECTION|FINAL PARTICLE INSPECTION|PARAMETRIC TEST|SWITCHING TEST|YIELD ANALYSIS|FINAL LOT RELEASE|SHIP LOT|FINAL CD INSPECTION|FINAL PARTICLE INSPECTION|PARAMETRIC TEST|SWITCHING TEST|WAFER SORT TEST|FINAL LOT RELEASE|SHIP LOT|FINAL CD INSPECTION|FINAL PARTICLE INSPECTION|PARAMETRIC TEST|LEAKAGE TEST|BREAKDOWN VOLTAGE TEST|SWITCHING TEST|FINAL LOT RELEASE|SHIP LOT
valid_0128,STRIP RESIST|CLEAN PAD OPENING|MEASURE PAD OPENING|BACKSIDE GRIND|MEASURE WAFER THICKNESS|BACKSIDE ETCH CLEAN|BACKSIDE RINSE|BACKSIDE DRY|BACKSIDE METALLIZATION PREP|DEPOSIT BACKSIDE METAL|BACKSIDE ANNEAL|MEASURE BACKSIDE CONTACT|FINAL CLEAN|FINAL THICKNESS MEASURE|FINAL GEOMETRY CHECK|FINAL CD INSPECTION|FINAL PARTICLE INSPECTION|PARAMETRIC TEST|LEAKAGE TEST|BREAKDOWN VOLTAGE TEST|SWITCHING TEST|WAFER SORT TEST|YIELD ANALYSIS|FINAL LOT RELEASE|SHIP LOT|FINAL CD INSPECTION|FINAL PARTICLE INSPECTION|PARAMETRIC TEST|SWITCHING TEST|WAFER SORT TEST|FINAL LOT RELEASE|SHIP LOT|FINAL CD INSPECTION|FINAL PARTICLE INSPECTION|PARAMETRIC TEST|SWITCHING TEST|YIELD ANALYSIS|FINAL LOT RELEASE|SHIP LOT|FINAL CD INSPECTION|FINAL PARTICLE INSPECTION|PARAMETRIC TEST|SWITCHING TEST|WAFER SORT TEST|FINAL LOT RELEASE|SHIP LOT|FINAL CD INSPECTION|FINAL PARTICLE INSPECTION|PARAMETRIC TEST|SWITCHING TEST|FINAL LOT RELEASE|SHIP LOT|FINAL CD INSPECTION|FINAL PARTICLE INSPECTION|PARAMETRIC TEST|SWITCHING TEST|FINAL LOT RELEASE|SHIP LOT|IMPLANT P BODY|BREAKDOWN VOLTAGE TEST|SWITCHING TEST|FINAL LOT RELEASE|SHIP LOT|FINAL CD INSPECTION|FINAL PARTICLE INSPECTION|PARAMETRIC TEST|SWITCHING TEST|FINAL LOT RELEASE|SHIP LOT|FINAL CD INSPECTION|FINAL PARTICLE INSPECTION|PARAMETRIC TEST|LEAKAGE TEST|BREAKDOWN VOLTAGE TEST|SWITCHING TEST|FINAL LOT RELEASE|SHIP LOT|FINAL CD INSPECTION|FINAL PARTICLE INSPECTION|PARAMETRIC TEST
valid_0129,VIA ETCH|STRIP RESIST|CLEAN AFTER VIA ETCH|MEASURE VIA CD|DEPOSIT BARRIER METAL|DEPOSIT METAL SEED|FILL VIA METAL|CMP METAL|MEASURE VIA RESISTANCE|DEPOSIT METAL 1|ANNEAL METAL 1|SPIN COAT PHOTORESIST|SOFT BAKE|ALIGN MASK LEVEL 6|EXPOSE LITHO LEVEL 6|DEVELOP PHOTORESIST|METAL PATTERN INSPECTION|METAL ETCH DRY|STRIP RESIST|CLEAN AFTER METAL ETCH|MEASURE LINE WIDTH|DEPOSIT PASSIVATION|CURE PASSIVATION|MEASURE PASSIVATION QUALITY|OPEN BOND PAD WINDOW|OPEN PAD WINDOW LITHO|DEVELOP PAD WINDOW|PASSIVATION ETCH PAD OPENING|STRIP RESIST|CLEAN PAD OPENING|MEASURE PAD OPENING|BACKSIDE GRIND|MEASURE WAFER THICKNESS|BACKSIDE ETCH CLEAN|BACKSIDE RINSE|BACKSIDE DRY|BACKSIDE METALLIZATION PREP|DEPOSIT BACKSIDE METAL|BACKSIDE ANNEAL|MEASURE BACKSIDE CONTACT|FINAL CLEAN|FINAL THICKNESS MEASURE|FINAL GEOMETRY CHECK|FINAL CD INSPECTION|FINAL PARTICLE INSPECTION|PARAMETRIC TEST|LEAKAGE TEST|BREAKDOWN VOLTAGE TEST|SWITCHING TEST|YIELD ANALYSIS|WAFER SORT TEST|FINAL LOT RELEASE|SHIP LOT|FINAL CD INSPECTION|FINAL PARTICLE INSPECTION|PARAMETRIC TEST|SWITCHING TEST|WAFER SORT TEST|FINAL LOT RELEASE|SHIP LOT|FINAL CD INSPECTION|FINAL PARTICLE INSPECTION|PARAMETRIC TEST|SWITCHING TEST|WAFER SORT TEST|FINAL LOT RELEASE|SHIP LOT|FINAL CD INSPECTION|FINAL PARTICLE INSPECTION|PARAMETRIC TEST|SWITCHING TEST|WAFER SORT TEST|FINAL LOT RELEASE|SHIP LOT|FINAL CD INSPECTION|FINAL PARTICLE INSPECTION|PARAMETRIC TEST|SWITCHING TEST|FINAL LOT RELEASE|SHIP LOT
valid_0130,DEVELOP PAD WINDOW|PASSIVATION ETCH PAD OPENING|STRIP RESIST|CLEAN PAD OPENING|MEASURE PAD OPENING|BACKSIDE GRIND|MEASURE WAFER THICKNESS|BACKSIDE ETCH CLEAN|BACKSIDE RINSE|BACKSIDE DRY|BACKSIDE METALLIZATION PREP|DEPOSIT BACKSIDE METAL|BACKSIDE ANNEAL|MEASURE BACKSIDE CONTACT|FINAL CLEAN|FINAL THICKNESS MEASURE|FINAL GEOMETRY CHECK|FINAL CD INSPECTION|FINAL PARTICLE INSPECTION|PARAMETRIC TEST|LEAKAGE TEST|BREAKDOWN VOLTAGE TEST|SWITCHING TEST|YIELD ANALYSIS|WAFER SORT TEST|FINAL LOT RELEASE|SHIP LOT|FINAL CD INSPECTION|FINAL PARTICLE INSPECTION|PARAMETRIC TEST|SWITCHING TEST|WAFER SORT TEST|FINAL LOT RELEASE|SHIP LOT|FINAL CD INSPECTION|FINAL PARTICLE INSPECTION|PARAMETRIC TEST|SWITCHING TEST|WAFER SORT TEST|FINAL LOT RELEASE|SHIP LOT|FINAL CD INSPECTION|FINAL PARTICLE INSPECTION|PARAMETRIC TEST|SWITCHING TEST|WAFER SORT TEST|FINAL LOT RELEASE|SHIP LOT|FINAL CD INSPECTION|FINAL PARTICLE INSPECTION|PARAMETRIC TEST|SWITCHING TEST|WAFER SORT TEST|FINAL LOT RELEASE|SHIP LOT|IMPLANT P BODY|BREAKDOWN VOLTAGE TEST|SWITCHING TEST|FINAL LOT RELEASE|SHIP LOT|FINAL CD INSPECTION|FINAL PARTICLE INSPECTION|PARAMETRIC TEST|SWITCHING TEST|FINAL LOT RELEASE|SHIP LOT|FINAL CD INSPECTION|FINAL PARTICLE INSPECTION|PARAMETRIC TEST|LEAKAGE TEST|BREAKDOWN VOLTAGE TEST|SWITCHING TEST|FINAL LOT RELEASE|SHIP LOT|FINAL CD INSPECTION|FINAL PARTICLE INSPECTION|PARAMETRIC TEST|SWITCHING TEST|WAFER SORT TEST|FINAL LOT RELEASE
valid_0131,DEPOSIT TUNGSTEN SEED|FILL VIA TUNGSTEN|CMP METAL|MEASURE VIA RESISTANCE|DEPOSIT METAL 1|ANNEAL METAL 1|SPIN COAT PHOTORESIST|SOFT BAKE|ALIGN MASK LEVEL 4|EXPOSE LITHO LEVEL 4|DEVELOP PHOTORESIST|METAL PATTERN INSPECTION|METAL ETCH DRY|STRIP RESIST|CLEAN AFTER METAL ETCH|MEASURE LINE WIDTH|DEPOSIT PASSIVATION|CURE PASSIVATION|MEASURE PASSIVATION QUALITY|OPEN BOND PAD WINDOW|OPEN PAD WINDOW LITHO|DEVELOP PAD WINDOW|PASSIVATION ETCH PAD OPENING|STRIP RESIST|CLEAN PAD OPENING|MEASURE PAD OPENING|BACKSIDE GRIND|MEASURE WAFER THICKNESS|BACKSIDE ETCH CLEAN|BACKSIDE RINSE|BACKSIDE DRY|BACKSIDE METALLIZATION PREP|DEPOSIT BACKSIDE METAL|BACKSIDE ANNEAL|FINAL CLEAN|FINAL THICKNESS MEASURE|FINAL GEOMETRY CHECK|FINAL OXIDE CHECK|FINAL CD INSPECTION|FINAL PARTICLE INSPECTION|PARAMETRIC TEST|LEAKAGE TEST|BREAKDOWN VOLTAGE TEST|SWITCHING TEST|WAFER SORT TEST|YIELD ANALYSIS|FINAL LOT RELEASE|PACKAGE PREPARATION|SHIP LOT|FINAL CD INSPECTION|FINAL PARTICLE INSPECTION|PARAMETRIC TEST|SWITCHING TEST|YIELD ANALYSIS|FINAL LOT RELEASE|SHIP LOT|FINAL CD INSPECTION|FINAL PARTICLE INSPECTION|PARAMETRIC TEST|SWITCHING TEST|WAFER SORT TEST|FINAL LOT RELEASE|SHIP LOT|FINAL CD INSPECTION|FINAL PARTICLE INSPECTION|PARAMETRIC TEST|SWITCHING TEST|WAFER SORT TEST|FINAL LOT RELEASE|SHIP LOT|FINAL CD INSPECTION|FINAL PARTICLE INSPECTION|PARAMETRIC TEST|SWITCHING TEST|WAFER SORT TEST|FINAL LOT RELEASE|SHIP LOT|FINAL CD INSPECTION|FINAL PARTICLE INSPECTION|PARAMETRIC TEST
valid_0132,CLEAN PAD OPENING|MEASURE PAD OPENING|BACKSIDE GRIND|MEASURE WAFER THICKNESS|BACKSIDE ETCH CLEAN|BACKSIDE RINSE|BACKSIDE DRY|BACKSIDE METALLIZATION PREP|DEPOSIT BACKSIDE METAL|BACKSIDE ANNEAL|FINAL CLEAN|FINAL THICKNESS MEASURE|FINAL GEOMETRY CHECK|FINAL OXIDE CHECK|FINAL CD INSPECTION|FINAL PARTICLE INSPECTION|PARAMETRIC TEST|LEAKAGE TEST|BREAKDOWN VOLTAGE TEST|SWITCHING TEST|WAFER SORT TEST|YIELD ANALYSIS|FINAL LOT RELEASE|PACKAGE PREPARATION|SHIP LOT|FINAL CD INSPECTION|FINAL PARTICLE INSPECTION|PARAMETRIC TEST|SWITCHING TEST|YIELD ANALYSIS|FINAL LOT RELEASE|SHIP LOT|FINAL CD INSPECTION|FINAL PARTICLE INSPECTION|PARAMETRIC TEST|SWITCHING TEST|WAFER SORT TEST|FINAL LOT RELEASE|SHIP LOT|FINAL CD INSPECTION|FINAL PARTICLE INSPECTION|PARAMETRIC TEST|SWITCHING TEST|WAFER SORT TEST|FINAL LOT RELEASE|SHIP LOT|FINAL CD INSPECTION|FINAL PARTICLE INSPECTION|PARAMETRIC TEST|SWITCHING TEST|WAFER SORT TEST|FINAL LOT RELEASE|SHIP LOT|FINAL CD INSPECTION|FINAL PARTICLE INSPECTION|PARAMETRIC TEST|SWITCHING TEST|FINAL LOT RELEASE|SHIP LOT|IMPLANT P BODY|BREAKDOWN VOLTAGE TEST|SWITCHING TEST|FINAL LOT RELEASE|SHIP LOT|FINAL CD INSPECTION|FINAL PARTICLE INSPECTION|PARAMETRIC TEST|SWITCHING TEST|FINAL LOT RELEASE|SHIP LOT|FINAL CD INSPECTION|FINAL PARTICLE INSPECTION|PARAMETRIC TEST|LEAKAGE TEST|BREAKDOWN VOLTAGE TEST|SWITCHING TEST|FINAL LOT RELEASE|SHIP LOT|FINAL CD INSPECTION|FINAL PARTICLE INSPECTION
valid_0133,DEPOSIT METAL SEED|FILL VIA METAL|CMP METAL|MEASURE VIA RESISTANCE|DEPOSIT TOP METAL|ANNEAL METAL 1|SPIN COAT PHOTORESIST|SOFT BAKE|ALIGN MASK LEVEL 6|EXPOSE LITHO LEVEL 6|DEVELOP PHOTORESIST|METAL PATTERN INSPECTION|METAL ETCH DRY|STRIP RESIST|CLEAN AFTER METAL ETCH|MEASURE LINE WIDTH|DEPOSIT PASSIVATION|CURE PASSIVATION|MEASURE PASSIVATION QUALITY|OPEN BOND PAD WINDOW|OPEN PAD WINDOW LITHO|DEVELOP PAD WINDOW|PASSIVATION ETCH|STRIP RESIST|CLEAN PAD OPENING|MEASURE PAD OPENING|BACKSIDE GRIND|MEASURE WAFER THICKNESS|BACKSIDE ETCH CLEAN|BACKSIDE RINSE|BACKSIDE DRY|BACKSIDE METALLIZATION PREP|DEPOSIT BACKSIDE METAL|BACKSIDE ANNEAL|MEASURE BACKSIDE CONTACT|FINAL CLEAN|FINAL THICKNESS MEASURE|FINAL GEOMETRY CHECK|FINAL CD INSPECTION|FINAL PARTICLE INSPECTION|ELECTRICAL PARAMETRIC TEST|LEAKAGE TEST|BREAKDOWN VOLTAGE TEST|SWITCHING TEST|WAFER SORT TEST|YIELD ANALYSIS|FINAL LOT RELEASE|SHIP LOT|FINAL CD INSPECTION|FINAL PARTICLE INSPECTION|ELECTRICAL PARAMETRIC TEST|SWITCHING TEST|WAFER SORT TEST|FINAL LOT RELEASE|SHIP LOT|FINAL CD INSPECTION|FINAL PARTICLE INSPECTION|ELECTRICAL PARAMETRIC TEST|LEAKAGE TEST|BREAKDOWN VOLTAGE TEST|SWITCHING TEST|YIELD ANALYSIS|FINAL LOT RELEASE|SHIP LOT|FINAL CD INSPECTION|FINAL PARTICLE INSPECTION|PARAMETRIC TEST|SWITCHING TEST|WAFER SORT TEST|FINAL LOT RELEASE|SHIP LOT|FINAL CD INSPECTION|FINAL PARTICLE INSPECTION|PARAMETRIC TEST|SWITCHING TEST|FINAL LOT RELEASE|SHIP LOT|FINAL CD INSPECTION|FINAL PARTICLE INSPECTION|PARAMETRIC TEST
valid_0134,CLEAN PAD OPENING|MEASURE PAD OPENING|BACKSIDE GRIND|MEASURE WAFER THICKNESS|BACKSIDE ETCH CLEAN|BACKSIDE RINSE|BACKSIDE DRY|BACKSIDE METALLIZATION PREP|DEPOSIT BACKSIDE METAL|BACKSIDE ANNEAL|MEASURE BACKSIDE CONTACT|FINAL CLEAN|FINAL THICKNESS MEASURE|FINAL GEOMETRY CHECK|FINAL CD INSPECTION|FINAL PARTICLE INSPECTION|PARAMETRIC TEST|LEAKAGE TEST|BREAKDOWN VOLTAGE TEST|SWITCHING TEST|WAFER SORT TEST|YIELD ANALYSIS|FINAL LOT RELEASE|SHIP LOT|FINAL CD INSPECTION|FINAL PARTICLE INSPECTION|PARAMETRIC TEST|SWITCHING TEST|WAFER SORT TEST|FINAL LOT RELEASE|SHIP LOT|FINAL CD INSPECTION|FINAL PARTICLE INSPECTION|PARAMETRIC TEST|SWITCHING TEST|YIELD ANALYSIS|FINAL LOT RELEASE|SHIP LOT|FINAL CD INSPECTION|FINAL PARTICLE INSPECTION|PARAMETRIC TEST|SWITCHING TEST|WAFER SORT TEST|FINAL LOT RELEASE|SHIP LOT|FINAL CD INSPECTION|FINAL PARTICLE INSPECTION|PARAMETRIC TEST|LEAKAGE TEST|BREAKDOWN VOLTAGE TEST|SWITCHING TEST|FINAL LOT RELEASE|SHIP LOT|FINAL CD INSPECTION|FINAL PARTICLE INSPECTION|PARAMETRIC TEST|SWITCHING TEST|FINAL LOT RELEASE|SHIP LOT|FINAL CD INSPECTION|FINAL PARTICLE INSPECTION|PARAMETRIC TEST|SWITCHING TEST|FINAL LOT RELEASE|SHIP LOT|FINAL CD INSPECTION|FINAL PARTICLE INSPECTION|PARAMETRIC TEST|SWITCHING TEST|FINAL LOT RELEASE|SHIP LOT|FINAL CD INSPECTION|FINAL PARTICLE INSPECTION|PARAMETRIC TEST|SWITCHING TEST|FINAL LOT RELEASE|SHIP LOT|FINAL CD INSPECTION|FINAL PARTICLE INSPECTION|PARAMETRIC TEST
valid_0135,DEPOSIT TUNGSTEN SEED|FILL VIA TUNGSTEN|CMP METAL|MEASURE VIA RESISTANCE|DEPOSIT METAL 1|ANNEAL METAL 1|SPIN COAT PHOTORESIST|SOFT BAKE|ALIGN MASK LEVEL 6|EXPOSE LITHO LEVEL 6|DEVELOP PHOTORESIST|METAL PATTERN INSPECTION|METAL ETCH DRY|STRIP RESIST|CLEAN AFTER METAL ETCH|MEASURE LINE WIDTH|DEPOSIT PASSIVATION|CURE PASSIVATION|MEASURE PASSIVATION QUALITY|OPEN BOND PAD WINDOW|OPEN PAD WINDOW LITHO|DEVELOP PAD WINDOW|PASSIVATION ETCH PAD OPENING|STRIP RESIST|CLEAN PAD OPENING|MEASURE PAD OPENING|BACKSIDE GRIND|MEASURE WAFER THICKNESS|BACKSIDE ETCH CLEAN|BACKSIDE RINSE|BACKSIDE DRY|BACKSIDE METALLIZATION PREP|DEPOSIT BACKSIDE METAL|BACKSIDE ANNEAL|MEASURE BACKSIDE CONTACT|FINAL CLEAN|FINAL THICKNESS MEASURE|FINAL GEOMETRY CHECK|FINAL OXIDE CHECK|FINAL CD INSPECTION|FINAL PARTICLE INSPECTION|PARAMETRIC TEST|LEAKAGE TEST|BREAKDOWN VOLTAGE TEST|SWITCHING TEST|WAFER SORT TEST|YIELD ANALYSIS|FINAL LOT RELEASE|PACKAGE PREPARATION|SHIP LOT|FINAL CD INSPECTION|FINAL PARTICLE INSPECTION|PARAMETRIC TEST|SWITCHING TEST|YIELD ANALYSIS|FINAL LOT RELEASE|SHIP LOT|FINAL CD INSPECTION|FINAL PARTICLE INSPECTION|PARAMETRIC TEST|SWITCHING TEST|WAFER SORT TEST|FINAL LOT RELEASE|SHIP LOT|FINAL CD INSPECTION|FINAL PARTICLE INSPECTION|PARAMETRIC TEST|SWITCHING TEST|WAFER SORT TEST|FINAL LOT RELEASE|SHIP LOT|FINAL CD INSPECTION|FINAL PARTICLE INSPECTION|PARAMETRIC TEST|SWITCHING TEST|WAFER SORT TEST|FINAL LOT RELEASE|SHIP LOT|FINAL CD INSPECTION|FINAL PARTICLE INSPECTION
valid_0136,CLEAN PAD OPENING|MEASURE PAD OPENING|BACKSIDE GRIND|MEASURE WAFER THICKNESS|BACKSIDE ETCH CLEAN|BACKSIDE RINSE|BACKSIDE DRY|BACKSIDE METALLIZATION PREP|DEPOSIT BACKSIDE METAL|BACKSIDE ANNEAL|MEASURE BACKSIDE CONTACT|FINAL CLEAN|FINAL THICKNESS MEASURE|FINAL GEOMETRY CHECK|FINAL OXIDE CHECK|FINAL CD INSPECTION|FINAL PARTICLE INSPECTION|PARAMETRIC TEST|LEAKAGE TEST|BREAKDOWN VOLTAGE TEST|SWITCHING TEST|WAFER SORT TEST|YIELD ANALYSIS|FINAL LOT RELEASE|SHIP LOT|FINAL OXIDE CHECK|FINAL CD INSPECTION|FINAL PARTICLE INSPECTION|PARAMETRIC TEST|SWITCHING TEST|WAFER SORT TEST|FINAL LOT RELEASE|SHIP LOT|FINAL CD INSPECTION|FINAL PARTICLE INSPECTION|PARAMETRIC TEST|SWITCHING TEST|YIELD ANALYSIS|FINAL LOT RELEASE|SHIP LOT|FINAL CD INSPECTION|FINAL PARTICLE INSPECTION|PARAMETRIC TEST|SWITCHING TEST|WAFER SORT TEST|FINAL LOT RELEASE|SHIP LOT|FINAL CD INSPECTION|FINAL PARTICLE INSPECTION|PARAMETRIC TEST|SWITCHING TEST|FINAL LOT RELEASE|SHIP LOT|FINAL CD INSPECTION|FINAL PARTICLE INSPECTION|PARAMETRIC TEST|SWITCHING TEST|FINAL LOT RELEASE|SHIP LOT|IMPLANT P BODY|BREAKDOWN VOLTAGE TEST|SWITCHING TEST|FINAL LOT RELEASE|SHIP LOT|FINAL CD INSPECTION|FINAL PARTICLE INSPECTION|PARAMETRIC TEST|SWITCHING TEST|FINAL LOT RELEASE|SHIP LOT|FINAL CD INSPECTION|FINAL PARTICLE INSPECTION|PARAMETRIC TEST|LEAKAGE TEST|BREAKDOWN VOLTAGE TEST|SWITCHING TEST|FINAL LOT RELEASE|SHIP LOT|FINAL CD INSPECTION|FINAL PARTICLE INSPECTION
valid_0137,MEASURE VIA CD|DEPOSIT BARRIER METAL|DEPOSIT METAL SEED|FILL VIA METAL|CMP METAL|MEASURE VIA RESISTANCE|DEPOSIT METAL 1|ANNEAL METAL 1|SPIN COAT PHOTORESIST|SOFT BAKE|ALIGN MASK LEVEL 6|EXPOSE LITHO LEVEL 6|DEVELOP PHOTORESIST|METAL PATTERN INSPECTION|METAL ETCH DRY|STRIP RESIST|CLEAN AFTER METAL ETCH|MEASURE LINE WIDTH|DEPOSIT PASSIVATION|CURE PASSIVATION|MEASURE PASSIVATION QUALITY|OPEN BOND PAD WINDOW|OPEN PAD WINDOW LITHO|DEVELOP PAD WINDOW|PASSIVATION ETCH PAD OPENING|STRIP RESIST|CLEAN PAD OPENING|MEASURE PAD OPENING|BACKSIDE GRIND|MEASURE WAFER THICKNESS|BACKSIDE ETCH CLEAN|BACKSIDE RINSE|BACKSIDE DRY|BACKSIDE METALLIZATION PREP|DEPOSIT BACKSIDE METAL|BACKSIDE ANNEAL|MEASURE BACKSIDE CONTACT|FINAL CLEAN|FINAL THICKNESS MEASURE|FINAL GEOMETRY CHECK|FINAL CD INSPECTION|FINAL PARTICLE INSPECTION|PARAMETRIC TEST|LEAKAGE TEST|BREAKDOWN VOLTAGE TEST|SWITCHING TEST|WAFER SORT TEST|YIELD ANALYSIS|FINAL LOT RELEASE|PACKAGE PREPARATION|SHIP LOT|FINAL CD INSPECTION|FINAL PARTICLE INSPECTION|PARAMETRIC TEST|SWITCHING TEST|YIELD ANALYSIS|FINAL LOT RELEASE|SHIP LOT|FINAL CD INSPECTION|FINAL PARTICLE INSPECTION|PARAMETRIC TEST|SWITCHING TEST|WAFER SORT TEST|FINAL LOT RELEASE|SHIP LOT|FINAL CD INSPECTION|FINAL PARTICLE INSPECTION|PARAMETRIC TEST|SWITCHING TEST|WAFER SORT TEST|FINAL LOT RELEASE|SHIP LOT|FINAL CD INSPECTION|FINAL PARTICLE INSPECTION|PARAMETRIC TEST|SWITCHING TEST|FINAL LOT RELEASE|SHIP LOT|FINAL CD INSPECTION|FINAL PARTICLE INSPECTION
valid_0138,PASSIVATION ETCH PAD OPENING|STRIP RESIST|CLEAN PAD OPENING|MEASURE PAD OPENING|BACKSIDE GRIND|MEASURE WAFER THICKNESS|BACKSIDE ETCH CLEAN|BACKSIDE RINSE|BACKSIDE DRY|BACKSIDE METALLIZATION PREP|DEPOSIT BACKSIDE METAL|BACKSIDE ANNEAL|MEASURE BACKSIDE CONTACT|FINAL CLEAN|FINAL THICKNESS MEASURE|FINAL GEOMETRY CHECK|FINAL CD INSPECTION|FINAL PARTICLE INSPECTION|PARAMETRIC TEST|LEAKAGE TEST|BREAKDOWN VOLTAGE TEST|SWITCHING TEST|YIELD ANALYSIS|WAFER SORT TEST|FINAL LOT RELEASE|SHIP LOT|FINAL CD INSPECTION|FINAL PARTICLE INSPECTION|PARAMETRIC TEST|SWITCHING TEST|WAFER SORT TEST|FINAL LOT RELEASE|SHIP LOT|FINAL CD INSPECTION|FINAL PARTICLE INSPECTION|PARAMETRIC TEST|SWITCHING TEST|WAFER SORT TEST|FINAL LOT RELEASE|SHIP LOT|FINAL CD INSPECTION|FINAL PARTICLE INSPECTION|PARAMETRIC TEST|SWITCHING TEST|WAFER SORT TEST|FINAL LOT RELEASE|SHIP LOT|FINAL CD INSPECTION|FINAL PARTICLE INSPECTION|PARAMETRIC TEST|SWITCHING TEST|WAFER SORT TEST|FINAL LOT RELEASE|SHIP LOT|IMPLANT P BODY|BREAKDOWN VOLTAGE TEST|SWITCHING TEST|FINAL LOT RELEASE|SHIP LOT|FINAL CD INSPECTION|FINAL PARTICLE INSPECTION|PARAMETRIC TEST|SWITCHING TEST|FINAL LOT RELEASE|SHIP LOT|FINAL CD INSPECTION|FINAL PARTICLE INSPECTION|PARAMETRIC TEST|LEAKAGE TEST|BREAKDOWN VOLTAGE TEST|SWITCHING TEST|FINAL LOT RELEASE|SHIP LOT|FINAL CD INSPECTION|FINAL PARTICLE INSPECTION|PARAMETRIC TEST|SWITCHING TEST|WAFER SORT TEST|FINAL LOT RELEASE|SHIP LOT
valid_0139,CLEAN AFTER VIA ETCH|MEASURE VIA CD|DEPOSIT BARRIER METAL|DEPOSIT METAL SEED|FILL VIA METAL|CMP METAL|MEASURE VIA RESISTANCE|DEPOSIT METAL 1|ANNEAL METAL 1|SPIN COAT PHOTORESIST|SOFT BAKE|ALIGN MASK LEVEL 6|EXPOSE LITHO LEVEL 6|DEVELOP PHOTORESIST|METAL PATTERN INSPECTION|METAL ETCH DRY|STRIP RESIST|CLEAN AFTER METAL ETCH|MEASURE LINE WIDTH|DEPOSIT PASSIVATION|CURE PASSIVATION|MEASURE PASSIVATION QUALITY|OPEN BOND PAD WINDOW|OPEN PAD WINDOW LITHO|DEVELOP PAD WINDOW|PASSIVATION ETCH PAD OPENING|STRIP RESIST|CLEAN PAD OPENING|MEASURE PAD OPENING|BACKSIDE GRIND|MEASURE WAFER THICKNESS|BACKSIDE ETCH CLEAN|BACKSIDE RINSE|BACKSIDE DRY|BACKSIDE METALLIZATION PREP|DEPOSIT BACKSIDE METAL|BACKSIDE ANNEAL|MEASURE BACKSIDE CONTACT|FINAL CLEAN|FINAL THICKNESS MEASURE|FINAL GEOMETRY CHECK|FINAL CD INSPECTION|FINAL PARTICLE INSPECTION|PARAMETRIC TEST|LEAKAGE TEST|BREAKDOWN VOLTAGE TEST|SWITCHING TEST|YIELD ANALYSIS|WAFER SORT TEST|FINAL LOT RELEASE|SHIP LOT|FINAL CD INSPECTION|FINAL PARTICLE INSPECTION|PARAMETRIC TEST|SWITCHING TEST|WAFER SORT TEST|FINAL LOT RELEASE|SHIP LOT|FINAL CD INSPECTION|FINAL PARTICLE INSPECTION|PARAMETRIC TEST|SWITCHING TEST|WAFER SORT TEST|FINAL LOT RELEASE|SHIP LOT|FINAL CD INSPECTION|FINAL PARTICLE INSPECTION|PARAMETRIC TEST|SWITCHING TEST|WAFER SORT TEST|FINAL LOT RELEASE|SHIP LOT|FINAL CD INSPECTION|FINAL PARTICLE INSPECTION|PARAMETRIC TEST|SWITCHING TEST|FINAL LOT RELEASE|SHIP LOT|FINAL CD INSPECTION|FINAL PARTICLE INSPECTION
valid_0140,STRIP RESIST|CLEAN PAD OPENING|MEASURE PAD OPENING|BACKSIDE GRIND|MEASURE WAFER THICKNESS|BACKSIDE ETCH CLEAN|BACKSIDE RINSE|BACKSIDE DRY|BACKSIDE METALLIZATION PREP|DEPOSIT BACKSIDE METAL|BACKSIDE ANNEAL|MEASURE BACKSIDE CONTACT|FINAL CLEAN|FINAL THICKNESS MEASURE|FINAL GEOMETRY CHECK|FINAL CD INSPECTION|FINAL PARTICLE INSPECTION|PARAMETRIC TEST|LEAKAGE TEST|BREAKDOWN VOLTAGE TEST|SWITCHING TEST|YIELD ANALYSIS|WAFER SORT TEST|FINAL LOT RELEASE|SHIP LOT|FINAL CD INSPECTION|FINAL PARTICLE INSPECTION|PARAMETRIC TEST|SWITCHING TEST|WAFER SORT TEST|FINAL LOT RELEASE|SHIP LOT|FINAL CD INSPECTION|FINAL PARTICLE INSPECTION|PARAMETRIC TEST|SWITCHING TEST|WAFER SORT TEST|FINAL LOT RELEASE|SHIP LOT|FINAL CD INSPECTION|FINAL PARTICLE INSPECTION|PARAMETRIC TEST|SWITCHING TEST|WAFER SORT TEST|FINAL LOT RELEASE|SHIP LOT|FINAL CD INSPECTION|FINAL PARTICLE INSPECTION|PARAMETRIC TEST|SWITCHING TEST|FINAL LOT RELEASE|SHIP LOT|FINAL CD INSPECTION|FINAL PARTICLE INSPECTION|PARAMETRIC TEST|SWITCHING TEST|WAFER SORT TEST|FINAL LOT RELEASE|SHIP LOT|FINAL CD INSPECTION|FINAL PARTICLE INSPECTION|PARAMETRIC TEST|LEAKAGE TEST|BREAKDOWN VOLTAGE TEST|SWITCHING TEST|FINAL LOT RELEASE|SHIP LOT|FINAL CD INSPECTION|FINAL PARTICLE INSPECTION|PARAMETRIC TEST|LEAKAGE TEST|BREAKDOWN VOLTAGE TEST|SWITCHING TEST|FINAL LOT RELEASE|SHIP LOT|FINAL CD INSPECTION|FINAL PARTICLE INSPECTION|PARAMETRIC TEST|SWITCHING TEST|WAFER SORT TEST
valid_0141,DEPOSIT BARRIER METAL|DEPOSIT METAL SEED|FILL VIA METAL|CMP METAL|MEASURE VIA RESISTANCE|DEPOSIT METAL 1|ANNEAL METAL 1|SPIN COAT PHOTORESIST|SOFT BAKE|ALIGN MASK LEVEL 6|EXPOSE LITHO LEVEL 6|DEVELOP PHOTORESIST|METAL PATTERN INSPECTION|METAL ETCH DRY|STRIP RESIST|CLEAN AFTER METAL ETCH|MEASURE LINE WIDTH|DEPOSIT PASSIVATION|CURE PASSIVATION|MEASURE PASSIVATION QUALITY|OPEN BOND PAD WINDOW|OPEN PAD WINDOW LITHO|DEVELOP PAD WINDOW|PASSIVATION ETCH PAD OPENING|STRIP RESIST|CLEAN PAD OPENING|MEASURE PAD OPENING|BACKSIDE GRIND|MEASURE WAFER THICKNESS|BACKSIDE ETCH CLEAN|BACKSIDE RINSE|BACKSIDE DRY|BACKSIDE METALLIZATION PREP|DEPOSIT BACKSIDE METAL|BACKSIDE ANNEAL|MEASURE BACKSIDE CONTACT|FINAL CLEAN|FINAL THICKNESS MEASURE|FINAL GEOMETRY CHECK|FINAL CD INSPECTION|FINAL PARTICLE INSPECTION|PARAMETRIC TEST|LEAKAGE TEST|BREAKDOWN VOLTAGE TEST|SWITCHING TEST|WAFER SORT TEST|YIELD ANALYSIS|FINAL LOT RELEASE|PACKAGE PREPARATION|SHIP LOT|FINAL CD INSPECTION|FINAL PARTICLE INSPECTION|PARAMETRIC TEST|SWITCHING TEST|YIELD ANALYSIS|FINAL LOT RELEASE|SHIP LOT|FINAL CD INSPECTION|FINAL PARTICLE INSPECTION|PARAMETRIC TEST|SWITCHING TEST|WAFER SORT TEST|FINAL LOT RELEASE|SHIP LOT|FINAL CD INSPECTION|FINAL PARTICLE INSPECTION|PARAMETRIC TEST|SWITCHING TEST|WAFER SORT TEST|FINAL LOT RELEASE|SHIP LOT|FINAL CD INSPECTION|FINAL PARTICLE INSPECTION|PARAMETRIC TEST|SWITCHING TEST|FINAL LOT RELEASE|SHIP LOT|FINAL CD INSPECTION|FINAL PARTICLE INSPECTION|PARAMETRIC TEST
valid_0142,STRIP RESIST|CLEAN PAD OPENING|MEASURE PAD OPENING|BACKSIDE GRIND|MEASURE WAFER THICKNESS|BACKSIDE ETCH CLEAN|BACKSIDE RINSE|BACKSIDE DRY|BACKSIDE METALLIZATION PREP|DEPOSIT BACKSIDE METAL|BACKSIDE ANNEAL|MEASURE BACKSIDE CONTACT|FINAL CLEAN|FINAL THICKNESS MEASURE|FINAL GEOMETRY CHECK|FINAL CD INSPECTION|FINAL PARTICLE INSPECTION|PARAMETRIC TEST|LEAKAGE TEST|BREAKDOWN VOLTAGE TEST|SWITCHING TEST|YIELD ANALYSIS|WAFER SORT TEST|FINAL LOT RELEASE|SHIP LOT|FINAL CD INSPECTION|FINAL PARTICLE INSPECTION|PARAMETRIC TEST|SWITCHING TEST|WAFER SORT TEST|FINAL LOT RELEASE|SHIP LOT|FINAL CD INSPECTION|FINAL PARTICLE INSPECTION|PARAMETRIC TEST|SWITCHING TEST|WAFER SORT TEST|FINAL LOT RELEASE|SHIP LOT|FINAL CD INSPECTION|FINAL PARTICLE INSPECTION|PARAMETRIC TEST|SWITCHING TEST|WAFER SORT TEST|FINAL LOT RELEASE|SHIP LOT|FINAL CD INSPECTION|FINAL PARTICLE INSPECTION|PARAMETRIC TEST|SWITCHING TEST|FINAL LOT RELEASE|SHIP LOT|FINAL CD INSPECTION|FINAL PARTICLE INSPECTION|PARAMETRIC TEST|SWITCHING TEST|FINAL LOT RELEASE|SHIP LOT|FINAL CD INSPECTION|FINAL PARTICLE INSPECTION|PARAMETRIC TEST|LEAKAGE TEST|BREAKDOWN VOLTAGE TEST|SWITCHING TEST|WAFER SORT TEST|FINAL LOT RELEASE|SHIP LOT|FINAL CD INSPECTION|FINAL PARTICLE INSPECTION|PARAMETRIC TEST|SWITCHING TEST|FINAL LOT RELEASE|SHIP LOT|FINAL CD INSPECTION|FINAL PARTICLE INSPECTION|PARAMETRIC TEST|SWITCHING TEST|WAFER SORT TEST|FINAL LOT RELEASE|SHIP LOT
valid_0143,DEPOSIT METAL SEED|FILL VIA METAL|CMP METAL|MEASURE VIA RESISTANCE|DEPOSIT TOP METAL|ANNEAL METAL 1|SPIN COAT PHOTORESIST|SOFT BAKE|ALIGN MASK LEVEL 6|EXPOSE LITHO LEVEL 6|DEVELOP PHOTORESIST|METAL PATTERN INSPECTION|METAL ETCH DRY|STRIP RESIST|CLEAN AFTER METAL ETCH|MEASURE LINE WIDTH|DEPOSIT PASSIVATION|CURE PASSIVATION|MEASURE PASSIVATION QUALITY|OPEN BOND PAD WINDOW|OPEN PAD WINDOW LITHO|DEVELOP PAD WINDOW|PASSIVATION ETCH PAD OPENING|STRIP RESIST|CLEAN PAD OPENING|MEASURE PAD OPENING|BACKSIDE GRIND|MEASURE WAFER THICKNESS|BACKSIDE ETCH CLEAN|BACKSIDE RINSE|BACKSIDE DRY|BACKSIDE METALLIZATION PREP|DEPOSIT BACKSIDE METAL|BACKSIDE ANNEAL|MEASURE BACKSIDE CONTACT|FINAL CLEAN|FINAL THICKNESS MEASURE|FINAL GEOMETRY CHECK|FINAL CD INSPECTION|FINAL PARTICLE INSPECTION|PARAMETRIC TEST|LEAKAGE TEST|BREAKDOWN VOLTAGE TEST|SWITCHING TEST|WAFER SORT TEST|YIELD ANALYSIS|FINAL LOT RELEASE|SHIP LOT|FINAL CD INSPECTION|FINAL PARTICLE INSPECTION|PARAMETRIC TEST|SWITCHING TEST|WAFER SORT TEST|FINAL LOT RELEASE|SHIP LOT|FINAL CD INSPECTION|FINAL PARTICLE INSPECTION|PARAMETRIC TEST|SWITCHING TEST|YIELD ANALYSIS|FINAL LOT RELEASE|SHIP LOT|FINAL CD INSPECTION|FINAL PARTICLE INSPECTION|PARAMETRIC TEST|SWITCHING TEST|WAFER SORT TEST|FINAL LOT RELEASE|SHIP LOT|FINAL CD INSPECTION|FINAL PARTICLE INSPECTION|PARAMETRIC TEST|SWITCHING TEST|FINAL LOT RELEASE|SHIP LOT|FINAL CD INSPECTION|FINAL PARTICLE INSPECTION|PARAMETRIC TEST|SWITCHING TEST|FINAL LOT RELEASE
valid_0144,PASSIVATION ETCH|STRIP RESIST|CLEAN PAD OPENING|MEASURE PAD OPENING|BACKSIDE GRIND|MEASURE WAFER THICKNESS|BACKSIDE ETCH CLEAN|BACKSIDE RINSE|BACKSIDE DRY|BACKSIDE METALLIZATION PREP|DEPOSIT BACKSIDE METAL|BACKSIDE ANNEAL|MEASURE BACKSIDE CONTACT|FINAL CLEAN|FINAL THICKNESS MEASURE|FINAL GEOMETRY CHECK|FINAL CD INSPECTION|FINAL PARTICLE INSPECTION|PARAMETRIC TEST|LEAKAGE TEST|BREAKDOWN VOLTAGE TEST|SWITCHING TEST|YIELD ANALYSIS|WAFER SORT TEST|FINAL LOT RELEASE|SHIP LOT|FINAL CD INSPECTION|FINAL PARTICLE INSPECTION|PARAMETRIC TEST|SWITCHING TEST|WAFER SORT TEST|FINAL LOT RELEASE|SHIP LOT|FINAL CD INSPECTION|FINAL PARTICLE INSPECTION|PARAMETRIC TEST|SWITCHING TEST|WAFER SORT TEST|FINAL LOT RELEASE|SHIP LOT|FINAL CD INSPECTION|FINAL PARTICLE INSPECTION|PARAMETRIC TEST|SWITCHING TEST|WAFER SORT TEST|FINAL LOT RELEASE|SHIP LOT|FINAL CD INSPECTION|FINAL PARTICLE INSPECTION|PARAMETRIC TEST|SWITCHING TEST|FINAL LOT RELEASE|SHIP LOT|FINAL CD INSPECTION|FINAL PARTICLE INSPECTION|PARAMETRIC TEST|SWITCHING TEST|FINAL LOT RELEASE|SHIP LOT|FINAL CD INSPECTION|FINAL PARTICLE INSPECTION|PARAMETRIC TEST|SWITCHING TEST|FINAL LOT RELEASE|SHIP LOT|FINAL CD INSPECTION|FINAL PARTICLE INSPECTION|PARAMETRIC TEST|LEAKAGE TEST|BREAKDOWN VOLTAGE TEST|SWITCHING TEST|FINAL LOT RELEASE|SHIP LOT|FINAL CD INSPECTION|FINAL PARTICLE INSPECTION|PARAMETRIC TEST|SWITCHING TEST|WAFER SORT TEST|FINAL LOT RELEASE|SHIP LOT
valid_0145,MEASURE VIA CD|DEPOSIT BARRIER METAL|DEPOSIT METAL SEED|FILL VIA METAL|CMP METAL|MEASURE VIA RESISTANCE|DEPOSIT METAL 1|ANNEAL METAL 1|SPIN COAT PHOTORESIST|SOFT BAKE|ALIGN MASK LEVEL 6|EXPOSE LITHO LEVEL 6|DEVELOP PHOTORESIST|METAL PATTERN INSPECTION|METAL ETCH DRY|STRIP RESIST|CLEAN AFTER METAL ETCH|MEASURE LINE WIDTH|DEPOSIT PASSIVATION|CURE PASSIVATION|MEASURE PASSIVATION QUALITY|OPEN BOND PAD WINDOW|OPEN PAD WINDOW LITHO|DEVELOP PAD WINDOW|PASSIVATION ETCH PAD OPENING|STRIP RESIST|CLEAN PAD OPENING|MEASURE PAD OPENING|BACKSIDE GRIND|MEASURE WAFER THICKNESS|BACKSIDE ETCH CLEAN|BACKSIDE RINSE|BACKSIDE DRY|BACKSIDE METALLIZATION PREP|DEPOSIT BACKSIDE METAL|BACKSIDE ANNEAL|MEASURE BACKSIDE CONTACT|FINAL CLEAN|FINAL THICKNESS MEASURE|FINAL GEOMETRY CHECK|FINAL CD INSPECTION|FINAL PARTICLE INSPECTION|PARAMETRIC TEST|LEAKAGE TEST|BREAKDOWN VOLTAGE TEST|SWITCHING TEST|WAFER SORT TEST|YIELD ANALYSIS|FINAL LOT RELEASE|PACKAGE PREPARATION|SHIP LOT|FINAL CD INSPECTION|FINAL PARTICLE INSPECTION|PARAMETRIC TEST|SWITCHING TEST|YIELD ANALYSIS|FINAL LOT RELEASE|SHIP LOT|FINAL CD INSPECTION|FINAL PARTICLE INSPECTION|PARAMETRIC TEST|SWITCHING TEST|WAFER SORT TEST|FINAL LOT RELEASE|SHIP LOT|FINAL CD INSPECTION|FINAL PARTICLE INSPECTION|PARAMETRIC TEST|SWITCHING TEST|WAFER SORT TEST|FINAL LOT RELEASE|SHIP LOT|FINAL CD INSPECTION|FINAL PARTICLE INSPECTION|PARAMETRIC TEST|SWITCHING TEST|FINAL LOT RELEASE|SHIP LOT|FINAL CD INSPECTION|FINAL PARTICLE INSPECTION
valid_0146,PASSIVATION ETCH|STRIP RESIST|CLEAN PAD OPENING|MEASURE PAD OPENING|BACKSIDE GRIND|MEASURE WAFER THICKNESS|BACKSIDE ETCH CLEAN|BACKSIDE RINSE|BACKSIDE DRY|BACKSIDE METALLIZATION PREP|DEPOSIT BACKSIDE METAL|BACKSIDE ANNEAL|MEASURE BACKSIDE CONTACT|FINAL CLEAN|FINAL THICKNESS MEASURE|FINAL GEOMETRY CHECK|FINAL CD INSPECTION|FINAL PARTICLE INSPECTION|PARAMETRIC TEST|LEAKAGE TEST|BREAKDOWN VOLTAGE TEST|SWITCHING TEST|YIELD ANALYSIS|WAFER SORT TEST|FINAL LOT RELEASE|SHIP LOT|FINAL CD INSPECTION|FINAL PARTICLE INSPECTION|PARAMETRIC TEST|SWITCHING TEST|WAFER SORT TEST|FINAL LOT RELEASE|SHIP LOT|FINAL CD INSPECTION|FINAL PARTICLE INSPECTION|PARAMETRIC TEST|SWITCHING TEST|WAFER SORT TEST|FINAL LOT RELEASE|SHIP LOT|FINAL CD INSPECTION|FINAL PARTICLE INSPECTION|PARAMETRIC TEST|SWITCHING TEST|WAFER SORT TEST|FINAL LOT RELEASE|SHIP LOT|FINAL CD INSPECTION|FINAL PARTICLE INSPECTION|PARAMETRIC TEST|SWITCHING TEST|WAFER SORT TEST|FINAL LOT RELEASE|SHIP LOT|FINAL CD INSPECTION|FINAL PARTICLE INSPECTION|PARAMETRIC TEST|SWITCHING TEST|FINAL LOT RELEASE|SHIP LOT|FINAL CD INSPECTION|FINAL PARTICLE INSPECTION|PARAMETRIC TEST|LEAKAGE TEST|BREAKDOWN VOLTAGE TEST|SWITCHING TEST|FINAL LOT RELEASE|SHIP LOT|FINAL CD INSPECTION|FINAL PARTICLE INSPECTION|PARAMETRIC TEST|SWITCHING TEST|FINAL LOT RELEASE|SHIP LOT|FINAL CD INSPECTION|FINAL PARTICLE INSPECTION|PARAMETRIC TEST|SWITCHING TEST|WAFER SORT TEST|FINAL LOT RELEASE
valid_0147,MEASURE VIA CD|DEPOSIT BARRIER METAL|DEPOSIT METAL SEED|FILL VIA METAL|CMP METAL|MEASURE VIA RESISTANCE|DEPOSIT METAL 1|ANNEAL METAL 1|SPIN COAT PHOTORESIST|SOFT BAKE|ALIGN MASK LEVEL 6|EXPOSE LITHO LEVEL 6|DEVELOP PHOTORESIST|METAL PATTERN INSPECTION|METAL ETCH DRY|STRIP RESIST|CLEAN AFTER METAL ETCH|MEASURE LINE WIDTH|DEPOSIT PASSIVATION|CURE PASSIVATION|MEASURE PASSIVATION QUALITY|OPEN BOND PAD WINDOW|OPEN PAD WINDOW LITHO|DEVELOP PAD WINDOW|PASSIVATION ETCH PAD OPENING|STRIP RESIST|CLEAN PAD OPENING|MEASURE PAD OPENING|BACKSIDE GRIND|MEASURE WAFER THICKNESS|BACKSIDE ETCH CLEAN|BACKSIDE RINSE|BACKSIDE DRY|BACKSIDE METALLIZATION PREP|DEPOSIT BACKSIDE METAL|BACKSIDE ANNEAL|MEASURE BACKSIDE CONTACT|FINAL CLEAN|FINAL THICKNESS MEASURE|FINAL GEOMETRY CHECK|FINAL CD INSPECTION|FINAL PARTICLE INSPECTION|PARAMETRIC TEST|LEAKAGE TEST|BREAKDOWN VOLTAGE TEST|SWITCHING TEST|WAFER SORT TEST|YIELD ANALYSIS|FINAL LOT RELEASE|PACKAGE PREPARATION|SHIP LOT|FINAL CD INSPECTION|FINAL PARTICLE INSPECTION|PARAMETRIC TEST|SWITCHING TEST|YIELD ANALYSIS|FINAL LOT RELEASE|SHIP LOT|FINAL CD INSPECTION|FINAL PARTICLE INSPECTION|PARAMETRIC TEST|SWITCHING TEST|WAFER SORT TEST|FINAL LOT RELEASE|SHIP LOT|FINAL CD INSPECTION|FINAL PARTICLE INSPECTION|PARAMETRIC TEST|SWITCHING TEST|WAFER SORT TEST|FINAL LOT RELEASE|SHIP LOT|FINAL CD INSPECTION|FINAL PARTICLE INSPECTION|PARAMETRIC TEST|SWITCHING TEST|FINAL LOT RELEASE|SHIP LOT|FINAL CD INSPECTION|FINAL PARTICLE INSPECTION
valid_0148,STRIP RESIST|CLEAN PAD OPENING|MEASURE PAD OPENING|BACKSIDE GRIND|MEASURE WAFER THICKNESS|BACKSIDE ETCH CLEAN|BACKSIDE RINSE|BACKSIDE DRY|BACKSIDE METALLIZATION PREP|DEPOSIT BACKSIDE METAL|BACKSIDE ANNEAL|MEASURE BACKSIDE CONTACT|FINAL CLEAN|FINAL THICKNESS MEASURE|FINAL GEOMETRY CHECK|FINAL CD INSPECTION|FINAL PARTICLE INSPECTION|PARAMETRIC TEST|LEAKAGE TEST|BREAKDOWN VOLTAGE TEST|SWITCHING TEST|WAFER SORT TEST|YIELD ANALYSIS|FINAL LOT RELEASE|PACKAGE PREPARATION|SHIP LOT|FINAL CD INSPECTION|FINAL PARTICLE INSPECTION|PARAMETRIC TEST|SWITCHING TEST|YIELD ANALYSIS|FINAL LOT RELEASE|SHIP LOT|FINAL CD INSPECTION|FINAL PARTICLE INSPECTION|PARAMETRIC TEST|SWITCHING TEST|WAFER SORT TEST|FINAL LOT RELEASE|SHIP LOT|FINAL CD INSPECTION|FINAL PARTICLE INSPECTION|PARAMETRIC TEST|SWITCHING TEST|WAFER SORT TEST|FINAL LOT RELEASE|SHIP LOT|FINAL CD INSPECTION|FINAL PARTICLE INSPECTION|PARAMETRIC TEST|SWITCHING TEST|FINAL LOT RELEASE|SHIP LOT|FINAL CD INSPECTION|FINAL PARTICLE INSPECTION|PARAMETRIC TEST|SWITCHING TEST|FINAL LOT RELEASE|SHIP LOT|FINAL CD INSPECTION|FINAL PARTICLE INSPECTION|PARAMETRIC TEST|SWITCHING TEST|FINAL LOT RELEASE|SHIP LOT|FINAL CD INSPECTION|FINAL PARTICLE INSPECTION|PARAMETRIC TEST|LEAKAGE TEST|BREAKDOWN VOLTAGE TEST|SWITCHING TEST|FINAL LOT RELEASE|SHIP LOT|FINAL CD INSPECTION|FINAL PARTICLE INSPECTION|PARAMETRIC TEST|SWITCHING TEST|WAFER SORT TEST|FINAL LOT RELEASE|SHIP LOT
valid_0149,MEASURE VIA CD|DEPOSIT BARRIER METAL|DEPOSIT METAL SEED|FILL VIA METAL|CMP METAL|MEASURE VIA RESISTANCE|DEPOSIT METAL 1|ANNEAL METAL 1|SPIN COAT PHOTORESIST|SOFT BAKE|ALIGN MASK LEVEL 6|EXPOSE LITHO LEVEL 6|DEVELOP PHOTORESIST|METAL PATTERN INSPECTION|METAL ETCH DRY|STRIP RESIST|CLEAN AFTER METAL ETCH|MEASURE LINE WIDTH|DEPOSIT PASSIVATION|CURE PASSIVATION|MEASURE PASSIVATION QUALITY|OPEN BOND PAD WINDOW|OPEN PAD WINDOW LITHO|DEVELOP PAD WINDOW|PASSIVATION ETCH PAD OPENING|STRIP RESIST|CLEAN PAD OPENING|MEASURE PAD OPENING|BACKSIDE GRIND|MEASURE WAFER THICKNESS|BACKSIDE ETCH CLEAN|BACKSIDE RINSE|BACKSIDE DRY|BACKSIDE METALLIZATION PREP|DEPOSIT BACKSIDE METAL|BACKSIDE ANNEAL|MEASURE BACKSIDE CONTACT|FINAL CLEAN|FINAL THICKNESS MEASURE|FINAL GEOMETRY CHECK|FINAL CD INSPECTION|FINAL PARTICLE INSPECTION|PARAMETRIC TEST|LEAKAGE TEST|BREAKDOWN VOLTAGE TEST|SWITCHING TEST|YIELD ANALYSIS|WAFER SORT TEST|FINAL LOT RELEASE|SHIP LOT|FINAL CD INSPECTION|FINAL PARTICLE INSPECTION|PARAMETRIC TEST|SWITCHING TEST|WAFER SORT TEST|FINAL LOT RELEASE|SHIP LOT|FINAL CD INSPECTION|FINAL PARTICLE INSPECTION|PARAMETRIC TEST|SWITCHING TEST|WAFER SORT TEST|FINAL LOT RELEASE|SHIP LOT|FINAL CD INSPECTION|FINAL PARTICLE INSPECTION|PARAMETRIC TEST|SWITCHING TEST|WAFER SORT TEST|FINAL LOT RELEASE|SHIP LOT|FINAL CD INSPECTION|FINAL PARTICLE INSPECTION|PARAMETRIC TEST|SWITCHING TEST|FINAL LOT RELEASE|SHIP LOT|IMPLANT P BODY|BREAKDOWN VOLTAGE TEST|SWITCHING TEST
valid_0150,STRIP RESIST|CLEAN PAD OPENING|MEASURE PAD OPENING|BACKSIDE GRIND|MEASURE WAFER THICKNESS|BACKSIDE ETCH CLEAN|BACKSIDE RINSE|BACKSIDE DRY|BACKSIDE METALLIZATION PREP|DEPOSIT BACKSIDE METAL|BACKSIDE ANNEAL|MEASURE BACKSIDE CONTACT|FINAL CLEAN|FINAL THICKNESS MEASURE|FINAL GEOMETRY CHECK|FINAL CD INSPECTION|FINAL PARTICLE INSPECTION|PARAMETRIC TEST|LEAKAGE TEST|BREAKDOWN VOLTAGE TEST|SWITCHING TEST|YIELD ANALYSIS|WAFER SORT TEST|FINAL LOT RELEASE|SHIP LOT|FINAL CD INSPECTION|FINAL PARTICLE INSPECTION|PARAMETRIC TEST|SWITCHING TEST|WAFER SORT TEST|FINAL LOT RELEASE|SHIP LOT|FINAL CD INSPECTION|FINAL PARTICLE INSPECTION|PARAMETRIC TEST|SWITCHING TEST|WAFER SORT TEST|FINAL LOT RELEASE|SHIP LOT|FINAL CD INSPECTION|FINAL PARTICLE INSPECTION|PARAMETRIC TEST|SWITCHING TEST|WAFER SORT TEST|FINAL LOT RELEASE|SHIP LOT|FINAL CD INSPECTION|FINAL PARTICLE INSPECTION|PARAMETRIC TEST|SWITCHING TEST|FINAL LOT RELEASE|SHIP LOT|IMPLANT P BODY|BREAKDOWN VOLTAGE TEST|SWITCHING TEST|FINAL LOT RELEASE|SHIP LOT|FINAL CD INSPECTION|FINAL PARTICLE INSPECTION|PARAMETRIC TEST|LEAKAGE TEST|BREAKDOWN VOLTAGE TEST|SWITCHING TEST|FINAL LOT RELEASE|SHIP LOT|FINAL CD INSPECTION|FINAL PARTICLE INSPECTION|PARAMETRIC TEST|SWITCHING TEST|FINAL LOT RELEASE|SHIP LOT|FINAL CD INSPECTION|FINAL PARTICLE INSPECTION|PARAMETRIC TEST|SWITCHING TEST|WAFER SORT TEST|FINAL LOT RELEASE|SHIP LOT|FINAL CD INSPECTION|FINAL PARTICLE INSPECTION
valid_0151,MEASURE VIA CD|DEPOSIT BARRIER METAL|DEPOSIT METAL SEED|FILL VIA METAL|CMP METAL|MEASURE VIA RESISTANCE|DEPOSIT TOP METAL|ANNEAL METAL 1|SPIN COAT PHOTORESIST|SOFT BAKE|ALIGN MASK LEVEL 6|EXPOSE LITHO LEVEL 6|DEVELOP PHOTORESIST|METAL PATTERN INSPECTION|METAL ETCH DRY|STRIP RESIST|CLEAN AFTER METAL ETCH|MEASURE LINE WIDTH|DEPOSIT PASSIVATION|CURE PASSIVATION|MEASURE PASSIVATION QUALITY|OPEN BOND PAD WINDOW|OPEN PAD WINDOW LITHO|DEVELOP PAD WINDOW|PASSIVATION ETCH PAD OPENING|STRIP RESIST|CLEAN PAD OPENING|MEASURE PAD OPENING|BACKSIDE GRIND|MEASURE WAFER THICKNESS|BACKSIDE ETCH CLEAN|BACKSIDE RINSE|BACKSIDE DRY|BACKSIDE METALLIZATION PREP|DEPOSIT BACKSIDE METAL|BACKSIDE ANNEAL|MEASURE BACKSIDE CONTACT|FINAL CLEAN|FINAL THICKNESS MEASURE|FINAL GEOMETRY CHECK|FINAL CD INSPECTION|FINAL PARTICLE INSPECTION|ELECTRICAL PARAMETRIC TEST|LEAKAGE TEST|BREAKDOWN VOLTAGE TEST|SWITCHING TEST|YIELD ANALYSIS|WAFER SORT TEST|FINAL LOT RELEASE|SHIP LOT|FINAL CD INSPECTION|FINAL PARTICLE INSPECTION|ELECTRICAL PARAMETRIC TEST|LEAKAGE TEST|BREAKDOWN VOLTAGE TEST|SWITCHING TEST|YIELD ANALYSIS|FINAL LOT RELEASE|SHIP LOT|FINAL CD INSPECTION|FINAL PARTICLE INSPECTION|PARAMETRIC TEST|SWITCHING TEST|WAFER SORT TEST|FINAL LOT RELEASE|SHIP LOT|FINAL CD INSPECTION|FINAL PARTICLE INSPECTION|PARAMETRIC TEST|SWITCHING TEST|FINAL LOT RELEASE|SHIP LOT|FINAL CD INSPECTION|FINAL PARTICLE INSPECTION|PARAMETRIC TEST|SWITCHING TEST|FINAL LOT RELEASE|SHIP LOT|IMPLANT P BODY|BREAKDOWN VOLTAGE TEST
valid_0152,DEVELOP PAD WINDOW|PASSIVATION ETCH PAD OPENING|STRIP RESIST|CLEAN PAD OPENING|MEASURE PAD OPENING|BACKSIDE GRIND|MEASURE WAFER THICKNESS|BACKSIDE ETCH CLEAN|BACKSIDE RINSE|BACKSIDE DRY|BACKSIDE METALLIZATION PREP|DEPOSIT BACKSIDE METAL|BACKSIDE ANNEAL|MEASURE BACKSIDE CONTACT|FINAL CLEAN|FINAL THICKNESS MEASURE|FINAL GEOMETRY CHECK|FINAL CD INSPECTION|FINAL PARTICLE INSPECTION|ELECTRICAL PARAMETRIC TEST|LEAKAGE TEST|BREAKDOWN VOLTAGE TEST|SWITCHING TEST|YIELD ANALYSIS|WAFER SORT TEST|FINAL LOT RELEASE|SHIP LOT|FINAL CD INSPECTION|FINAL PARTICLE INSPECTION|ELECTRICAL PARAMETRIC TEST|LEAKAGE TEST|BREAKDOWN VOLTAGE TEST|SWITCHING TEST|WAFER SORT TEST|FINAL LOT RELEASE|SHIP LOT|FINAL CD INSPECTION|FINAL PARTICLE INSPECTION|PARAMETRIC TEST|SWITCHING TEST|WAFER SORT TEST|FINAL LOT RELEASE|SHIP LOT|FINAL CD INSPECTION|FINAL PARTICLE INSPECTION|PARAMETRIC TEST|SWITCHING TEST|WAFER SORT TEST|FINAL LOT RELEASE|SHIP LOT|FINAL CD INSPECTION|FINAL PARTICLE INSPECTION|PARAMETRIC TEST|SWITCHING TEST|FINAL LOT RELEASE|SHIP LOT|FINAL CD INSPECTION|FINAL PARTICLE INSPECTION|PARAMETRIC TEST|SWITCHING TEST|FINAL LOT RELEASE|SHIP LOT|FINAL CD INSPECTION|FINAL PARTICLE INSPECTION|PARAMETRIC TEST|SWITCHING TEST|FINAL LOT RELEASE|SHIP LOT|FINAL CD INSPECTION|FINAL PARTICLE INSPECTION|PARAMETRIC TEST|SWITCHING TEST|FINAL LOT RELEASE|SHIP LOT|FINAL CD INSPECTION|FINAL PARTICLE INSPECTION|PARAMETRIC TEST|SWITCHING TEST|WAFER SORT TEST|FINAL LOT RELEASE
valid_0153,MEASURE VIA CD|DEPOSIT BARRIER METAL|DEPOSIT METAL SEED|FILL VIA METAL|CMP METAL|MEASURE VIA RESISTANCE|DEPOSIT METAL 1|ANNEAL METAL 1|SPIN COAT PHOTORESIST|SOFT BAKE|ALIGN MASK LEVEL 6|EXPOSE LITHO LEVEL 6|DEVELOP PHOTORESIST|METAL PATTERN INSPECTION|METAL ETCH DRY|STRIP RESIST|CLEAN AFTER METAL ETCH|MEASURE LINE WIDTH|DEPOSIT PASSIVATION|CURE PASSIVATION|MEASURE PASSIVATION QUALITY|OPEN BOND PAD WINDOW|OPEN PAD WINDOW LITHO|DEVELOP PAD WINDOW|PASSIVATION ETCH PAD OPENING|STRIP RESIST|CLEAN PAD OPENING|MEASURE PAD OPENING|BACKSIDE GRIND|MEASURE WAFER THICKNESS|BACKSIDE ETCH CLEAN|BACKSIDE RINSE|BACKSIDE DRY|BACKSIDE METALLIZATION PREP|DEPOSIT BACKSIDE METAL|BACKSIDE ANNEAL|MEASURE BACKSIDE CONTACT|FINAL CLEAN|FINAL THICKNESS MEASURE|FINAL GEOMETRY CHECK|FINAL CD INSPECTION|FINAL PARTICLE INSPECTION|PARAMETRIC TEST|LEAKAGE TEST|BREAKDOWN VOLTAGE TEST|SWITCHING TEST|YIELD ANALYSIS|WAFER SORT TEST|FINAL LOT RELEASE|SHIP LOT|FINAL CD INSPECTION|FINAL PARTICLE INSPECTION|PARAMETRIC TEST|SWITCHING TEST|WAFER SORT TEST|FINAL LOT RELEASE|SHIP LOT|FINAL CD INSPECTION|FINAL PARTICLE INSPECTION|PARAMETRIC TEST|SWITCHING TEST|WAFER SORT TEST|FINAL LOT RELEASE|SHIP LOT|FINAL CD INSPECTION|FINAL PARTICLE INSPECTION|PARAMETRIC TEST|SWITCHING TEST|WAFER SORT TEST|FINAL LOT RELEASE|SHIP LOT|FINAL CD INSPECTION|FINAL PARTICLE INSPECTION|PARAMETRIC TEST|SWITCHING TEST|WAFER SORT TEST|FINAL LOT RELEASE|SHIP LOT|IMPLANT P BODY|BREAKDOWN VOLTAGE TEST
valid_0154,DEVELOP PAD WINDOW|PASSIVATION ETCH PAD OPENING|STRIP RESIST|CLEAN PAD OPENING|MEASURE PAD OPENING|BACKSIDE GRIND|MEASURE WAFER THICKNESS|BACKSIDE ETCH CLEAN|BACKSIDE RINSE|BACKSIDE DRY|BACKSIDE METALLIZATION PREP|DEPOSIT BACKSIDE METAL|BACKSIDE ANNEAL|MEASURE BACKSIDE CONTACT|FINAL CLEAN|FINAL THICKNESS MEASURE|FINAL GEOMETRY CHECK|FINAL CD INSPECTION|FINAL PARTICLE INSPECTION|PARAMETRIC TEST|LEAKAGE TEST|BREAKDOWN VOLTAGE TEST|SWITCHING TEST|YIELD ANALYSIS|WAFER SORT TEST|FINAL LOT RELEASE|SHIP LOT|FINAL CD INSPECTION|FINAL PARTICLE INSPECTION|PARAMETRIC TEST|SWITCHING TEST|WAFER SORT TEST|FINAL LOT RELEASE|SHIP LOT|FINAL CD INSPECTION|FINAL PARTICLE INSPECTION|PARAMETRIC TEST|SWITCHING TEST|WAFER SORT TEST|FINAL LOT RELEASE|SHIP LOT|FINAL CD INSPECTION|FINAL PARTICLE INSPECTION|PARAMETRIC TEST|SWITCHING TEST|WAFER SORT TEST|FINAL LOT RELEASE|SHIP LOT|FINAL CD INSPECTION|FINAL PARTICLE INSPECTION|PARAMETRIC TEST|SWITCHING TEST|FINAL LOT RELEASE|SHIP LOT|IMPLANT P BODY|BREAKDOWN VOLTAGE TEST|SWITCHING TEST|FINAL LOT RELEASE|SHIP LOT|FINAL CD INSPECTION|FINAL PARTICLE INSPECTION|PARAMETRIC TEST|LEAKAGE TEST|BREAKDOWN VOLTAGE TEST|SWITCHING TEST|FINAL LOT RELEASE|SHIP LOT|FINAL CD INSPECTION|FINAL PARTICLE INSPECTION|PARAMETRIC TEST|SWITCHING TEST|FINAL LOT RELEASE|SHIP LOT|FINAL CD INSPECTION|FINAL PARTICLE INSPECTION|PARAMETRIC TEST|SWITCHING TEST|WAFER SORT TEST|FINAL LOT RELEASE|SHIP LOT
valid_0155,CLEAN AFTER VIA ETCH|MEASURE VIA CD|DEPOSIT BARRIER METAL|DEPOSIT METAL SEED|FILL VIA METAL|CMP METAL|MEASURE VIA RESISTANCE|DEPOSIT METAL 1|ANNEAL METAL 1|SPIN COAT PHOTORESIST|SOFT BAKE|ALIGN MASK LEVEL 6|EXPOSE LITHO LEVEL 6|DEVELOP PHOTORESIST|METAL PATTERN INSPECTION|METAL ETCH DRY|STRIP RESIST|CLEAN AFTER METAL ETCH|MEASURE LINE WIDTH|DEPOSIT PASSIVATION|CURE PASSIVATION|MEASURE PASSIVATION QUALITY|OPEN BOND PAD WINDOW|OPEN PAD WINDOW LITHO|DEVELOP PAD WINDOW|PASSIVATION ETCH PAD OPENING|STRIP RESIST|CLEAN PAD OPENING|MEASURE PAD OPENING|BACKSIDE GRIND|MEASURE WAFER THICKNESS|BACKSIDE ETCH CLEAN|BACKSIDE RINSE|BACKSIDE DRY|BACKSIDE METALLIZATION PREP|DEPOSIT BACKSIDE METAL|BACKSIDE ANNEAL|MEASURE BACKSIDE CONTACT|FINAL CLEAN|FINAL THICKNESS MEASURE|FINAL GEOMETRY CHECK|FINAL CD INSPECTION|FINAL PARTICLE INSPECTION|PARAMETRIC TEST|LEAKAGE TEST|BREAKDOWN VOLTAGE TEST|SWITCHING TEST|YIELD ANALYSIS|WAFER SORT TEST|FINAL LOT RELEASE|SHIP LOT|FINAL CD INSPECTION|FINAL PARTICLE INSPECTION|PARAMETRIC TEST|SWITCHING TEST|WAFER SORT TEST|FINAL LOT RELEASE|SHIP LOT|FINAL CD INSPECTION|FINAL PARTICLE INSPECTION|PARAMETRIC TEST|SWITCHING TEST|WAFER SORT TEST|FINAL LOT RELEASE|SHIP LOT|FINAL CD INSPECTION|FINAL PARTICLE INSPECTION|PARAMETRIC TEST|SWITCHING TEST|WAFER SORT TEST|FINAL LOT RELEASE|SHIP LOT|FINAL CD INSPECTION|FINAL PARTICLE INSPECTION|PARAMETRIC TEST|SWITCHING TEST|WAFER SORT TEST|FINAL LOT RELEASE|SHIP LOT|IMPLANT P BODY
valid_0156,STRIP RESIST|CLEAN PAD OPENING|MEASURE PAD OPENING|BACKSIDE GRIND|MEASURE WAFER THICKNESS|BACKSIDE ETCH CLEAN|BACKSIDE RINSE|BACKSIDE DRY|BACKSIDE METALLIZATION PREP|DEPOSIT BACKSIDE METAL|BACKSIDE ANNEAL|MEASURE BACKSIDE CONTACT|FINAL CLEAN|FINAL THICKNESS MEASURE|FINAL GEOMETRY CHECK|FINAL CD INSPECTION|FINAL PARTICLE INSPECTION|PARAMETRIC TEST|LEAKAGE TEST|BREAKDOWN VOLTAGE TEST|SWITCHING TEST|WAFER SORT TEST|YIELD ANALYSIS|FINAL LOT RELEASE|PACKAGE PREPARATION|SHIP LOT|FINAL CD INSPECTION|FINAL PARTICLE INSPECTION|PARAMETRIC TEST|SWITCHING TEST|WAFER SORT TEST|FINAL LOT RELEASE|SHIP LOT|FINAL CD INSPECTION|FINAL PARTICLE INSPECTION|PARAMETRIC TEST|SWITCHING TEST|WAFER SORT TEST|FINAL LOT RELEASE|SHIP LOT|FINAL CD INSPECTION|FINAL PARTICLE INSPECTION|PARAMETRIC TEST|SWITCHING TEST|WAFER SORT TEST|FINAL LOT RELEASE|SHIP LOT|FINAL CD INSPECTION|FINAL PARTICLE INSPECTION|PARAMETRIC TEST|SWITCHING TEST|WAFER SORT TEST|FINAL LOT RELEASE|SHIP LOT|IMPLANT P BODY|BREAKDOWN VOLTAGE TEST|SWITCHING TEST|FINAL LOT RELEASE|SHIP LOT|FINAL CD INSPECTION|FINAL PARTICLE INSPECTION|PARAMETRIC TEST|SWITCHING TEST|FINAL LOT RELEASE|SHIP LOT|FINAL CD INSPECTION|FINAL PARTICLE INSPECTION|PARAMETRIC TEST|LEAKAGE TEST|BREAKDOWN VOLTAGE TEST|SWITCHING TEST|FINAL LOT RELEASE|SHIP LOT|FINAL CD INSPECTION|FINAL PARTICLE INSPECTION|PARAMETRIC TEST|SWITCHING TEST|WAFER SORT TEST|FINAL LOT RELEASE|SHIP LOT
valid_0157,DEPOSIT BARRIER METAL|DEPOSIT METAL SEED|FILL VIA METAL|CMP METAL|MEASURE VIA RESISTANCE|DEPOSIT TOP METAL|ANNEAL METAL 1|SPIN COAT PHOTORESIST|SOFT BAKE|ALIGN MASK LEVEL 6|EXPOSE LITHO LEVEL 6|DEVELOP PHOTORESIST|METAL PATTERN INSPECTION|METAL ETCH DRY|STRIP RESIST|CLEAN AFTER METAL ETCH|MEASURE LINE WIDTH|DEPOSIT PASSIVATION|CURE PASSIVATION|MEASURE PASSIVATION QUALITY|OPEN BOND PAD WINDOW|OPEN PAD WINDOW LITHO|DEVELOP PAD WINDOW|PASSIVATION ETCH PAD OPENING|STRIP RESIST|CLEAN PAD OPENING|MEASURE PAD OPENING|BACKSIDE GRIND|MEASURE WAFER THICKNESS|BACKSIDE ETCH CLEAN|BACKSIDE RINSE|BACKSIDE DRY|BACKSIDE METALLIZATION PREP|DEPOSIT BACKSIDE METAL|BACKSIDE ANNEAL|MEASURE BACKSIDE CONTACT|FINAL CLEAN|FINAL THICKNESS MEASURE|FINAL GEOMETRY CHECK|FINAL CD INSPECTION|FINAL PARTICLE INSPECTION|ELECTRICAL PARAMETRIC TEST|LEAKAGE TEST|BREAKDOWN VOLTAGE TEST|SWITCHING TEST|WAFER SORT TEST|YIELD ANALYSIS|FINAL LOT RELEASE|SHIP LOT|FINAL CD INSPECTION|FINAL PARTICLE INSPECTION|ELECTRICAL PARAMETRIC TEST|SWITCHING TEST|WAFER SORT TEST|FINAL LOT RELEASE|SHIP LOT|FINAL CD INSPECTION|FINAL PARTICLE INSPECTION|ELECTRICAL PARAMETRIC TEST|LEAKAGE TEST|BREAKDOWN VOLTAGE TEST|SWITCHING TEST|YIELD ANALYSIS|FINAL LOT RELEASE|SHIP LOT|FINAL CD INSPECTION|FINAL PARTICLE INSPECTION|PARAMETRIC TEST|SWITCHING TEST|WAFER SORT TEST|FINAL LOT RELEASE|SHIP LOT|FINAL CD INSPECTION|FINAL PARTICLE INSPECTION|PARAMETRIC TEST|SWITCHING TEST|FINAL LOT RELEASE|SHIP LOT|FINAL CD INSPECTION|FINAL PARTICLE INSPECTION
valid_0158,PASSIVATION ETCH PAD OPENING|STRIP RESIST|CLEAN PAD OPENING|MEASURE PAD OPENING|BACKSIDE GRIND|MEASURE WAFER THICKNESS|BACKSIDE ETCH CLEAN|BACKSIDE RINSE|BACKSIDE DRY|BACKSIDE METALLIZATION PREP|DEPOSIT BACKSIDE METAL|BACKSIDE ANNEAL|MEASURE BACKSIDE CONTACT|FINAL CLEAN|FINAL THICKNESS MEASURE|FINAL GEOMETRY CHECK|FINAL CD INSPECTION|FINAL PARTICLE INSPECTION|PARAMETRIC TEST|LEAKAGE TEST|BREAKDOWN VOLTAGE TEST|SWITCHING TEST|WAFER SORT TEST|YIELD ANALYSIS|FINAL LOT RELEASE|SHIP LOT|FINAL CD INSPECTION|FINAL PARTICLE INSPECTION|PARAMETRIC TEST|SWITCHING TEST|WAFER SORT TEST|FINAL LOT RELEASE|SHIP LOT|FINAL CD INSPECTION|FINAL PARTICLE INSPECTION|PARAMETRIC TEST|SWITCHING TEST|YIELD ANALYSIS|FINAL LOT RELEASE|SHIP LOT|FINAL CD INSPECTION|FINAL PARTICLE INSPECTION|PARAMETRIC TEST|SWITCHING TEST|WAFER SORT TEST|FINAL LOT RELEASE|SHIP LOT|FINAL CD INSPECTION|FINAL PARTICLE INSPECTION|PARAMETRIC TEST|LEAKAGE TEST|BREAKDOWN VOLTAGE TEST|SWITCHING TEST|FINAL LOT RELEASE|SHIP LOT|FINAL CD INSPECTION|FINAL PARTICLE INSPECTION|PARAMETRIC TEST|SWITCHING TEST|FINAL LOT RELEASE|SHIP LOT|FINAL CD INSPECTION|FINAL PARTICLE INSPECTION|PARAMETRIC TEST|SWITCHING TEST|FINAL LOT RELEASE|SHIP LOT|FINAL CD INSPECTION|FINAL PARTICLE INSPECTION|PARAMETRIC TEST|SWITCHING TEST|FINAL LOT RELEASE|SHIP LOT|FINAL CD INSPECTION|FINAL PARTICLE INSPECTION|PARAMETRIC TEST|SWITCHING TEST|FINAL LOT RELEASE|SHIP LOT|FINAL CD INSPECTION
valid_0159,MEASURE VIA CD|DEPOSIT BARRIER METAL|DEPOSIT METAL SEED|FILL VIA METAL|CMP METAL|MEASURE VIA RESISTANCE|DEPOSIT TOP METAL|ANNEAL METAL 1|SPIN COAT PHOTORESIST|SOFT BAKE|ALIGN MASK LEVEL 6|EXPOSE LITHO LEVEL 6|DEVELOP PHOTORESIST|METAL PATTERN INSPECTION|METAL ETCH DRY|STRIP RESIST|CLEAN AFTER METAL ETCH|MEASURE LINE WIDTH|DEPOSIT PASSIVATION|CURE PASSIVATION|MEASURE PASSIVATION QUALITY|OPEN BOND PAD WINDOW|OPEN PAD WINDOW LITHO|DEVELOP PAD WINDOW|PASSIVATION ETCH|STRIP RESIST|CLEAN PAD OPENING|MEASURE PAD OPENING|BACKSIDE GRIND|MEASURE WAFER THICKNESS|BACKSIDE ETCH CLEAN|BACKSIDE RINSE|BACKSIDE DRY|BACKSIDE METALLIZATION PREP|DEPOSIT BACKSIDE METAL|BACKSIDE ANNEAL|MEASURE BACKSIDE CONTACT|FINAL CLEAN|FINAL THICKNESS MEASURE|FINAL GEOMETRY CHECK|FINAL CD INSPECTION|FINAL PARTICLE INSPECTION|PARAMETRIC TEST|LEAKAGE TEST|BREAKDOWN VOLTAGE TEST|SWITCHING TEST|WAFER SORT TEST|YIELD ANALYSIS|FINAL LOT RELEASE|PACKAGE PREPARATION|SHIP LOT|FINAL CD INSPECTION|FINAL PARTICLE INSPECTION|PARAMETRIC TEST|SWITCHING TEST|YIELD ANALYSIS|FINAL LOT RELEASE|SHIP LOT|FINAL CD INSPECTION|FINAL PARTICLE INSPECTION|PARAMETRIC TEST|SWITCHING TEST|WAFER SORT TEST|FINAL LOT RELEASE|SHIP LOT|FINAL CD INSPECTION|FINAL PARTICLE INSPECTION|PARAMETRIC TEST|SWITCHING TEST|WAFER SORT TEST|FINAL LOT RELEASE|SHIP LOT|FINAL CD INSPECTION|FINAL PARTICLE INSPECTION|PARAMETRIC TEST|SWITCHING TEST|FINAL LOT RELEASE|SHIP LOT|FINAL CD INSPECTION|FINAL PARTICLE INSPECTION
valid_0160,STRIP RESIST|CLEAN PAD OPENING|MEASURE PAD OPENING|BACKSIDE GRIND|MEASURE WAFER THICKNESS|BACKSIDE ETCH CLEAN|BACKSIDE RINSE|BACKSIDE DRY|BACKSIDE METALLIZATION PREP|DEPOSIT BACKSIDE METAL|BACKSIDE ANNEAL|MEASURE BACKSIDE CONTACT|FINAL CLEAN|FINAL THICKNESS MEASURE|FINAL GEOMETRY CHECK|FINAL CD INSPECTION|FINAL PARTICLE INSPECTION|PARAMETRIC TEST|LEAKAGE TEST|BREAKDOWN VOLTAGE TEST|SWITCHING TEST|WAFER SORT TEST|YIELD ANALYSIS|FINAL LOT RELEASE|PACKAGE PREPARATION|SHIP LOT|FINAL CD INSPECTION|FINAL PARTICLE INSPECTION|PARAMETRIC TEST|SWITCHING TEST|YIELD ANALYSIS|FINAL LOT RELEASE|SHIP LOT|FINAL CD INSPECTION|FINAL PARTICLE INSPECTION|PARAMETRIC TEST|SWITCHING TEST|WAFER SORT TEST|FINAL LOT RELEASE|SHIP LOT|FINAL CD INSPECTION|FINAL PARTICLE INSPECTION|PARAMETRIC TEST|SWITCHING TEST|WAFER SORT TEST|FINAL LOT RELEASE|SHIP LOT|FINAL CD INSPECTION|FINAL PARTICLE INSPECTION|PARAMETRIC TEST|SWITCHING TEST|FINAL LOT RELEASE|SHIP LOT|FINAL CD INSPECTION|FINAL PARTICLE INSPECTION|PARAMETRIC TEST|SWITCHING TEST|FINAL LOT RELEASE|SHIP LOT|FINAL CD INSPECTION|FINAL PARTICLE INSPECTION|PARAMETRIC TEST|SWITCHING TEST|FINAL LOT RELEASE|SHIP LOT|FINAL CD INSPECTION|FINAL PARTICLE INSPECTION|PARAMETRIC TEST|LEAKAGE TEST|BREAKDOWN VOLTAGE TEST|SWITCHING TEST|FINAL LOT RELEASE|SHIP LOT|FINAL CD INSPECTION|FINAL PARTICLE INSPECTION|PARAMETRIC TEST|SWITCHING TEST|WAFER SORT TEST|FINAL LOT RELEASE|SHIP LOT
valid_0161,STRIP PHOTORESIST|CLEAN AFTER VIA ETCH|MEASURE VIA CD|DEPOSIT BARRIER METAL|DEPOSIT METAL SEED|FILL VIA METAL|CMP METAL|MEASURE VIA RESISTANCE|DEPOSIT METAL 1|ANNEAL METAL 1|SPIN COAT PHOTORESIST|SOFT BAKE|ALIGN MASK LEVEL 6|EXPOSE LITHO LEVEL 6|DEVELOP PHOTORESIST|METAL PATTERN INSPECTION|METAL ETCH DRY|STRIP RESIST|CLEAN AFTER METAL ETCH|MEASURE LINE WIDTH|DEPOSIT PASSIVATION|CURE PASSIVATION|MEASURE PASSIVATION QUALITY|OPEN BOND PAD WINDOW|OPEN PAD WINDOW LITHO|DEVELOP PAD WINDOW|PASSIVATION ETCH PAD OPENING|STRIP RESIST|CLEAN PAD OPENING|MEASURE PAD OPENING|BACKSIDE GRIND|MEASURE WAFER THICKNESS|BACKSIDE ETCH CLEAN|BACKSIDE RINSE|BACKSIDE DRY|BACKSIDE METALLIZATION PREP|DEPOSIT BACKSIDE METAL|BACKSIDE ANNEAL|MEASURE BACKSIDE CONTACT|FINAL CLEAN|FINAL THICKNESS MEASURE|FINAL GEOMETRY CHECK|FINAL CD INSPECTION|FINAL PARTICLE INSPECTION|PARAMETRIC TEST|LEAKAGE TEST|BREAKDOWN VOLTAGE TEST|SWITCHING TEST|WAFER SORT TEST|YIELD ANALYSIS|FINAL LOT RELEASE|PACKAGE PREPARATION|SHIP LOT|FINAL CD INSPECTION|FINAL PARTICLE INSPECTION|PARAMETRIC TEST|SWITCHING TEST|YIELD ANALYSIS|FINAL LOT RELEASE|SHIP LOT|FINAL CD INSPECTION|FINAL PARTICLE INSPECTION|PARAMETRIC TEST|SWITCHING TEST|WAFER SORT TEST|FINAL LOT RELEASE|SHIP LOT|FINAL CD INSPECTION|FINAL PARTICLE INSPECTION|PARAMETRIC TEST|SWITCHING TEST|WAFER SORT TEST|FINAL LOT RELEASE|SHIP LOT|FINAL CD INSPECTION|FINAL PARTICLE INSPECTION|PARAMETRIC TEST|SWITCHING TEST|FINAL LOT RELEASE|SHIP LOT
valid_0162,DEVELOP PAD WINDOW|PASSIVATION ETCH PAD OPENING|STRIP RESIST|CLEAN PAD OPENING|MEASURE PAD OPENING|BACKSIDE GRIND|MEASURE WAFER THICKNESS|BACKSIDE ETCH CLEAN|BACKSIDE RINSE|BACKSIDE DRY|BACKSIDE METALLIZATION PREP|DEPOSIT BACKSIDE METAL|BACKSIDE ANNEAL|MEASURE BACKSIDE CONTACT|FINAL CLEAN|FINAL THICKNESS MEASURE|FINAL GEOMETRY CHECK|FINAL CD INSPECTION|FINAL PARTICLE INSPECTION|PARAMETRIC TEST|LEAKAGE TEST|BREAKDOWN VOLTAGE TEST|SWITCHING TEST|WAFER SORT TEST|YIELD ANALYSIS|FINAL LOT RELEASE|SHIP LOT|FINAL CD INSPECTION|FINAL PARTICLE INSPECTION|PARAMETRIC TEST|SWITCHING TEST|WAFER SORT TEST|FINAL LOT RELEASE|SHIP LOT|FINAL CD INSPECTION|FINAL PARTICLE INSPECTION|PARAMETRIC TEST|SWITCHING TEST|YIELD ANALYSIS|FINAL LOT RELEASE|SHIP LOT|FINAL CD INSPECTION|FINAL PARTICLE INSPECTION|PARAMETRIC TEST|SWITCHING TEST|WAFER SORT TEST|FINAL LOT RELEASE|SHIP LOT|FINAL CD INSPECTION|FINAL PARTICLE INSPECTION|PARAMETRIC TEST|SWITCHING TEST|FINAL LOT RELEASE|SHIP LOT|FINAL CD INSPECTION|FINAL PARTICLE INSPECTION|PARAMETRIC TEST|SWITCHING TEST|FINAL LOT RELEASE|SHIP LOT|FINAL CD INSPECTION|FINAL PARTICLE INSPECTION|PARAMETRIC TEST|SWITCHING TEST|FINAL LOT RELEASE|SHIP LOT|FINAL CD INSPECTION|FINAL PARTICLE INSPECTION|PARAMETRIC TEST|LEAKAGE TEST|BREAKDOWN VOLTAGE TEST|SWITCHING TEST|FINAL LOT RELEASE|SHIP LOT|FINAL CD INSPECTION|FINAL PARTICLE INSPECTION|PARAMETRIC TEST|SWITCHING TEST|FINAL LOT RELEASE|SHIP LOT
valid_0163,MEASURE VIA CD|DEPOSIT BARRIER METAL|DEPOSIT METAL SEED|FILL VIA METAL|CMP METAL|MEASURE VIA RESISTANCE|DEPOSIT METAL 1|ANNEAL METAL 1|SPIN COAT PHOTORESIST|SOFT BAKE|ALIGN MASK LEVEL 6|EXPOSE LITHO LEVEL 6|DEVELOP PHOTORESIST|METAL PATTERN INSPECTION|METAL ETCH DRY|STRIP RESIST|CLEAN AFTER METAL ETCH|MEASURE LINE WIDTH|DEPOSIT PASSIVATION|CURE PASSIVATION|MEASURE PASSIVATION QUALITY|OPEN BOND PAD WINDOW|OPEN PAD WINDOW LITHO|DEVELOP PAD WINDOW|PASSIVATION ETCH PAD OPENING|STRIP RESIST|CLEAN PAD OPENING|MEASURE PAD OPENING|BACKSIDE GRIND|MEASURE WAFER THICKNESS|BACKSIDE ETCH CLEAN|BACKSIDE RINSE|BACKSIDE DRY|BACKSIDE METALLIZATION PREP|DEPOSIT BACKSIDE METAL|BACKSIDE ANNEAL|MEASURE BACKSIDE CONTACT|FINAL CLEAN|FINAL THICKNESS MEASURE|FINAL GEOMETRY CHECK|FINAL CD INSPECTION|FINAL PARTICLE INSPECTION|PARAMETRIC TEST|LEAKAGE TEST|BREAKDOWN VOLTAGE TEST|SWITCHING TEST|WAFER SORT TEST|YIELD ANALYSIS|FINAL LOT RELEASE|PACKAGE PREPARATION|SHIP LOT|FINAL CD INSPECTION|FINAL PARTICLE INSPECTION|PARAMETRIC TEST|SWITCHING TEST|WAFER SORT TEST|FINAL LOT RELEASE|SHIP LOT|FINAL CD INSPECTION|FINAL PARTICLE INSPECTION|PARAMETRIC TEST|SWITCHING TEST|WAFER SORT TEST|FINAL LOT RELEASE|SHIP LOT|FINAL CD INSPECTION|FINAL PARTICLE INSPECTION|PARAMETRIC TEST|SWITCHING TEST|WAFER SORT TEST|FINAL LOT RELEASE|SHIP LOT|FINAL CD INSPECTION|FINAL PARTICLE INSPECTION|PARAMETRIC TEST|SWITCHING TEST|FINAL LOT RELEASE|SHIP LOT|FINAL CD INSPECTION|FINAL PARTICLE INSPECTION
valid_0164,STRIP RESIST|CLEAN PAD OPENING|MEASURE PAD OPENING|BACKSIDE GRIND|MEASURE WAFER THICKNESS|BACKSIDE ETCH CLEAN|BACKSIDE RINSE|BACKSIDE DRY|BACKSIDE METALLIZATION PREP|DEPOSIT BACKSIDE METAL|BACKSIDE ANNEAL|MEASURE BACKSIDE CONTACT|FINAL CLEAN|FINAL THICKNESS MEASURE|FINAL GEOMETRY CHECK|FINAL CD INSPECTION|FINAL PARTICLE INSPECTION|PARAMETRIC TEST|LEAKAGE TEST|BREAKDOWN VOLTAGE TEST|SWITCHING TEST|WAFER SORT TEST|YIELD ANALYSIS|FINAL LOT RELEASE|SHIP LOT|FINAL CD INSPECTION|FINAL PARTICLE INSPECTION|PARAMETRIC TEST|SWITCHING TEST|WAFER SORT TEST|FINAL LOT RELEASE|SHIP LOT|FINAL CD INSPECTION|FINAL PARTICLE INSPECTION|PARAMETRIC TEST|SWITCHING TEST|WAFER SORT TEST|FINAL LOT RELEASE|SHIP LOT|FINAL CD INSPECTION|FINAL PARTICLE INSPECTION|PARAMETRIC TEST|SWITCHING TEST|WAFER SORT TEST|FINAL LOT RELEASE|SHIP LOT|FINAL CD INSPECTION|FINAL PARTICLE INSPECTION|PARAMETRIC TEST|SWITCHING TEST|WAFER SORT TEST|FINAL LOT RELEASE|SHIP LOT|FINAL CD INSPECTION|FINAL PARTICLE INSPECTION|PARAMETRIC TEST|SWITCHING TEST|FINAL LOT RELEASE|SHIP LOT|FINAL CD INSPECTION|FINAL PARTICLE INSPECTION|PARAMETRIC TEST|LEAKAGE TEST|BREAKDOWN VOLTAGE TEST|SWITCHING TEST|FINAL LOT RELEASE|SHIP LOT|FINAL CD INSPECTION|FINAL PARTICLE INSPECTION|PARAMETRIC TEST|SWITCHING TEST|FINAL LOT RELEASE|SHIP LOT|FINAL CD INSPECTION|FINAL PARTICLE INSPECTION|PARAMETRIC TEST|SWITCHING TEST|WAFER SORT TEST|FINAL LOT RELEASE|SHIP LOT
valid_0165,MEASURE VIA CD|DEPOSIT BARRIER METAL|DEPOSIT METAL SEED|FILL VIA METAL|CMP METAL|MEASURE VIA RESISTANCE|DEPOSIT METAL 1|ANNEAL METAL 1|SPIN COAT PHOTORESIST|SOFT BAKE|ALIGN MASK LEVEL 6|EXPOSE LITHO LEVEL 6|DEVELOP PHOTORESIST|METAL PATTERN INSPECTION|METAL ETCH DRY|STRIP RESIST|CLEAN AFTER METAL ETCH|MEASURE LINE WIDTH|DEPOSIT PASSIVATION|CURE PASSIVATION|MEASURE PASSIVATION QUALITY|OPEN BOND PAD WINDOW|OPEN PAD WINDOW LITHO|DEVELOP PAD WINDOW|PASSIVATION ETCH PAD OPENING|STRIP RESIST|CLEAN PAD OPENING|MEASURE PAD OPENING|BACKSIDE GRIND|MEASURE WAFER THICKNESS|BACKSIDE ETCH CLEAN|BACKSIDE RINSE|BACKSIDE DRY|BACKSIDE METALLIZATION PREP|DEPOSIT BACKSIDE METAL|BACKSIDE ANNEAL|MEASURE BACKSIDE CONTACT|FINAL CLEAN|FINAL THICKNESS MEASURE|FINAL GEOMETRY CHECK|FINAL CD INSPECTION|FINAL PARTICLE INSPECTION|PARAMETRIC TEST|LEAKAGE TEST|BREAKDOWN VOLTAGE TEST|SWITCHING TEST|YIELD ANALYSIS|WAFER SORT TEST|FINAL LOT RELEASE|SHIP LOT|FINAL CD INSPECTION|FINAL PARTICLE INSPECTION|PARAMETRIC TEST|SWITCHING TEST|WAFER SORT TEST|FINAL LOT RELEASE|SHIP LOT|FINAL CD INSPECTION|FINAL PARTICLE INSPECTION|PARAMETRIC TEST|SWITCHING TEST|WAFER SORT TEST|FINAL LOT RELEASE|SHIP LOT|FINAL CD INSPECTION|FINAL PARTICLE INSPECTION|PARAMETRIC TEST|SWITCHING TEST|WAFER SORT TEST|FINAL LOT RELEASE|SHIP LOT|FINAL CD INSPECTION|FINAL PARTICLE INSPECTION|PARAMETRIC TEST|SWITCHING TEST|WAFER SORT TEST|FINAL LOT RELEASE|SHIP LOT|IMPLANT P BODY|BREAKDOWN VOLTAGE TEST
valid_0166,STRIP RESIST|CLEAN PAD OPENING|MEASURE PAD OPENING|BACKSIDE GRIND|MEASURE WAFER THICKNESS|BACKSIDE ETCH CLEAN|BACKSIDE RINSE|BACKSIDE DRY|BACKSIDE METALLIZATION PREP|DEPOSIT BACKSIDE METAL|BACKSIDE ANNEAL|MEASURE BACKSIDE CONTACT|FINAL CLEAN|FINAL THICKNESS MEASURE|FINAL GEOMETRY CHECK|FINAL CD INSPECTION|FINAL PARTICLE INSPECTION|PARAMETRIC TEST|LEAKAGE TEST|BREAKDOWN VOLTAGE TEST|SWITCHING TEST|YIELD ANALYSIS|WAFER SORT TEST|FINAL LOT RELEASE|SHIP LOT|FINAL CD INSPECTION|FINAL PARTICLE INSPECTION|PARAMETRIC TEST|SWITCHING TEST|WAFER SORT TEST|FINAL LOT RELEASE|SHIP LOT|FINAL CD INSPECTION|FINAL PARTICLE INSPECTION|PARAMETRIC TEST|SWITCHING TEST|WAFER SORT TEST|FINAL LOT RELEASE|SHIP LOT|FINAL CD INSPECTION|FINAL PARTICLE INSPECTION|PARAMETRIC TEST|SWITCHING TEST|WAFER SORT TEST|FINAL LOT RELEASE|SHIP LOT|FINAL CD INSPECTION|FINAL PARTICLE INSPECTION|PARAMETRIC TEST|SWITCHING TEST|WAFER SORT TEST|FINAL LOT RELEASE|SHIP LOT|IMPLANT P BODY|BREAKDOWN VOLTAGE TEST|SWITCHING TEST|FINAL LOT RELEASE|SHIP LOT|FINAL CD INSPECTION|FINAL PARTICLE INSPECTION|PARAMETRIC TEST|SWITCHING TEST|FINAL LOT RELEASE|SHIP LOT|FINAL CD INSPECTION|FINAL PARTICLE INSPECTION|PARAMETRIC TEST|LEAKAGE TEST|BREAKDOWN VOLTAGE TEST|SWITCHING TEST|FINAL LOT RELEASE|SHIP LOT|FINAL CD INSPECTION|FINAL PARTICLE INSPECTION|PARAMETRIC TEST|SWITCHING TEST|WAFER SORT TEST|FINAL LOT RELEASE|SHIP LOT|FINAL CD INSPECTION
valid_0167,DEPOSIT BARRIER METAL|DEPOSIT METAL SEED|FILL VIA METAL|CMP METAL|MEASURE VIA RESISTANCE|DEPOSIT METAL 1|ANNEAL METAL 1|SPIN COAT PHOTORESIST|SOFT BAKE|ALIGN MASK LEVEL 6|EXPOSE LITHO LEVEL 6|DEVELOP PHOTORESIST|METAL PATTERN INSPECTION|METAL ETCH DRY|STRIP RESIST|CLEAN AFTER METAL ETCH|MEASURE LINE WIDTH|DEPOSIT PASSIVATION|CURE PASSIVATION|MEASURE PASSIVATION QUALITY|OPEN BOND PAD WINDOW|OPEN PAD WINDOW LITHO|DEVELOP PAD WINDOW|PASSIVATION ETCH PAD OPENING|STRIP RESIST|CLEAN PAD OPENING|MEASURE PAD OPENING|BACKSIDE GRIND|MEASURE WAFER THICKNESS|BACKSIDE ETCH CLEAN|BACKSIDE RINSE|BACKSIDE DRY|BACKSIDE METALLIZATION PREP|DEPOSIT BACKSIDE METAL|BACKSIDE ANNEAL|MEASURE BACKSIDE CONTACT|FINAL CLEAN|FINAL THICKNESS MEASURE|FINAL GEOMETRY CHECK|FINAL CD INSPECTION|FINAL PARTICLE INSPECTION|ELECTRICAL PARAMETRIC TEST|LEAKAGE TEST|BREAKDOWN VOLTAGE TEST|SWITCHING TEST|WAFER SORT TEST|YIELD ANALYSIS|FINAL LOT RELEASE|SHIP LOT|FINAL CD INSPECTION|FINAL PARTICLE INSPECTION|ELECTRICAL PARAMETRIC TEST|SWITCHING TEST|WAFER SORT TEST|FINAL LOT RELEASE|SHIP LOT|FINAL CD INSPECTION|FINAL PARTICLE INSPECTION|ELECTRICAL PARAMETRIC TEST|LEAKAGE TEST|BREAKDOWN VOLTAGE TEST|SWITCHING TEST|YIELD ANALYSIS|FINAL LOT RELEASE|SHIP LOT|FINAL CD INSPECTION|FINAL PARTICLE INSPECTION|PARAMETRIC TEST|SWITCHING TEST|WAFER SORT TEST|FINAL LOT RELEASE|SHIP LOT|FINAL CD INSPECTION|FINAL PARTICLE INSPECTION|PARAMETRIC TEST|SWITCHING TEST|FINAL LOT RELEASE|SHIP LOT|FINAL CD INSPECTION|FINAL PARTICLE INSPECTION
valid_0168,CLEAN PAD OPENING|MEASURE PAD OPENING|BACKSIDE GRIND|MEASURE WAFER THICKNESS|BACKSIDE ETCH CLEAN|BACKSIDE RINSE|BACKSIDE DRY|BACKSIDE METALLIZATION PREP|DEPOSIT BACKSIDE METAL|BACKSIDE ANNEAL|MEASURE BACKSIDE CONTACT|FINAL CLEAN|FINAL THICKNESS MEASURE|FINAL GEOMETRY CHECK|FINAL CD INSPECTION|FINAL PARTICLE INSPECTION|ELECTRICAL PARAMETRIC TEST|LEAKAGE TEST|BREAKDOWN VOLTAGE TEST|SWITCHING TEST|WAFER SORT TEST|YIELD ANALYSIS|FINAL LOT RELEASE|SHIP LOT|FINAL CD INSPECTION|FINAL PARTICLE INSPECTION|ELECTRICAL PARAMETRIC TEST|SWITCHING TEST|WAFER SORT TEST|FINAL LOT RELEASE|SHIP LOT|FINAL CD INSPECTION|FINAL PARTICLE INSPECTION|ELECTRICAL PARAMETRIC TEST|LEAKAGE TEST|BREAKDOWN VOLTAGE TEST|SWITCHING TEST|YIELD ANALYSIS|FINAL LOT RELEASE|SHIP LOT|FINAL CD INSPECTION|FINAL PARTICLE INSPECTION|PARAMETRIC TEST|SWITCHING TEST|WAFER SORT TEST|FINAL LOT RELEASE|SHIP LOT|FINAL CD INSPECTION|FINAL PARTICLE INSPECTION|PARAMETRIC TEST|SWITCHING TEST|FINAL LOT RELEASE|SHIP LOT|FINAL CD INSPECTION|FINAL PARTICLE INSPECTION|PARAMETRIC TEST|SWITCHING TEST|FINAL LOT RELEASE|SHIP LOT|IMPLANT P BODY|BREAKDOWN VOLTAGE TEST|SWITCHING TEST|FINAL LOT RELEASE|SHIP LOT|FINAL CD INSPECTION|FINAL PARTICLE INSPECTION|PARAMETRIC TEST|SWITCHING TEST|FINAL LOT RELEASE|SHIP LOT|FINAL CD INSPECTION|FINAL PARTICLE INSPECTION|PARAMETRIC TEST|SWITCHING TEST|FINAL LOT RELEASE|SHIP LOT|FINAL CD INSPECTION|FINAL PARTICLE INSPECTION|PARAMETRIC TEST|SWITCHING TEST
valid_0169,STRIP RESIST|CLEAN AFTER VIA ETCH|MEASURE VIA CD|DEPOSIT BARRIER METAL|DEPOSIT METAL SEED|FILL VIA METAL|CMP METAL|MEASURE VIA RESISTANCE|DEPOSIT METAL 1|ANNEAL METAL 1|SPIN COAT PHOTORESIST|SOFT BAKE|ALIGN MASK LEVEL 6|EXPOSE LITHO LEVEL 6|DEVELOP PHOTORESIST|METAL PATTERN INSPECTION|METAL ETCH DRY|STRIP RESIST|CLEAN AFTER METAL ETCH|MEASURE LINE WIDTH|DEPOSIT PASSIVATION|CURE PASSIVATION|MEASURE PASSIVATION QUALITY|OPEN BOND PAD WINDOW|OPEN PAD WINDOW LITHO|DEVELOP PAD WINDOW|PASSIVATION ETCH PAD OPENING|STRIP RESIST|CLEAN PAD OPENING|MEASURE PAD OPENING|BACKSIDE GRIND|MEASURE WAFER THICKNESS|BACKSIDE ETCH CLEAN|BACKSIDE RINSE|BACKSIDE DRY|BACKSIDE METALLIZATION PREP|DEPOSIT BACKSIDE METAL|BACKSIDE ANNEAL|MEASURE BACKSIDE CONTACT|FINAL CLEAN|FINAL THICKNESS MEASURE|FINAL GEOMETRY CHECK|FINAL CD INSPECTION|FINAL PARTICLE INSPECTION|PARAMETRIC TEST|LEAKAGE TEST|BREAKDOWN VOLTAGE TEST|SWITCHING TEST|YIELD ANALYSIS|WAFER SORT TEST|FINAL LOT RELEASE|SHIP LOT|FINAL CD INSPECTION|FINAL PARTICLE INSPECTION|PARAMETRIC TEST|SWITCHING TEST|WAFER SORT TEST|FINAL LOT RELEASE|SHIP LOT|FINAL CD INSPECTION|FINAL PARTICLE INSPECTION|PARAMETRIC TEST|SWITCHING TEST|WAFER SORT TEST|FINAL LOT RELEASE|SHIP LOT|FINAL CD INSPECTION|FINAL PARTICLE INSPECTION|PARAMETRIC TEST|SWITCHING TEST|WAFER SORT TEST|FINAL LOT RELEASE|SHIP LOT|FINAL CD INSPECTION|FINAL PARTICLE INSPECTION|PARAMETRIC TEST|SWITCHING TEST|FINAL LOT RELEASE|SHIP LOT|FINAL CD INSPECTION
valid_0170,STRIP RESIST|CLEAN PAD OPENING|MEASURE PAD OPENING|BACKSIDE GRIND|MEASURE WAFER THICKNESS|BACKSIDE ETCH CLEAN|BACKSIDE RINSE|BACKSIDE DRY|BACKSIDE METALLIZATION PREP|DEPOSIT BACKSIDE METAL|BACKSIDE ANNEAL|MEASURE BACKSIDE CONTACT|FINAL CLEAN|FINAL THICKNESS MEASURE|FINAL GEOMETRY CHECK|FINAL CD INSPECTION|FINAL PARTICLE INSPECTION|PARAMETRIC TEST|LEAKAGE TEST|BREAKDOWN VOLTAGE TEST|SWITCHING TEST|WAFER SORT TEST|YIELD ANALYSIS|FINAL LOT RELEASE|PACKAGE PREPARATION|SHIP LOT|FINAL CD INSPECTION|FINAL PARTICLE INSPECTION|PARAMETRIC TEST|SWITCHING TEST|YIELD ANALYSIS|FINAL LOT RELEASE|SHIP LOT|FINAL CD INSPECTION|FINAL PARTICLE INSPECTION|PARAMETRIC TEST|SWITCHING TEST|WAFER SORT TEST|FINAL LOT RELEASE|SHIP LOT|FINAL CD INSPECTION|FINAL PARTICLE INSPECTION|PARAMETRIC TEST|SWITCHING TEST|WAFER SORT TEST|FINAL LOT RELEASE|SHIP LOT|FINAL CD INSPECTION|FINAL PARTICLE INSPECTION|PARAMETRIC TEST|SWITCHING TEST|FINAL LOT RELEASE|SHIP LOT|FINAL CD INSPECTION|FINAL PARTICLE INSPECTION|PARAMETRIC TEST|SWITCHING TEST|FINAL LOT RELEASE|SHIP LOT|FINAL CD INSPECTION|FINAL PARTICLE INSPECTION|PARAMETRIC TEST|SWITCHING TEST|FINAL LOT RELEASE|SHIP LOT|FINAL CD INSPECTION|FINAL PARTICLE INSPECTION|PARAMETRIC TEST|LEAKAGE TEST|BREAKDOWN VOLTAGE TEST|SWITCHING TEST|FINAL LOT RELEASE|SHIP LOT|FINAL CD INSPECTION|FINAL PARTICLE INSPECTION|PARAMETRIC TEST|SWITCHING TEST|WAFER SORT TEST|FINAL LOT RELEASE|SHIP LOT
valid_0171,DEPOSIT TUNGSTEN SEED|FILL VIA TUNGSTEN|CMP METAL|MEASURE VIA RESISTANCE|DEPOSIT METAL 1|ANNEAL METAL 1|SPIN COAT PHOTORESIST|SOFT BAKE|ALIGN MASK LEVEL 4|EXPOSE LITHO LEVEL 4|DEVELOP PHOTORESIST|METAL PATTERN INSPECTION|METAL ETCH DRY|STRIP RESIST|CLEAN AFTER METAL ETCH|MEASURE LINE WIDTH|DEPOSIT PASSIVATION|CURE PASSIVATION|MEASURE PASSIVATION QUALITY|OPEN BOND PAD WINDOW|OPEN PAD WINDOW LITHO|DEVELOP PAD WINDOW|PASSIVATION ETCH PAD OPENING|STRIP RESIST|CLEAN PAD OPENING|MEASURE PAD OPENING|BACKSIDE GRIND|MEASURE WAFER THICKNESS|BACKSIDE ETCH CLEAN|BACKSIDE RINSE|BACKSIDE DRY|BACKSIDE METALLIZATION PREP|DEPOSIT BACKSIDE METAL|BACKSIDE ANNEAL|MEASURE BACKSIDE CONTACT|FINAL CLEAN|FINAL THICKNESS MEASURE|FINAL GEOMETRY CHECK|FINAL OXIDE CHECK|FINAL CD INSPECTION|FINAL PARTICLE INSPECTION|PARAMETRIC TEST|LEAKAGE TEST|BREAKDOWN VOLTAGE TEST|SWITCHING TEST|WAFER SORT TEST|YIELD ANALYSIS|FINAL LOT RELEASE|SHIP LOT|FINAL CD INSPECTION|FINAL PARTICLE INSPECTION|PARAMETRIC TEST|SWITCHING TEST|WAFER SORT TEST|FINAL LOT RELEASE|SHIP LOT|FINAL CD INSPECTION|FINAL PARTICLE INSPECTION|PARAMETRIC TEST|SWITCHING TEST|YIELD ANALYSIS|FINAL LOT RELEASE|SHIP LOT|FINAL CD INSPECTION|FINAL PARTICLE INSPECTION|PARAMETRIC TEST|SWITCHING TEST|WAFER SORT TEST|FINAL LOT RELEASE|SHIP LOT|FINAL CD INSPECTION|FINAL PARTICLE INSPECTION|PARAMETRIC TEST|SWITCHING TEST|FINAL LOT RELEASE|SHIP LOT|FINAL CD INSPECTION|FINAL PARTICLE INSPECTION|PARAMETRIC TEST|SWITCHING TEST
valid_0172,STRIP RESIST|CLEAN PAD OPENING|MEASURE PAD OPENING|BACKSIDE GRIND|MEASURE WAFER THICKNESS|BACKSIDE ETCH CLEAN|BACKSIDE RINSE|BACKSIDE DRY|BACKSIDE METALLIZATION PREP|DEPOSIT BACKSIDE METAL|BACKSIDE ANNEAL|MEASURE BACKSIDE CONTACT|FINAL CLEAN|FINAL THICKNESS MEASURE|FINAL GEOMETRY CHECK|FINAL OXIDE CHECK|FINAL CD INSPECTION|FINAL PARTICLE INSPECTION|PARAMETRIC TEST|LEAKAGE TEST|BREAKDOWN VOLTAGE TEST|SWITCHING TEST|WAFER SORT TEST|YIELD ANALYSIS|FINAL LOT RELEASE|SHIP LOT|FINAL CD INSPECTION|FINAL PARTICLE INSPECTION|PARAMETRIC TEST|SWITCHING TEST|WAFER SORT TEST|FINAL LOT RELEASE|SHIP LOT|FINAL CD INSPECTION|FINAL PARTICLE INSPECTION|PARAMETRIC TEST|SWITCHING TEST|YIELD ANALYSIS|FINAL LOT RELEASE|SHIP LOT|FINAL CD INSPECTION|FINAL PARTICLE INSPECTION|PARAMETRIC TEST|SWITCHING TEST|WAFER SORT TEST|FINAL LOT RELEASE|SHIP LOT|FINAL CD INSPECTION|FINAL PARTICLE INSPECTION|PARAMETRIC TEST|SWITCHING TEST|FINAL LOT RELEASE|SHIP LOT|FINAL CD INSPECTION|FINAL PARTICLE INSPECTION|PARAMETRIC TEST|SWITCHING TEST|FINAL LOT RELEASE|SHIP LOT|IMPLANT P BODY|BREAKDOWN VOLTAGE TEST|SWITCHING TEST|FINAL LOT RELEASE|SHIP LOT|FINAL CD INSPECTION|FINAL PARTICLE INSPECTION|PARAMETRIC TEST|SWITCHING TEST|FINAL LOT RELEASE|SHIP LOT|FINAL CD INSPECTION|FINAL PARTICLE INSPECTION|PARAMETRIC TEST|LEAKAGE TEST|BREAKDOWN VOLTAGE TEST|SWITCHING TEST|FINAL LOT RELEASE|SHIP LOT|FINAL CD INSPECTION|FINAL PARTICLE INSPECTION
valid_0173,MEASURE VIA CD|DEPOSIT BARRIER METAL|DEPOSIT METAL SEED|FILL VIA METAL|CMP METAL|MEASURE VIA RESISTANCE|DEPOSIT METAL 1|ANNEAL METAL 1|SPIN COAT PHOTORESIST|SOFT BAKE|ALIGN MASK LEVEL 6|EXPOSE LITHO LEVEL 6|DEVELOP PHOTORESIST|METAL PATTERN INSPECTION|METAL ETCH DRY|STRIP RESIST|CLEAN AFTER METAL ETCH|MEASURE LINE WIDTH|DEPOSIT PASSIVATION|CURE PASSIVATION|MEASURE PASSIVATION QUALITY|OPEN BOND PAD WINDOW|OPEN PAD WINDOW LITHO|DEVELOP PAD WINDOW|PASSIVATION ETCH PAD OPENING|STRIP RESIST|CLEAN PAD OPENING|MEASURE PAD OPENING|BACKSIDE GRIND|MEASURE WAFER THICKNESS|BACKSIDE ETCH CLEAN|BACKSIDE RINSE|BACKSIDE DRY|BACKSIDE METALLIZATION PREP|DEPOSIT BACKSIDE METAL|BACKSIDE ANNEAL|MEASURE BACKSIDE CONTACT|FINAL CLEAN|FINAL THICKNESS MEASURE|FINAL GEOMETRY CHECK|FINAL CD INSPECTION|FINAL PARTICLE INSPECTION|PARAMETRIC TEST|LEAKAGE TEST|BREAKDOWN VOLTAGE TEST|SWITCHING TEST|WAFER SORT TEST|YIELD ANALYSIS|FINAL LOT RELEASE|PACKAGE PREPARATION|SHIP LOT|FINAL CD INSPECTION|FINAL PARTICLE INSPECTION|PARAMETRIC TEST|SWITCHING TEST|YIELD ANALYSIS|FINAL LOT RELEASE|SHIP LOT|FINAL CD INSPECTION|FINAL PARTICLE INSPECTION|PARAMETRIC TEST|SWITCHING TEST|WAFER SORT TEST|FINAL LOT RELEASE|SHIP LOT|FINAL CD INSPECTION|FINAL PARTICLE INSPECTION|PARAMETRIC TEST|SWITCHING TEST|WAFER SORT TEST|FINAL LOT RELEASE|SHIP LOT|FINAL CD INSPECTION|FINAL PARTICLE INSPECTION|PARAMETRIC TEST|SWITCHING TEST|FINAL LOT RELEASE|SHIP LOT|FINAL CD INSPECTION|FINAL PARTICLE INSPECTION
valid_0174,PASSIVATION ETCH|STRIP RESIST|CLEAN PAD OPENING|MEASURE PAD OPENING|BACKSIDE GRIND|MEASURE WAFER THICKNESS|BACKSIDE ETCH CLEAN|BACKSIDE RINSE|BACKSIDE DRY|BACKSIDE METALLIZATION PREP|DEPOSIT BACKSIDE METAL|BACKSIDE ANNEAL|MEASURE BACKSIDE CONTACT|FINAL CLEAN|FINAL THICKNESS MEASURE|FINAL GEOMETRY CHECK|FINAL CD INSPECTION|FINAL PARTICLE INSPECTION|PARAMETRIC TEST|LEAKAGE TEST|BREAKDOWN VOLTAGE TEST|SWITCHING TEST|YIELD ANALYSIS|WAFER SORT TEST|FINAL LOT RELEASE|SHIP LOT|FINAL CD INSPECTION|FINAL PARTICLE INSPECTION|PARAMETRIC TEST|SWITCHING TEST|WAFER SORT TEST|FINAL LOT RELEASE|SHIP LOT|FINAL CD INSPECTION|FINAL PARTICLE INSPECTION|PARAMETRIC TEST|SWITCHING TEST|WAFER SORT TEST|FINAL LOT RELEASE|SHIP LOT|FINAL CD INSPECTION|FINAL PARTICLE INSPECTION|PARAMETRIC TEST|SWITCHING TEST|WAFER SORT TEST|FINAL LOT RELEASE|SHIP LOT|FINAL CD INSPECTION|FINAL PARTICLE INSPECTION|PARAMETRIC TEST|SWITCHING TEST|WAFER SORT TEST|FINAL LOT RELEASE|SHIP LOT|IMPLANT P BODY|BREAKDOWN VOLTAGE TEST|SWITCHING TEST|FINAL LOT RELEASE|SHIP LOT|FINAL CD INSPECTION|FINAL PARTICLE INSPECTION|PARAMETRIC TEST|SWITCHING TEST|FINAL LOT RELEASE|SHIP LOT|FINAL CD INSPECTION|FINAL PARTICLE INSPECTION|PARAMETRIC TEST|LEAKAGE TEST|BREAKDOWN VOLTAGE TEST|SWITCHING TEST|FINAL LOT RELEASE|SHIP LOT|FINAL CD INSPECTION|FINAL PARTICLE INSPECTION|PARAMETRIC TEST|SWITCHING TEST|WAFER SORT TEST|FINAL LOT RELEASE|SHIP LOT
valid_0175,MEASURE VIA CD|DEPOSIT BARRIER METAL|DEPOSIT METAL SEED|FILL VIA METAL|CMP METAL|MEASURE VIA RESISTANCE|DEPOSIT METAL 1|ANNEAL METAL 1|SPIN COAT PHOTORESIST|SOFT BAKE|ALIGN MASK LEVEL 6|EXPOSE LITHO LEVEL 6|DEVELOP PHOTORESIST|METAL PATTERN INSPECTION|METAL ETCH DRY|STRIP RESIST|CLEAN AFTER METAL ETCH|MEASURE LINE WIDTH|DEPOSIT PASSIVATION|CURE PASSIVATION|MEASURE PASSIVATION QUALITY|OPEN BOND PAD WINDOW|OPEN PAD WINDOW LITHO|DEVELOP PAD WINDOW|PASSIVATION ETCH PAD OPENING|STRIP RESIST|CLEAN PAD OPENING|MEASURE PAD OPENING|BACKSIDE GRIND|MEASURE WAFER THICKNESS|BACKSIDE ETCH CLEAN|BACKSIDE RINSE|BACKSIDE DRY|BACKSIDE METALLIZATION PREP|DEPOSIT BACKSIDE METAL|BACKSIDE ANNEAL|MEASURE BACKSIDE CONTACT|FINAL CLEAN|FINAL THICKNESS MEASURE|FINAL GEOMETRY CHECK|FINAL CD INSPECTION|FINAL PARTICLE INSPECTION|PARAMETRIC TEST|LEAKAGE TEST|BREAKDOWN VOLTAGE TEST|SWITCHING TEST|YIELD ANALYSIS|WAFER SORT TEST|FINAL LOT RELEASE|SHIP LOT|FINAL CD INSPECTION|FINAL PARTICLE INSPECTION|PARAMETRIC TEST|SWITCHING TEST|WAFER SORT TEST|FINAL LOT RELEASE|SHIP LOT|FINAL CD INSPECTION|FINAL PARTICLE INSPECTION|PARAMETRIC TEST|SWITCHING TEST|WAFER SORT TEST|FINAL LOT RELEASE|SHIP LOT|FINAL CD INSPECTION|FINAL PARTICLE INSPECTION|PARAMETRIC TEST|SWITCHING TEST|WAFER SORT TEST|FINAL LOT RELEASE|SHIP LOT|FINAL CD INSPECTION|FINAL PARTICLE INSPECTION|PARAMETRIC TEST|SWITCHING TEST|FINAL LOT RELEASE|SHIP LOT|FINAL CD INSPECTION|FINAL PARTICLE INSPECTION|PARAMETRIC TEST
valid_0176,STRIP RESIST|CLEAN PAD OPENING|MEASURE PAD OPENING|BACKSIDE GRIND|MEASURE WAFER THICKNESS|BACKSIDE ETCH CLEAN|BACKSIDE RINSE|BACKSIDE DRY|BACKSIDE METALLIZATION PREP|DEPOSIT BACKSIDE METAL|BACKSIDE ANNEAL|MEASURE BACKSIDE CONTACT|FINAL CLEAN|FINAL THICKNESS MEASURE|FINAL GEOMETRY CHECK|FINAL CD INSPECTION|FINAL PARTICLE INSPECTION|PARAMETRIC TEST|LEAKAGE TEST|BREAKDOWN VOLTAGE TEST|SWITCHING TEST|YIELD ANALYSIS|WAFER SORT TEST|FINAL LOT RELEASE|SHIP LOT|FINAL CD INSPECTION|FINAL PARTICLE INSPECTION|PARAMETRIC TEST|SWITCHING TEST|WAFER SORT TEST|FINAL LOT RELEASE|SHIP LOT|FINAL CD INSPECTION|FINAL PARTICLE INSPECTION|PARAMETRIC TEST|SWITCHING TEST|WAFER SORT TEST|FINAL LOT RELEASE|SHIP LOT|FINAL CD INSPECTION|FINAL PARTICLE INSPECTION|PARAMETRIC TEST|SWITCHING TEST|WAFER SORT TEST|FINAL LOT RELEASE|SHIP LOT|FINAL CD INSPECTION|FINAL PARTICLE INSPECTION|PARAMETRIC TEST|SWITCHING TEST|FINAL LOT RELEASE|SHIP LOT|FINAL CD INSPECTION|FINAL PARTICLE INSPECTION|PARAMETRIC TEST|SWITCHING TEST|WAFER SORT TEST|FINAL LOT RELEASE|SHIP LOT|FINAL CD INSPECTION|FINAL PARTICLE INSPECTION|PARAMETRIC TEST|LEAKAGE TEST|BREAKDOWN VOLTAGE TEST|SWITCHING TEST|FINAL LOT RELEASE|SHIP LOT|FINAL CD INSPECTION|FINAL PARTICLE INSPECTION|PARAMETRIC TEST|LEAKAGE TEST|BREAKDOWN VOLTAGE TEST|SWITCHING TEST|FINAL LOT RELEASE|SHIP LOT|FINAL CD INSPECTION|FINAL PARTICLE INSPECTION|PARAMETRIC TEST|SWITCHING TEST|FINAL LOT RELEASE
valid_0177,DEPOSIT METAL SEED|FILL VIA METAL|CMP METAL|MEASURE VIA RESISTANCE|DEPOSIT TOP METAL|ANNEAL METAL 1|SPIN COAT PHOTORESIST|SOFT BAKE|ALIGN MASK LEVEL 6|EXPOSE LITHO LEVEL 6|DEVELOP PHOTORESIST|METAL PATTERN INSPECTION|METAL ETCH DRY|STRIP RESIST|CLEAN AFTER METAL ETCH|MEASURE LINE WIDTH|DEPOSIT PASSIVATION|CURE PASSIVATION|MEASURE PASSIVATION QUALITY|OPEN BOND PAD WINDOW|OPEN PAD WINDOW LITHO|DEVELOP PAD WINDOW|PASSIVATION ETCH|STRIP RESIST|CLEAN PAD OPENING|MEASURE PAD OPENING|BACKSIDE GRIND|MEASURE WAFER THICKNESS|BACKSIDE ETCH CLEAN|BACKSIDE RINSE|BACKSIDE DRY|BACKSIDE METALLIZATION PREP|DEPOSIT BACKSIDE METAL|BACKSIDE ANNEAL|MEASURE BACKSIDE CONTACT|FINAL CLEAN|FINAL THICKNESS MEASURE|FINAL GEOMETRY CHECK|FINAL CD INSPECTION|FINAL PARTICLE INSPECTION|ELECTRICAL PARAMETRIC TEST|LEAKAGE TEST|BREAKDOWN VOLTAGE TEST|SWITCHING TEST|WAFER SORT TEST|YIELD ANALYSIS|FINAL LOT RELEASE|SHIP LOT|FINAL CD INSPECTION|FINAL PARTICLE INSPECTION|ELECTRICAL PARAMETRIC TEST|SWITCHING TEST|WAFER SORT TEST|FINAL LOT RELEASE|SHIP LOT|FINAL CD INSPECTION|FINAL PARTICLE INSPECTION|ELECTRICAL PARAMETRIC TEST|LEAKAGE TEST|BREAKDOWN VOLTAGE TEST|SWITCHING TEST|YIELD ANALYSIS|FINAL LOT RELEASE|SHIP LOT|FINAL CD INSPECTION|FINAL PARTICLE INSPECTION|PARAMETRIC TEST|SWITCHING TEST|WAFER SORT TEST|FINAL LOT RELEASE|SHIP LOT|FINAL CD INSPECTION|FINAL PARTICLE INSPECTION|PARAMETRIC TEST|SWITCHING TEST|FINAL LOT RELEASE|SHIP LOT|FINAL CD INSPECTION|FINAL PARTICLE INSPECTION|PARAMETRIC TEST
valid_0178,STRIP RESIST|CLEAN PAD OPENING|MEASURE PAD OPENING|BACKSIDE GRIND|MEASURE WAFER THICKNESS|BACKSIDE ETCH CLEAN|BACKSIDE RINSE|BACKSIDE DRY|BACKSIDE METALLIZATION PREP|DEPOSIT BACKSIDE METAL|BACKSIDE ANNEAL|MEASURE BACKSIDE CONTACT|FINAL CLEAN|FINAL THICKNESS MEASURE|FINAL GEOMETRY CHECK|FINAL CD INSPECTION|FINAL PARTICLE INSPECTION|PARAMETRIC TEST|LEAKAGE TEST|BREAKDOWN VOLTAGE TEST|SWITCHING TEST|WAFER SORT TEST|YIELD ANALYSIS|FINAL LOT RELEASE|PACKAGE PREPARATION|SHIP LOT|FINAL CD INSPECTION|FINAL PARTICLE INSPECTION|PARAMETRIC TEST|SWITCHING TEST|WAFER SORT TEST|FINAL LOT RELEASE|SHIP LOT|FINAL CD INSPECTION|FINAL PARTICLE INSPECTION|PARAMETRIC TEST|SWITCHING TEST|WAFER SORT TEST|FINAL LOT RELEASE|SHIP LOT|FINAL CD INSPECTION|FINAL PARTICLE INSPECTION|PARAMETRIC TEST|SWITCHING TEST|WAFER SORT TEST|FINAL LOT RELEASE|SHIP LOT|FINAL CD INSPECTION|FINAL PARTICLE INSPECTION|PARAMETRIC TEST|SWITCHING TEST|FINAL LOT RELEASE|SHIP LOT|FINAL CD INSPECTION|FINAL PARTICLE INSPECTION|PARAMETRIC TEST|SWITCHING TEST|FINAL LOT RELEASE|SHIP LOT|FINAL CD INSPECTION|FINAL PARTICLE INSPECTION|PARAMETRIC TEST|SWITCHING TEST|FINAL LOT RELEASE|SHIP LOT|FINAL CD INSPECTION|FINAL PARTICLE INSPECTION|PARAMETRIC TEST|LEAKAGE TEST|BREAKDOWN VOLTAGE TEST|SWITCHING TEST|FINAL LOT RELEASE|SHIP LOT|FINAL CD INSPECTION|FINAL PARTICLE INSPECTION|PARAMETRIC TEST|SWITCHING TEST|WAFER SORT TEST|FINAL LOT RELEASE|SHIP LOT
valid_0179,FILL VIA METAL|CMP METAL|MEASURE VIA RESISTANCE|DEPOSIT METAL 1|ANNEAL METAL 1|SPIN COAT PHOTORESIST|SOFT BAKE|ALIGN MASK LEVEL 4|EXPOSE LITHO LEVEL 4|DEVELOP PHOTORESIST|METAL PATTERN INSPECTION|METAL ETCH DRY|STRIP RESIST|CLEAN AFTER METAL ETCH|MEASURE LINE WIDTH|DEPOSIT PASSIVATION|CURE PASSIVATION|MEASURE PASSIVATION QUALITY|OPEN BOND PAD WINDOW|OPEN PAD WINDOW LITHO|DEVELOP PAD WINDOW|PASSIVATION ETCH PAD OPENING|STRIP RESIST|CLEAN PAD OPENING|MEASURE PAD OPENING|BACKSIDE GRIND|MEASURE WAFER THICKNESS|BACKSIDE ETCH CLEAN|BACKSIDE RINSE|BACKSIDE DRY|BACKSIDE METALLIZATION PREP|DEPOSIT BACKSIDE METAL|BACKSIDE ANNEAL|FINAL CLEAN|FINAL THICKNESS MEASURE|FINAL GEOMETRY CHECK|FINAL OXIDE CHECK|FINAL CD INSPECTION|FINAL PARTICLE INSPECTION|PARAMETRIC TEST|LEAKAGE TEST|SWITCHING TEST|WAFER SORT TEST|YIELD ANALYSIS|FINAL LOT RELEASE|PACKAGE PREPARATION|SHIP LOT|FINAL CD INSPECTION|FINAL PARTICLE INSPECTION|PARAMETRIC TEST|SWITCHING TEST|WAFER SORT TEST|FINAL LOT RELEASE|SHIP LOT|FINAL CD INSPECTION|FINAL PARTICLE INSPECTION|PARAMETRIC TEST|SWITCHING TEST|YIELD ANALYSIS|FINAL LOT RELEASE|SHIP LOT|FINAL CD INSPECTION|FINAL PARTICLE INSPECTION|PARAMETRIC TEST|SWITCHING TEST|WAFER SORT TEST|FINAL LOT RELEASE|SHIP LOT|FINAL CD INSPECTION|FINAL PARTICLE INSPECTION|PARAMETRIC TEST|SWITCHING TEST|WAFER SORT TEST|FINAL LOT RELEASE|SHIP LOT|FINAL CD INSPECTION|FINAL PARTICLE INSPECTION|PARAMETRIC TEST|SWITCHING TEST|FINAL LOT RELEASE
valid_0180,MEASURE PAD OPENING|BACKSIDE GRIND|MEASURE WAFER THICKNESS|BACKSIDE ETCH CLEAN|BACKSIDE RINSE|BACKSIDE DRY|BACKSIDE METALLIZATION PREP|DEPOSIT BACKSIDE METAL|BACKSIDE ANNEAL|FINAL CLEAN|FINAL THICKNESS MEASURE|FINAL GEOMETRY CHECK|FINAL OXIDE CHECK|FINAL CD INSPECTION|FINAL PARTICLE INSPECTION|PARAMETRIC TEST|LEAKAGE TEST|SWITCHING TEST|WAFER SORT TEST|YIELD ANALYSIS|FINAL LOT RELEASE|PACKAGE PREPARATION|SHIP LOT|FINAL CD INSPECTION|FINAL PARTICLE INSPECTION|PARAMETRIC TEST|SWITCHING TEST|WAFER SORT TEST|FINAL LOT RELEASE|SHIP LOT|FINAL CD INSPECTION|FINAL PARTICLE INSPECTION|PARAMETRIC TEST|SWITCHING TEST|YIELD ANALYSIS|FINAL LOT RELEASE|SHIP LOT|FINAL CD INSPECTION|FINAL PARTICLE INSPECTION|PARAMETRIC TEST|SWITCHING TEST|WAFER SORT TEST|FINAL LOT RELEASE|SHIP LOT|FINAL CD INSPECTION|FINAL PARTICLE INSPECTION|PARAMETRIC TEST|SWITCHING TEST|WAFER SORT TEST|FINAL LOT RELEASE|SHIP LOT|FINAL CD INSPECTION|FINAL PARTICLE INSPECTION|PARAMETRIC TEST|SWITCHING TEST|FINAL LOT RELEASE|SHIP LOT|FINAL CD INSPECTION|FINAL PARTICLE INSPECTION|PARAMETRIC TEST|SWITCHING TEST|FINAL LOT RELEASE|SHIP LOT|FINAL CD INSPECTION|FINAL PARTICLE INSPECTION|PARAMETRIC TEST|SWITCHING TEST|FINAL LOT RELEASE|SHIP LOT|FINAL CD INSPECTION|FINAL PARTICLE INSPECTION|PARAMETRIC TEST|SWITCHING TEST|FINAL LOT RELEASE|SHIP LOT|FINAL CD INSPECTION|FINAL PARTICLE INSPECTION|PARAMETRIC TEST|SWITCHING TEST|FINAL LOT RELEASE
valid_0181,STRIP RESIST|CLEAN AFTER VIA ETCH|MEASURE VIA CD|DEPOSIT BARRIER METAL|DEPOSIT METAL SEED|FILL VIA METAL|CMP METAL|MEASURE VIA RESISTANCE|DEPOSIT METAL 1|ANNEAL METAL 1|SPIN COAT PHOTORESIST|SOFT BAKE|ALIGN MASK LEVEL 6|EXPOSE LITHO LEVEL 6|DEVELOP PHOTORESIST|METAL PATTERN INSPECTION|METAL ETCH DRY|STRIP RESIST|CLEAN AFTER METAL ETCH|MEASURE LINE WIDTH|DEPOSIT PASSIVATION|CURE PASSIVATION|MEASURE PASSIVATION QUALITY|OPEN BOND PAD WINDOW|OPEN PAD WINDOW LITHO|DEVELOP PAD WINDOW|PASSIVATION ETCH PAD OPENING|STRIP RESIST|CLEAN PAD OPENING|MEASURE PAD OPENING|BACKSIDE GRIND|MEASURE WAFER THICKNESS|BACKSIDE ETCH CLEAN|BACKSIDE RINSE|BACKSIDE DRY|BACKSIDE METALLIZATION PREP|DEPOSIT BACKSIDE METAL|BACKSIDE ANNEAL|MEASURE BACKSIDE CONTACT|FINAL CLEAN|FINAL THICKNESS MEASURE|FINAL GEOMETRY CHECK|FINAL CD INSPECTION|FINAL PARTICLE INSPECTION|PARAMETRIC TEST|LEAKAGE TEST|BREAKDOWN VOLTAGE TEST|SWITCHING TEST|YIELD ANALYSIS|WAFER SORT TEST|FINAL LOT RELEASE|SHIP LOT|FINAL CD INSPECTION|FINAL PARTICLE INSPECTION|PARAMETRIC TEST|SWITCHING TEST|WAFER SORT TEST|FINAL LOT RELEASE|SHIP LOT|FINAL CD INSPECTION|FINAL PARTICLE INSPECTION|PARAMETRIC TEST|SWITCHING TEST|WAFER SORT TEST|FINAL LOT RELEASE|SHIP LOT|FINAL CD INSPECTION|FINAL PARTICLE INSPECTION|PARAMETRIC TEST|SWITCHING TEST|WAFER SORT TEST|FINAL LOT RELEASE|SHIP LOT|FINAL CD INSPECTION|FINAL PARTICLE INSPECTION|PARAMETRIC TEST|SWITCHING TEST|FINAL LOT RELEASE|SHIP LOT|IMPLANT P BODY
valid_0182,DEVELOP PAD WINDOW|PASSIVATION ETCH PAD OPENING|STRIP RESIST|CLEAN PAD OPENING|MEASURE PAD OPENING|BACKSIDE GRIND|MEASURE WAFER THICKNESS|BACKSIDE ETCH CLEAN|BACKSIDE RINSE|BACKSIDE DRY|BACKSIDE METALLIZATION PREP|DEPOSIT BACKSIDE METAL|BACKSIDE ANNEAL|MEASURE BACKSIDE CONTACT|FINAL CLEAN|FINAL THICKNESS MEASURE|FINAL GEOMETRY CHECK|FINAL CD INSPECTION|FINAL PARTICLE INSPECTION|PARAMETRIC TEST|LEAKAGE TEST|BREAKDOWN VOLTAGE TEST|SWITCHING TEST|YIELD ANALYSIS|WAFER SORT TEST|FINAL LOT RELEASE|SHIP LOT|FINAL CD INSPECTION|FINAL PARTICLE INSPECTION|PARAMETRIC TEST|SWITCHING TEST|WAFER SORT TEST|FINAL LOT RELEASE|SHIP LOT|FINAL CD INSPECTION|FINAL PARTICLE INSPECTION|PARAMETRIC TEST|SWITCHING TEST|WAFER SORT TEST|FINAL LOT RELEASE|SHIP LOT|FINAL CD INSPECTION|FINAL PARTICLE INSPECTION|PARAMETRIC TEST|SWITCHING TEST|WAFER SORT TEST|FINAL LOT RELEASE|SHIP LOT|FINAL CD INSPECTION|FINAL PARTICLE INSPECTION|PARAMETRIC TEST|SWITCHING TEST|FINAL LOT RELEASE|SHIP LOT|FINAL CD INSPECTION|FINAL PARTICLE INSPECTION|PARAMETRIC TEST|SWITCHING TEST|WAFER SORT TEST|FINAL LOT RELEASE|SHIP LOT|FINAL CD INSPECTION|FINAL PARTICLE INSPECTION|PARAMETRIC TEST|LEAKAGE TEST|BREAKDOWN VOLTAGE TEST|SWITCHING TEST|FINAL LOT RELEASE|SHIP LOT|FINAL CD INSPECTION|FINAL PARTICLE INSPECTION|PARAMETRIC TEST|SWITCHING TEST|FINAL LOT RELEASE|SHIP LOT|FINAL CD INSPECTION|FINAL PARTICLE INSPECTION|PARAMETRIC TEST|SWITCHING TEST|WAFER SORT TEST
valid_0183,DEPOSIT BARRIER METAL|DEPOSIT METAL SEED|FILL VIA METAL|CMP METAL|MEASURE VIA RESISTANCE|DEPOSIT METAL 1|ANNEAL METAL 1|SPIN COAT PHOTORESIST|SOFT BAKE|ALIGN MASK LEVEL 6|EXPOSE LITHO LEVEL 6|DEVELOP PHOTORESIST|METAL PATTERN INSPECTION|METAL ETCH DRY|STRIP RESIST|CLEAN AFTER METAL ETCH|MEASURE LINE WIDTH|DEPOSIT PASSIVATION|CURE PASSIVATION|MEASURE PASSIVATION QUALITY|OPEN BOND PAD WINDOW|OPEN PAD WINDOW LITHO|DEVELOP PAD WINDOW|PASSIVATION ETCH PAD OPENING|STRIP RESIST|CLEAN PAD OPENING|MEASURE PAD OPENING|BACKSIDE GRIND|MEASURE WAFER THICKNESS|BACKSIDE ETCH CLEAN|BACKSIDE RINSE|BACKSIDE DRY|BACKSIDE METALLIZATION PREP|DEPOSIT BACKSIDE METAL|BACKSIDE ANNEAL|MEASURE BACKSIDE CONTACT|FINAL CLEAN|FINAL THICKNESS MEASURE|FINAL GEOMETRY CHECK|FINAL CD INSPECTION|FINAL PARTICLE INSPECTION|PARAMETRIC TEST|LEAKAGE TEST|BREAKDOWN VOLTAGE TEST|SWITCHING TEST|WAFER SORT TEST|YIELD ANALYSIS|FINAL LOT RELEASE|SHIP LOT|FINAL CD INSPECTION|FINAL PARTICLE INSPECTION|PARAMETRIC TEST|SWITCHING TEST|WAFER SORT TEST|FINAL LOT RELEASE|SHIP LOT|FINAL CD INSPECTION|FINAL PARTICLE INSPECTION|PARAMETRIC TEST|SWITCHING TEST|YIELD ANALYSIS|FINAL LOT RELEASE|SHIP LOT|FINAL CD INSPECTION|FINAL PARTICLE INSPECTION|PARAMETRIC TEST|SWITCHING TEST|WAFER SORT TEST|FINAL LOT RELEASE|SHIP LOT|FINAL CD INSPECTION|FINAL PARTICLE INSPECTION|PARAMETRIC TEST|SWITCHING TEST|FINAL LOT RELEASE|SHIP LOT|FINAL CD INSPECTION|FINAL PARTICLE INSPECTION|PARAMETRIC TEST|SWITCHING TEST
valid_0184,STRIP RESIST|CLEAN PAD OPENING|MEASURE PAD OPENING|BACKSIDE GRIND|MEASURE WAFER THICKNESS|BACKSIDE ETCH CLEAN|BACKSIDE RINSE|BACKSIDE DRY|BACKSIDE METALLIZATION PREP|DEPOSIT BACKSIDE METAL|BACKSIDE ANNEAL|MEASURE BACKSIDE CONTACT|FINAL CLEAN|FINAL THICKNESS MEASURE|FINAL GEOMETRY CHECK|FINAL CD INSPECTION|FINAL PARTICLE INSPECTION|PARAMETRIC TEST|LEAKAGE TEST|BREAKDOWN VOLTAGE TEST|SWITCHING TEST|WAFER SORT TEST|YIELD ANALYSIS|FINAL LOT RELEASE|PACKAGE PREPARATION|SHIP LOT|FINAL CD INSPECTION|FINAL PARTICLE INSPECTION|PARAMETRIC TEST|SWITCHING TEST|WAFER SORT TEST|FINAL LOT RELEASE|SHIP LOT|FINAL CD INSPECTION|FINAL PARTICLE INSPECTION|PARAMETRIC TEST|SWITCHING TEST|WAFER SORT TEST|FINAL LOT RELEASE|SHIP LOT|FINAL CD INSPECTION|FINAL PARTICLE INSPECTION|PARAMETRIC TEST|SWITCHING TEST|WAFER SORT TEST|FINAL LOT RELEASE|SHIP LOT|FINAL CD INSPECTION|FINAL PARTICLE INSPECTION|PARAMETRIC TEST|SWITCHING TEST|WAFER SORT TEST|FINAL LOT RELEASE|SHIP LOT|IMPLANT P BODY|BREAKDOWN VOLTAGE TEST|SWITCHING TEST|FINAL LOT RELEASE|SHIP LOT|FINAL CD INSPECTION|FINAL PARTICLE INSPECTION|PARAMETRIC TEST|SWITCHING TEST|FINAL LOT RELEASE|SHIP LOT|FINAL CD INSPECTION|FINAL PARTICLE INSPECTION|PARAMETRIC TEST|LEAKAGE TEST|BREAKDOWN VOLTAGE TEST|SWITCHING TEST|FINAL LOT RELEASE|SHIP LOT|FINAL CD INSPECTION|FINAL PARTICLE INSPECTION|PARAMETRIC TEST|SWITCHING TEST|WAFER SORT TEST|FINAL LOT RELEASE|SHIP LOT
valid_0185,DEPOSIT BARRIER METAL|DEPOSIT METAL SEED|FILL VIA METAL|CMP METAL|MEASURE VIA RESISTANCE|DEPOSIT TOP METAL|ANNEAL METAL 1|SPIN COAT PHOTORESIST|SOFT BAKE|ALIGN MASK LEVEL 6|EXPOSE LITHO LEVEL 6|DEVELOP PHOTORESIST|METAL PATTERN INSPECTION|METAL ETCH DRY|STRIP RESIST|CLEAN AFTER METAL ETCH|MEASURE LINE WIDTH|DEPOSIT PASSIVATION|CURE PASSIVATION|MEASURE PASSIVATION QUALITY|OPEN BOND PAD WINDOW|OPEN PAD WINDOW LITHO|DEVELOP PAD WINDOW|PASSIVATION ETCH PAD OPENING|STRIP RESIST|CLEAN PAD OPENING|MEASURE PAD OPENING|BACKSIDE GRIND|MEASURE WAFER THICKNESS|BACKSIDE ETCH CLEAN|BACKSIDE RINSE|BACKSIDE DRY|BACKSIDE METALLIZATION PREP|DEPOSIT BACKSIDE METAL|BACKSIDE ANNEAL|MEASURE BACKSIDE CONTACT|FINAL CLEAN|FINAL THICKNESS MEASURE|FINAL GEOMETRY CHECK|FINAL CD INSPECTION|FINAL PARTICLE INSPECTION|PARAMETRIC TEST|LEAKAGE TEST|BREAKDOWN VOLTAGE TEST|SWITCHING TEST|WAFER SORT TEST|YIELD ANALYSIS|FINAL LOT RELEASE|SHIP LOT|FINAL CD INSPECTION|FINAL PARTICLE INSPECTION|PARAMETRIC TEST|SWITCHING TEST|WAFER SORT TEST|FINAL LOT RELEASE|SHIP LOT|FINAL CD INSPECTION|FINAL PARTICLE INSPECTION|ELECTRICAL PARAMETRIC TEST|LEAKAGE TEST|BREAKDOWN VOLTAGE TEST|SWITCHING TEST|YIELD ANALYSIS|FINAL LOT RELEASE|SHIP LOT|FINAL CD INSPECTION|FINAL PARTICLE INSPECTION|PARAMETRIC TEST|SWITCHING TEST|WAFER SORT TEST|FINAL LOT RELEASE|SHIP LOT|FINAL CD INSPECTION|FINAL PARTICLE INSPECTION|PARAMETRIC TEST|SWITCHING TEST|FINAL LOT RELEASE|SHIP LOT|FINAL CD INSPECTION|FINAL PARTICLE INSPECTION
valid_0186,STRIP RESIST|CLEAN PAD OPENING|MEASURE PAD OPENING|BACKSIDE GRIND|MEASURE WAFER THICKNESS|BACKSIDE ETCH CLEAN|BACKSIDE RINSE|BACKSIDE DRY|BACKSIDE METALLIZATION PREP|DEPOSIT BACKSIDE METAL|BACKSIDE ANNEAL|MEASURE BACKSIDE CONTACT|FINAL CLEAN|FINAL THICKNESS MEASURE|FINAL GEOMETRY CHECK|FINAL CD INSPECTION|FINAL PARTICLE INSPECTION|PARAMETRIC TEST|LEAKAGE TEST|BREAKDOWN VOLTAGE TEST|SWITCHING TEST|WAFER SORT TEST|YIELD ANALYSIS|FINAL LOT RELEASE|SHIP LOT|FINAL CD INSPECTION|FINAL PARTICLE INSPECTION|PARAMETRIC TEST|SWITCHING TEST|WAFER SORT TEST|FINAL LOT RELEASE|SHIP LOT|FINAL CD INSPECTION|FINAL PARTICLE INSPECTION|ELECTRICAL PARAMETRIC TEST|LEAKAGE TEST|BREAKDOWN VOLTAGE TEST|SWITCHING TEST|YIELD ANALYSIS|FINAL LOT RELEASE|SHIP LOT|FINAL CD INSPECTION|FINAL PARTICLE INSPECTION|PARAMETRIC TEST|SWITCHING TEST|WAFER SORT TEST|FINAL LOT RELEASE|SHIP LOT|FINAL CD INSPECTION|FINAL PARTICLE INSPECTION|PARAMETRIC TEST|SWITCHING TEST|FINAL LOT RELEASE|SHIP LOT|FINAL CD INSPECTION|FINAL PARTICLE INSPECTION|PARAMETRIC TEST|SWITCHING TEST|FINAL LOT RELEASE|SHIP LOT|IMPLANT P BODY|BREAKDOWN VOLTAGE TEST|SWITCHING TEST|FINAL LOT RELEASE|SHIP LOT|FINAL CD INSPECTION|FINAL PARTICLE INSPECTION|PARAMETRIC TEST|SWITCHING TEST|FINAL LOT RELEASE|SHIP LOT|FINAL CD INSPECTION|FINAL PARTICLE INSPECTION|PARAMETRIC TEST|SWITCHING TEST|FINAL LOT RELEASE|SHIP LOT|FINAL CD INSPECTION|FINAL PARTICLE INSPECTION|PARAMETRIC TEST
valid_0187,STRIP PHOTORESIST|CLEAN AFTER VIA ETCH|MEASURE VIA CD|DEPOSIT BARRIER METAL|DEPOSIT METAL SEED|FILL VIA METAL|CMP METAL|MEASURE VIA RESISTANCE|DEPOSIT METAL 1|ANNEAL METAL 1|SPIN COAT PHOTORESIST|SOFT BAKE|ALIGN MASK LEVEL 6|EXPOSE LITHO LEVEL 6|DEVELOP PHOTORESIST|METAL PATTERN INSPECTION|METAL ETCH DRY|STRIP RESIST|CLEAN AFTER METAL ETCH|MEASURE LINE WIDTH|DEPOSIT PASSIVATION|CURE PASSIVATION|MEASURE PASSIVATION QUALITY|OPEN BOND PAD WINDOW|OPEN PAD WINDOW LITHO|DEVELOP PAD WINDOW|PASSIVATION ETCH PAD OPENING|STRIP RESIST|CLEAN PAD OPENING|MEASURE PAD OPENING|BACKSIDE GRIND|MEASURE WAFER THICKNESS|BACKSIDE ETCH CLEAN|BACKSIDE RINSE|BACKSIDE DRY|BACKSIDE METALLIZATION PREP|DEPOSIT BACKSIDE METAL|BACKSIDE ANNEAL|MEASURE BACKSIDE CONTACT|FINAL CLEAN|FINAL THICKNESS MEASURE|FINAL GEOMETRY CHECK|FINAL CD INSPECTION|FINAL PARTICLE INSPECTION|PARAMETRIC TEST|LEAKAGE TEST|BREAKDOWN VOLTAGE TEST|SWITCHING TEST|WAFER SORT TEST|YIELD ANALYSIS|FINAL LOT RELEASE|PACKAGE PREPARATION|SHIP LOT|FINAL CD INSPECTION|FINAL PARTICLE INSPECTION|PARAMETRIC TEST|SWITCHING TEST|YIELD ANALYSIS|FINAL LOT RELEASE|SHIP LOT|FINAL CD INSPECTION|FINAL PARTICLE INSPECTION|PARAMETRIC TEST|SWITCHING TEST|WAFER SORT TEST|FINAL LOT RELEASE|SHIP LOT|FINAL CD INSPECTION|FINAL PARTICLE INSPECTION|PARAMETRIC TEST|SWITCHING TEST|WAFER SORT TEST|FINAL LOT RELEASE|SHIP LOT|FINAL CD INSPECTION|FINAL PARTICLE INSPECTION|PARAMETRIC TEST|SWITCHING TEST|FINAL LOT RELEASE|SHIP LOT
valid_0188,STRIP RESIST|CLEAN PAD OPENING|MEASURE PAD OPENING|BACKSIDE GRIND|MEASURE WAFER THICKNESS|BACKSIDE ETCH CLEAN|BACKSIDE RINSE|BACKSIDE DRY|BACKSIDE METALLIZATION PREP|DEPOSIT BACKSIDE METAL|BACKSIDE ANNEAL|MEASURE BACKSIDE CONTACT|FINAL CLEAN|FINAL THICKNESS MEASURE|FINAL GEOMETRY CHECK|FINAL CD INSPECTION|FINAL PARTICLE INSPECTION|ELECTRICAL PARAMETRIC TEST|LEAKAGE TEST|BREAKDOWN VOLTAGE TEST|SWITCHING TEST|WAFER SORT TEST|YIELD ANALYSIS|FINAL LOT RELEASE|SHIP LOT|FINAL CD INSPECTION|FINAL PARTICLE INSPECTION|ELECTRICAL PARAMETRIC TEST|SWITCHING TEST|WAFER SORT TEST|FINAL LOT RELEASE|SHIP LOT|FINAL CD INSPECTION|FINAL PARTICLE INSPECTION|ELECTRICAL PARAMETRIC TEST|LEAKAGE TEST|BREAKDOWN VOLTAGE TEST|SWITCHING TEST|YIELD ANALYSIS|FINAL LOT RELEASE|SHIP LOT|FINAL CD INSPECTION|FINAL PARTICLE INSPECTION|PARAMETRIC TEST|SWITCHING TEST|WAFER SORT TEST|FINAL LOT RELEASE|SHIP LOT|FINAL CD INSPECTION|FINAL PARTICLE INSPECTION|PARAMETRIC TEST|SWITCHING TEST|FINAL LOT RELEASE|SHIP LOT|FINAL CD INSPECTION|FINAL PARTICLE INSPECTION|PARAMETRIC TEST|SWITCHING TEST|FINAL LOT RELEASE|SHIP LOT|FINAL CD INSPECTION|FINAL PARTICLE INSPECTION|PARAMETRIC TEST|SWITCHING TEST|FINAL LOT RELEASE|SHIP LOT|FINAL CD INSPECTION|FINAL PARTICLE INSPECTION|PARAMETRIC TEST|SWITCHING TEST|FINAL LOT RELEASE|SHIP LOT|FINAL CD INSPECTION|FINAL PARTICLE INSPECTION|PARAMETRIC TEST|SWITCHING TEST|FINAL LOT RELEASE|SHIP LOT|FINAL CD INSPECTION|FINAL PARTICLE INSPECTION
valid_0189,MEASURE VIA CD|DEPOSIT BARRIER METAL|DEPOSIT METAL SEED|FILL VIA METAL|CMP METAL|MEASURE VIA RESISTANCE|DEPOSIT METAL 1|ANNEAL METAL 1|SPIN COAT PHOTORESIST|SOFT BAKE|ALIGN MASK LEVEL 6|EXPOSE LITHO LEVEL 6|DEVELOP PHOTORESIST|METAL PATTERN INSPECTION|METAL ETCH DRY|STRIP RESIST|CLEAN AFTER METAL ETCH|MEASURE LINE WIDTH|DEPOSIT PASSIVATION|CURE PASSIVATION|MEASURE PASSIVATION QUALITY|OPEN BOND PAD WINDOW|OPEN PAD WINDOW LITHO|DEVELOP PAD WINDOW|PASSIVATION ETCH PAD OPENING|STRIP RESIST|CLEAN PAD OPENING|MEASURE PAD OPENING|BACKSIDE GRIND|MEASURE WAFER THICKNESS|BACKSIDE ETCH CLEAN|BACKSIDE RINSE|BACKSIDE DRY|BACKSIDE METALLIZATION PREP|DEPOSIT BACKSIDE METAL|BACKSIDE ANNEAL|MEASURE BACKSIDE CONTACT|FINAL CLEAN|FINAL THICKNESS MEASURE|FINAL GEOMETRY CHECK|FINAL CD INSPECTION|FINAL PARTICLE INSPECTION|PARAMETRIC TEST|LEAKAGE TEST|BREAKDOWN VOLTAGE TEST|SWITCHING TEST|WAFER SORT TEST|YIELD ANALYSIS|FINAL LOT RELEASE|PACKAGE PREPARATION|SHIP LOT|FINAL CD INSPECTION|FINAL PARTICLE INSPECTION|PARAMETRIC TEST|SWITCHING TEST|YIELD ANALYSIS|FINAL LOT RELEASE|SHIP LOT|FINAL CD INSPECTION|FINAL PARTICLE INSPECTION|PARAMETRIC TEST|SWITCHING TEST|WAFER SORT TEST|FINAL LOT RELEASE|SHIP LOT|FINAL CD INSPECTION|FINAL PARTICLE INSPECTION|PARAMETRIC TEST|SWITCHING TEST|WAFER SORT TEST|FINAL LOT RELEASE|SHIP LOT|FINAL CD INSPECTION|FINAL PARTICLE INSPECTION|PARAMETRIC TEST|SWITCHING TEST|FINAL LOT RELEASE|SHIP LOT|FINAL CD INSPECTION|FINAL PARTICLE INSPECTION
valid_0190,PASSIVATION ETCH PAD OPENING|STRIP RESIST|CLEAN PAD OPENING|MEASURE PAD OPENING|BACKSIDE GRIND|MEASURE WAFER THICKNESS|BACKSIDE ETCH CLEAN|BACKSIDE RINSE|BACKSIDE DRY|BACKSIDE METALLIZATION PREP|DEPOSIT BACKSIDE METAL|BACKSIDE ANNEAL|MEASURE BACKSIDE CONTACT|FINAL CLEAN|FINAL THICKNESS MEASURE|FINAL GEOMETRY CHECK|FINAL CD INSPECTION|FINAL PARTICLE INSPECTION|PARAMETRIC TEST|LEAKAGE TEST|BREAKDOWN VOLTAGE TEST|SWITCHING TEST|YIELD ANALYSIS|WAFER SORT TEST|FINAL LOT RELEASE|SHIP LOT|FINAL CD INSPECTION|FINAL PARTICLE INSPECTION|PARAMETRIC TEST|SWITCHING TEST|WAFER SORT TEST|FINAL LOT RELEASE|SHIP LOT|FINAL CD INSPECTION|FINAL PARTICLE INSPECTION|PARAMETRIC TEST|SWITCHING TEST|WAFER SORT TEST|FINAL LOT RELEASE|SHIP LOT|FINAL CD INSPECTION|FINAL PARTICLE INSPECTION|PARAMETRIC TEST|SWITCHING TEST|WAFER SORT TEST|FINAL LOT RELEASE|SHIP LOT|FINAL CD INSPECTION|FINAL PARTICLE INSPECTION|PARAMETRIC TEST|SWITCHING TEST|WAFER SORT TEST|FINAL LOT RELEASE|SHIP LOT|FINAL CD INSPECTION|FINAL PARTICLE INSPECTION|PARAMETRIC TEST|SWITCHING TEST|FINAL LOT RELEASE|SHIP LOT|FINAL CD INSPECTION|FINAL PARTICLE INSPECTION|PARAMETRIC TEST|LEAKAGE TEST|BREAKDOWN VOLTAGE TEST|SWITCHING TEST|FINAL LOT RELEASE|SHIP LOT|FINAL CD INSPECTION|FINAL PARTICLE INSPECTION|PARAMETRIC TEST|SWITCHING TEST|FINAL LOT RELEASE|SHIP LOT|FINAL CD INSPECTION|FINAL PARTICLE INSPECTION|PARAMETRIC TEST|SWITCHING TEST|WAFER SORT TEST|FINAL LOT RELEASE
valid_0191,VIA ETCH|STRIP RESIST|CLEAN AFTER VIA ETCH|MEASURE VIA CD|DEPOSIT BARRIER METAL|DEPOSIT METAL SEED|FILL VIA METAL|CMP METAL|MEASURE VIA RESISTANCE|DEPOSIT METAL 1|ANNEAL METAL 1|SPIN COAT PHOTORESIST|SOFT BAKE|ALIGN MASK LEVEL 6|EXPOSE LITHO LEVEL 6|DEVELOP PHOTORESIST|METAL PATTERN INSPECTION|METAL ETCH DRY|STRIP RESIST|CLEAN AFTER METAL ETCH|MEASURE LINE WIDTH|DEPOSIT PASSIVATION|CURE PASSIVATION|MEASURE PASSIVATION QUALITY|OPEN BOND PAD WINDOW|OPEN PAD WINDOW LITHO|DEVELOP PAD WINDOW|PASSIVATION ETCH PAD OPENING|STRIP RESIST|CLEAN PAD OPENING|MEASURE PAD OPENING|BACKSIDE GRIND|MEASURE WAFER THICKNESS|BACKSIDE ETCH CLEAN|BACKSIDE RINSE|BACKSIDE DRY|BACKSIDE METALLIZATION PREP|DEPOSIT BACKSIDE METAL|BACKSIDE ANNEAL|MEASURE BACKSIDE CONTACT|FINAL CLEAN|FINAL THICKNESS MEASURE|FINAL GEOMETRY CHECK|FINAL CD INSPECTION|FINAL PARTICLE INSPECTION|PARAMETRIC TEST|LEAKAGE TEST|BREAKDOWN VOLTAGE TEST|SWITCHING TEST|YIELD ANALYSIS|WAFER SORT TEST|FINAL LOT RELEASE|SHIP LOT|FINAL CD INSPECTION|FINAL PARTICLE INSPECTION|PARAMETRIC TEST|SWITCHING TEST|WAFER SORT TEST|FINAL LOT RELEASE|SHIP LOT|FINAL CD INSPECTION|FINAL PARTICLE INSPECTION|PARAMETRIC TEST|SWITCHING TEST|WAFER SORT TEST|FINAL LOT RELEASE|SHIP LOT|FINAL CD INSPECTION|FINAL PARTICLE INSPECTION|PARAMETRIC TEST|SWITCHING TEST|WAFER SORT TEST|FINAL LOT RELEASE|SHIP LOT|FINAL CD INSPECTION|FINAL PARTICLE INSPECTION|PARAMETRIC TEST|SWITCHING TEST|WAFER SORT TEST|FINAL LOT RELEASE
valid_0192,STRIP RESIST|CLEAN PAD OPENING|MEASURE PAD OPENING|BACKSIDE GRIND|MEASURE WAFER THICKNESS|BACKSIDE ETCH CLEAN|BACKSIDE RINSE|BACKSIDE DRY|BACKSIDE METALLIZATION PREP|DEPOSIT BACKSIDE METAL|BACKSIDE ANNEAL|MEASURE BACKSIDE CONTACT|FINAL CLEAN|FINAL THICKNESS MEASURE|FINAL GEOMETRY CHECK|FINAL CD INSPECTION|FINAL PARTICLE INSPECTION|ELECTRICAL PARAMETRIC TEST|LEAKAGE TEST|BREAKDOWN VOLTAGE TEST|SWITCHING TEST|WAFER SORT TEST|YIELD ANALYSIS|FINAL LOT RELEASE|SHIP LOT|FINAL CD INSPECTION|FINAL PARTICLE INSPECTION|ELECTRICAL PARAMETRIC TEST|SWITCHING TEST|WAFER SORT TEST|FINAL LOT RELEASE|SHIP LOT|FINAL CD INSPECTION|FINAL PARTICLE INSPECTION|ELECTRICAL PARAMETRIC TEST|LEAKAGE TEST|BREAKDOWN VOLTAGE TEST|SWITCHING TEST|YIELD ANALYSIS|FINAL LOT RELEASE|SHIP LOT|FINAL CD INSPECTION|FINAL PARTICLE INSPECTION|PARAMETRIC TEST|SWITCHING TEST|WAFER SORT TEST|FINAL LOT RELEASE|SHIP LOT|FINAL CD INSPECTION|FINAL PARTICLE INSPECTION|PARAMETRIC TEST|SWITCHING TEST|FINAL LOT RELEASE|SHIP LOT|FINAL CD INSPECTION|FINAL PARTICLE INSPECTION|PARAMETRIC TEST|SWITCHING TEST|FINAL LOT RELEASE|SHIP LOT|FINAL CD INSPECTION|FINAL PARTICLE INSPECTION|PARAMETRIC TEST|SWITCHING TEST|FINAL LOT RELEASE|SHIP LOT|FINAL CD INSPECTION|FINAL PARTICLE INSPECTION|PARAMETRIC TEST|SWITCHING TEST|FINAL LOT RELEASE|SHIP LOT|FINAL CD INSPECTION|FINAL PARTICLE INSPECTION|PARAMETRIC TEST|SWITCHING TEST|FINAL LOT RELEASE|SHIP LOT|FINAL CD INSPECTION|FINAL PARTICLE INSPECTION
valid_0193,CLEAN AFTER VIA ETCH|MEASURE VIA CD|DEPOSIT BARRIER METAL|DEPOSIT METAL SEED|FILL VIA METAL|CMP METAL|MEASURE VIA RESISTANCE|DEPOSIT TOP METAL|ANNEAL METAL 1|SPIN COAT PHOTORESIST|SOFT BAKE|ALIGN MASK LEVEL 6|EXPOSE LITHO LEVEL 6|DEVELOP PHOTORESIST|METAL PATTERN INSPECTION|METAL ETCH DRY|STRIP RESIST|CLEAN AFTER METAL ETCH|MEASURE LINE WIDTH|DEPOSIT PASSIVATION|CURE PASSIVATION|MEASURE PASSIVATION QUALITY|OPEN BOND PAD WINDOW|OPEN PAD WINDOW LITHO|DEVELOP PAD WINDOW|PASSIVATION ETCH PAD OPENING|STRIP RESIST|CLEAN PAD OPENING|MEASURE PAD OPENING|BACKSIDE GRIND|MEASURE WAFER THICKNESS|BACKSIDE ETCH CLEAN|BACKSIDE RINSE|BACKSIDE DRY|BACKSIDE METALLIZATION PREP|DEPOSIT BACKSIDE METAL|BACKSIDE ANNEAL|MEASURE BACKSIDE CONTACT|FINAL CLEAN|FINAL THICKNESS MEASURE|FINAL GEOMETRY CHECK|FINAL CD INSPECTION|FINAL PARTICLE INSPECTION|ELECTRICAL PARAMETRIC TEST|LEAKAGE TEST|BREAKDOWN VOLTAGE TEST|SWITCHING TEST|YIELD ANALYSIS|WAFER SORT TEST|FINAL LOT RELEASE|SHIP LOT|FINAL CD INSPECTION|FINAL PARTICLE INSPECTION|ELECTRICAL PARAMETRIC TEST|LEAKAGE TEST|BREAKDOWN VOLTAGE TEST|SWITCHING TEST|YIELD ANALYSIS|FINAL LOT RELEASE|SHIP LOT|FINAL CD INSPECTION|FINAL PARTICLE INSPECTION|PARAMETRIC TEST|SWITCHING TEST|WAFER SORT TEST|FINAL LOT RELEASE|SHIP LOT|FINAL CD INSPECTION|FINAL PARTICLE INSPECTION|PARAMETRIC TEST|SWITCHING TEST|FINAL LOT RELEASE|SHIP LOT|FINAL CD INSPECTION|FINAL PARTICLE INSPECTION|PARAMETRIC TEST|SWITCHING TEST|FINAL LOT RELEASE|SHIP LOT|IMPLANT P BODY
valid_0194,PASSIVATION ETCH|STRIP RESIST|CLEAN PAD OPENING|MEASURE PAD OPENING|BACKSIDE GRIND|MEASURE WAFER THICKNESS|BACKSIDE ETCH CLEAN|BACKSIDE RINSE|BACKSIDE DRY|BACKSIDE METALLIZATION PREP|DEPOSIT BACKSIDE METAL|BACKSIDE ANNEAL|MEASURE BACKSIDE CONTACT|FINAL CLEAN|FINAL THICKNESS MEASURE|FINAL GEOMETRY CHECK|FINAL CD INSPECTION|FINAL PARTICLE INSPECTION|ELECTRICAL PARAMETRIC TEST|LEAKAGE TEST|BREAKDOWN VOLTAGE TEST|SWITCHING TEST|YIELD ANALYSIS|WAFER SORT TEST|FINAL LOT RELEASE|SHIP LOT|FINAL CD INSPECTION|FINAL PARTICLE INSPECTION|ELECTRICAL PARAMETRIC TEST|LEAKAGE TEST|BREAKDOWN VOLTAGE TEST|SWITCHING TEST|WAFER SORT TEST|FINAL LOT RELEASE|SHIP LOT|FINAL CD INSPECTION|FINAL PARTICLE INSPECTION|PARAMETRIC TEST|SWITCHING TEST|WAFER SORT TEST|FINAL LOT RELEASE|SHIP LOT|FINAL CD INSPECTION|FINAL PARTICLE INSPECTION|PARAMETRIC TEST|SWITCHING TEST|WAFER SORT TEST|FINAL LOT RELEASE|SHIP LOT|FINAL CD INSPECTION|FINAL PARTICLE INSPECTION|PARAMETRIC TEST|SWITCHING TEST|FINAL LOT RELEASE|SHIP LOT|FINAL CD INSPECTION|FINAL PARTICLE INSPECTION|PARAMETRIC TEST|SWITCHING TEST|FINAL LOT RELEASE|SHIP LOT|FINAL CD INSPECTION|FINAL PARTICLE INSPECTION|PARAMETRIC TEST|SWITCHING TEST|FINAL LOT RELEASE|SHIP LOT|FINAL CD INSPECTION|FINAL PARTICLE INSPECTION|PARAMETRIC TEST|SWITCHING TEST|FINAL LOT RELEASE|SHIP LOT|FINAL CD INSPECTION|FINAL PARTICLE INSPECTION|PARAMETRIC TEST|SWITCHING TEST|WAFER SORT TEST|FINAL LOT RELEASE|SHIP LOT
valid_0195,MEASURE VIA CD|DEPOSIT BARRIER METAL|DEPOSIT METAL SEED|FILL VIA METAL|CMP METAL|MEASURE VIA RESISTANCE|DEPOSIT TOP METAL|ANNEAL METAL 1|SPIN COAT PHOTORESIST|SOFT BAKE|ALIGN MASK LEVEL 6|EXPOSE LITHO LEVEL 6|DEVELOP PHOTORESIST|METAL PATTERN INSPECTION|METAL ETCH DRY|STRIP RESIST|CLEAN AFTER METAL ETCH|MEASURE LINE WIDTH|DEPOSIT PASSIVATION|CURE PASSIVATION|MEASURE PASSIVATION QUALITY|OPEN BOND PAD WINDOW|OPEN PAD WINDOW LITHO|DEVELOP PAD WINDOW|PASSIVATION ETCH|STRIP RESIST|CLEAN PAD OPENING|MEASURE PAD OPENING|BACKSIDE GRIND|MEASURE WAFER THICKNESS|BACKSIDE ETCH CLEAN|BACKSIDE RINSE|BACKSIDE DRY|BACKSIDE METALLIZATION PREP|DEPOSIT BACKSIDE METAL|BACKSIDE ANNEAL|MEASURE BACKSIDE CONTACT|FINAL CLEAN|FINAL THICKNESS MEASURE|FINAL GEOMETRY CHECK|FINAL CD INSPECTION|FINAL PARTICLE INSPECTION|PARAMETRIC TEST|LEAKAGE TEST|BREAKDOWN VOLTAGE TEST|SWITCHING TEST|WAFER SORT TEST|YIELD ANALYSIS|FINAL LOT RELEASE|SHIP LOT|FINAL CD INSPECTION|FINAL PARTICLE INSPECTION|PARAMETRIC TEST|SWITCHING TEST|WAFER SORT TEST|FINAL LOT RELEASE|SHIP LOT|FINAL CD INSPECTION|FINAL PARTICLE INSPECTION|PARAMETRIC TEST|SWITCHING TEST|YIELD ANALYSIS|FINAL LOT RELEASE|SHIP LOT|FINAL CD INSPECTION|FINAL PARTICLE INSPECTION|PARAMETRIC TEST|SWITCHING TEST|WAFER SORT TEST|FINAL LOT RELEASE|SHIP LOT|FINAL CD INSPECTION|FINAL PARTICLE INSPECTION|PARAMETRIC TEST|SWITCHING TEST|FINAL LOT RELEASE|SHIP LOT|FINAL CD INSPECTION|FINAL PARTICLE INSPECTION|PARAMETRIC TEST
valid_0196,CLEAN PAD OPENING|MEASURE PAD OPENING|BACKSIDE GRIND|MEASURE WAFER THICKNESS|BACKSIDE ETCH CLEAN|BACKSIDE RINSE|BACKSIDE DRY|BACKSIDE METALLIZATION PREP|DEPOSIT BACKSIDE METAL|BACKSIDE ANNEAL|MEASURE BACKSIDE CONTACT|FINAL CLEAN|FINAL THICKNESS MEASURE|FINAL GEOMETRY CHECK|FINAL OXIDE CHECK|FINAL CD INSPECTION|FINAL PARTICLE INSPECTION|PARAMETRIC TEST|LEAKAGE TEST|BREAKDOWN VOLTAGE TEST|SWITCHING TEST|WAFER SORT TEST|YIELD ANALYSIS|FINAL LOT RELEASE|SHIP LOT|FINAL CD INSPECTION|FINAL PARTICLE INSPECTION|PARAMETRIC TEST|SWITCHING TEST|WAFER SORT TEST|FINAL LOT RELEASE|SHIP LOT|FINAL CD INSPECTION|FINAL PARTICLE INSPECTION|PARAMETRIC TEST|SWITCHING TEST|YIELD ANALYSIS|FINAL LOT RELEASE|SHIP LOT|FINAL CD INSPECTION|FINAL PARTICLE INSPECTION|PARAMETRIC TEST|SWITCHING TEST|WAFER SORT TEST|FINAL LOT RELEASE|SHIP LOT|FINAL CD INSPECTION|FINAL PARTICLE INSPECTION|PARAMETRIC TEST|SWITCHING TEST|FINAL LOT RELEASE|SHIP LOT|FINAL CD INSPECTION|FINAL PARTICLE INSPECTION|PARAMETRIC TEST|SWITCHING TEST|FINAL LOT RELEASE|SHIP LOT|IMPLANT P BODY|BREAKDOWN VOLTAGE TEST|SWITCHING TEST|FINAL LOT RELEASE|SHIP LOT|FINAL CD INSPECTION|FINAL PARTICLE INSPECTION|PARAMETRIC TEST|SWITCHING TEST|FINAL LOT RELEASE|SHIP LOT|FINAL CD INSPECTION|FINAL PARTICLE INSPECTION|PARAMETRIC TEST|LEAKAGE TEST|BREAKDOWN VOLTAGE TEST|SWITCHING TEST|FINAL LOT RELEASE|SHIP LOT|FINAL CD INSPECTION|FINAL PARTICLE INSPECTION|PARAMETRIC TEST
valid_0197,STRIP RESIST|CLEAN AFTER VIA ETCH|MEASURE VIA CD|DEPOSIT BARRIER METAL|DEPOSIT METAL SEED|FILL VIA METAL|CMP METAL|MEASURE VIA RESISTANCE|DEPOSIT METAL 1|ANNEAL METAL 1|SPIN COAT PHOTORESIST|SOFT BAKE|ALIGN MASK LEVEL 6|EXPOSE LITHO LEVEL 6|DEVELOP PHOTORESIST|METAL PATTERN INSPECTION|METAL ETCH DRY|STRIP RESIST|CLEAN AFTER METAL ETCH|MEASURE LINE WIDTH|DEPOSIT PASSIVATION|CURE PASSIVATION|MEASURE PASSIVATION QUALITY|OPEN BOND PAD WINDOW|OPEN PAD WINDOW LITHO|DEVELOP PAD WINDOW|PASSIVATION ETCH PAD OPENING|STRIP RESIST|CLEAN PAD OPENING|MEASURE PAD OPENING|BACKSIDE GRIND|MEASURE WAFER THICKNESS|BACKSIDE ETCH CLEAN|BACKSIDE RINSE|BACKSIDE DRY|BACKSIDE METALLIZATION PREP|DEPOSIT BACKSIDE METAL|BACKSIDE ANNEAL|MEASURE BACKSIDE CONTACT|FINAL CLEAN|FINAL THICKNESS MEASURE|FINAL GEOMETRY CHECK|FINAL CD INSPECTION|FINAL PARTICLE INSPECTION|PARAMETRIC TEST|LEAKAGE TEST|BREAKDOWN VOLTAGE TEST|SWITCHING TEST|YIELD ANALYSIS|WAFER SORT TEST|FINAL LOT RELEASE|SHIP LOT|FINAL CD INSPECTION|FINAL PARTICLE INSPECTION|PARAMETRIC TEST|SWITCHING TEST|WAFER SORT TEST|FINAL LOT RELEASE|SHIP LOT|FINAL CD INSPECTION|FINAL PARTICLE INSPECTION|PARAMETRIC TEST|SWITCHING TEST|WAFER SORT TEST|FINAL LOT RELEASE|SHIP LOT|FINAL CD INSPECTION|FINAL PARTICLE INSPECTION|PARAMETRIC TEST|SWITCHING TEST|WAFER SORT TEST|FINAL LOT RELEASE|SHIP LOT|FINAL CD INSPECTION|FINAL PARTICLE INSPECTION|PARAMETRIC TEST|SWITCHING TEST|FINAL LOT RELEASE|SHIP LOT|FINAL CD INSPECTION
valid_0198,STRIP RESIST|CLEAN PAD OPENING|MEASURE PAD OPENING|BACKSIDE GRIND|MEASURE WAFER THICKNESS|BACKSIDE ETCH CLEAN|BACKSIDE RINSE|BACKSIDE DRY|BACKSIDE METALLIZATION PREP|DEPOSIT BACKSIDE METAL|BACKSIDE ANNEAL|MEASURE BACKSIDE CONTACT|FINAL CLEAN|FINAL THICKNESS MEASURE|FINAL GEOMETRY CHECK|FINAL CD INSPECTION|FINAL PARTICLE INSPECTION|PARAMETRIC TEST|LEAKAGE TEST|BREAKDOWN VOLTAGE TEST|SWITCHING TEST|WAFER SORT TEST|YIELD ANALYSIS|FINAL LOT RELEASE|SHIP LOT|FINAL CD INSPECTION|FINAL PARTICLE INSPECTION|PARAMETRIC TEST|SWITCHING TEST|WAFER SORT TEST|FINAL LOT RELEASE|SHIP LOT|FINAL CD INSPECTION|FINAL PARTICLE INSPECTION|PARAMETRIC TEST|SWITCHING TEST|WAFER SORT TEST|FINAL LOT RELEASE|SHIP LOT|FINAL CD INSPECTION|FINAL PARTICLE INSPECTION|PARAMETRIC TEST|SWITCHING TEST|WAFER SORT TEST|FINAL LOT RELEASE|SHIP LOT|FINAL CD INSPECTION|FINAL PARTICLE INSPECTION|PARAMETRIC TEST|SWITCHING TEST|WAFER SORT TEST|FINAL LOT RELEASE|SHIP LOT|FINAL CD INSPECTION|FINAL PARTICLE INSPECTION|PARAMETRIC TEST|SWITCHING TEST|FINAL LOT RELEASE|SHIP LOT|FINAL CD INSPECTION|FINAL PARTICLE INSPECTION|PARAMETRIC TEST|SWITCHING TEST|FINAL LOT RELEASE|SHIP LOT|FINAL CD INSPECTION|FINAL PARTICLE INSPECTION|PARAMETRIC TEST|LEAKAGE TEST|BREAKDOWN VOLTAGE TEST|SWITCHING TEST|FINAL LOT RELEASE|SHIP LOT|FINAL CD INSPECTION|FINAL PARTICLE INSPECTION|PARAMETRIC TEST|SWITCHING TEST|WAFER SORT TEST|FINAL LOT RELEASE|SHIP LOT
valid_0199,MEASURE VIA CD|DEPOSIT BARRIER METAL|DEPOSIT METAL SEED|FILL VIA METAL|CMP METAL|MEASURE VIA RESISTANCE|DEPOSIT METAL 1|ANNEAL METAL 1|SPIN COAT PHOTORESIST|SOFT BAKE|ALIGN MASK LEVEL 6|EXPOSE LITHO LEVEL 6|DEVELOP PHOTORESIST|METAL PATTERN INSPECTION|METAL ETCH DRY|STRIP RESIST|CLEAN AFTER METAL ETCH|MEASURE LINE WIDTH|DEPOSIT PASSIVATION|CURE PASSIVATION|MEASURE PASSIVATION QUALITY|OPEN BOND PAD WINDOW|OPEN PAD WINDOW LITHO|DEVELOP PAD WINDOW|PASSIVATION ETCH PAD OPENING|STRIP RESIST|CLEAN PAD OPENING|MEASURE PAD OPENING|BACKSIDE GRIND|MEASURE WAFER THICKNESS|BACKSIDE ETCH CLEAN|BACKSIDE RINSE|BACKSIDE DRY|BACKSIDE METALLIZATION PREP|DEPOSIT BACKSIDE METAL|BACKSIDE ANNEAL|MEASURE BACKSIDE CONTACT|FINAL CLEAN|FINAL THICKNESS MEASURE|FINAL GEOMETRY CHECK|FINAL CD INSPECTION|FINAL PARTICLE INSPECTION|PARAMETRIC TEST|LEAKAGE TEST|BREAKDOWN VOLTAGE TEST|SWITCHING TEST|WAFER SORT TEST|YIELD ANALYSIS|FINAL LOT RELEASE|PACKAGE PREPARATION|SHIP LOT|FINAL CD INSPECTION|FINAL PARTICLE INSPECTION|PARAMETRIC TEST|SWITCHING TEST|YIELD ANALYSIS|FINAL LOT RELEASE|SHIP LOT|FINAL CD INSPECTION|FINAL PARTICLE INSPECTION|PARAMETRIC TEST|SWITCHING TEST|WAFER SORT TEST|FINAL LOT RELEASE|SHIP LOT|FINAL CD INSPECTION|FINAL PARTICLE INSPECTION|PARAMETRIC TEST|SWITCHING TEST|WAFER SORT TEST|FINAL LOT RELEASE|SHIP LOT|FINAL CD INSPECTION|FINAL PARTICLE INSPECTION|PARAMETRIC TEST|SWITCHING TEST|FINAL LOT RELEASE|SHIP LOT|FINAL CD INSPECTION|FINAL PARTICLE INSPECTION
valid_0200,STRIP RESIST|CLEAN PAD OPENING|MEASURE PAD OPENING|BACKSIDE GRIND|MEASURE WAFER THICKNESS|BACKSIDE ETCH CLEAN|BACKSIDE RINSE|BACKSIDE DRY|BACKSIDE METALLIZATION PREP|DEPOSIT BACKSIDE METAL|BACKSIDE ANNEAL|MEASURE BACKSIDE CONTACT|FINAL CLEAN|FINAL THICKNESS MEASURE|FINAL GEOMETRY CHECK|FINAL CD INSPECTION|FINAL PARTICLE INSPECTION|PARAMETRIC TEST|LEAKAGE TEST|BREAKDOWN VOLTAGE TEST|SWITCHING TEST|WAFER SORT TEST|YIELD ANALYSIS|FINAL LOT RELEASE|PACKAGE PREPARATION|SHIP LOT|FINAL CD INSPECTION|FINAL PARTICLE INSPECTION|PARAMETRIC TEST|SWITCHING TEST|YIELD ANALYSIS|FINAL LOT RELEASE|SHIP LOT|FINAL CD INSPECTION|FINAL PARTICLE INSPECTION|PARAMETRIC TEST|SWITCHING TEST|WAFER SORT TEST|FINAL LOT RELEASE|SHIP LOT|FINAL CD INSPECTION|FINAL PARTICLE INSPECTION|PARAMETRIC TEST|SWITCHING TEST|WAFER SORT TEST|FINAL LOT RELEASE|SHIP LOT|FINAL CD INSPECTION|FINAL PARTICLE INSPECTION|PARAMETRIC TEST|SWITCHING TEST|FINAL LOT RELEASE|SHIP LOT|FINAL CD INSPECTION|FINAL PARTICLE INSPECTION|PARAMETRIC TEST|SWITCHING TEST|FINAL LOT RELEASE|SHIP LOT|FINAL CD INSPECTION|FINAL PARTICLE INSPECTION|PARAMETRIC TEST|SWITCHING TEST|FINAL LOT RELEASE|SHIP LOT|FINAL CD INSPECTION|FINAL PARTICLE INSPECTION|PARAMETRIC TEST|LEAKAGE TEST|BREAKDOWN VOLTAGE TEST|SWITCHING TEST|FINAL LOT RELEASE|SHIP LOT|FINAL CD INSPECTION|FINAL PARTICLE INSPECTION|PARAMETRIC TEST|SWITCHING TEST|WAFER SORT TEST|FINAL LOT RELEASE|SHIP LOT
valid_0201,CMP DIELECTRIC|MEASURE SURFACE PLANARITY|SPIN COAT PHOTORESIST|SOFT BAKE|ALIGN MASK LEVEL 5|EXPOSE LITHO LEVEL 5|DEVELOP PHOTORESIST|VIA OPENING INSPECTION|VIA ETCH|STRIP PHOTORESIST|CLEAN AFTER VIA ETCH|MEASURE VIA CD|DEPOSIT BARRIER METAL|DEPOSIT METAL SEED|FILL VIA METAL|CMP METAL|MEASURE VIA RESISTANCE|DEPOSIT METAL 1|ANNEAL METAL 1|SPIN COAT PHOTORESIST|SOFT BAKE|ALIGN MASK LEVEL 6|EXPOSE LITHO LEVEL 6|DEVELOP PHOTORESIST|METAL PATTERN INSPECTION|METAL ETCH DRY|STRIP PHOTORESIST|CLEAN AFTER METAL ETCH|MEASURE LINE WIDTH|DEPOSIT PASSIVATION|CURE PASSIVATION|MEASURE PASSIVATION QUALITY|OPEN BOND PAD WINDOW|OPEN PAD WINDOW LITHO|DEVELOP PAD WINDOW|PASSIVATION ETCH PAD OPENING|STRIP PHOTORESIST|CLEAN PAD OPENING|MEASURE PAD OPENING|BACKSIDE GRIND|MEASURE WAFER THICKNESS|BACKSIDE ETCH CLEAN|BACKSIDE RINSE|BACKSIDE DRY|BACKSIDE METALLIZATION PREP|DEPOSIT BACKSIDE METAL|BACKSIDE ANNEAL|MEASURE BACKSIDE CONTACT|FINAL CLEAN|FINAL THICKNESS MEASURE|FINAL GEOMETRY CHECK|FINAL CD INSPECTION|FINAL PARTICLE INSPECTION|PARAMETRIC TEST|LEAKAGE TEST|BREAKDOWN VOLTAGE TEST|SWITCHING TEST|YIELD ANALYSIS|WAFER SORT TEST|LOT RELEASE|SHIP LOT|FINAL CD INSPECTION|FINAL PARTICLE INSPECTION|PARAMETRIC TEST|SWITCHING TEST|FINAL LOT RELEASE|SHIP LOT|FINAL CD INSPECTION|FINAL PARTICLE INSPECTION|PARAMETRIC TEST|SWITCHING TEST|WAFER SORT TEST|FINAL LOT RELEASE|SHIP LOT|FINAL CD INSPECTION|FINAL PARTICLE INSPECTION|PARAMETRIC TEST|SWITCHING TEST|FINAL LOT RELEASE|SHIP LOT
valid_0202,DEPOSIT PASSIVATION|CURE PASSIVATION|MEASURE PASSIVATION QUALITY|OPEN BOND PAD WINDOW|OPEN PAD WINDOW LITHO|DEVELOP PAD WINDOW|PASSIVATION ETCH PAD OPENING|STRIP PHOTORESIST|CLEAN PAD OPENING|MEASURE PAD OPENING|BACKSIDE GRIND|MEASURE WAFER THICKNESS|BACKSIDE ETCH CLEAN|BACKSIDE RINSE|BACKSIDE DRY|BACKSIDE METALLIZATION PREP|DEPOSIT BACKSIDE METAL|BACKSIDE ANNEAL|MEASURE BACKSIDE CONTACT|FINAL CLEAN|FINAL THICKNESS MEASURE|FINAL GEOMETRY CHECK|FINAL CD INSPECTION|FINAL PARTICLE INSPECTION|PARAMETRIC TEST|LEAKAGE TEST|BREAKDOWN VOLTAGE TEST|SWITCHING TEST|YIELD ANALYSIS|WAFER SORT TEST|LOT RELEASE|SHIP LOT|FINAL CD INSPECTION|FINAL PARTICLE INSPECTION|PARAMETRIC TEST|SWITCHING TEST|FINAL LOT RELEASE|SHIP LOT|FINAL CD INSPECTION|FINAL PARTICLE INSPECTION|PARAMETRIC TEST|SWITCHING TEST|WAFER SORT TEST|FINAL LOT RELEASE|SHIP LOT|FINAL CD INSPECTION|FINAL PARTICLE INSPECTION|PARAMETRIC TEST|SWITCHING TEST|FINAL LOT RELEASE|SHIP LOT|FINAL CD INSPECTION|FINAL PARTICLE INSPECTION|PARAMETRIC TEST|LEAKAGE TEST|BREAKDOWN VOLTAGE TEST|SWITCHING TEST|FINAL LOT RELEASE|SHIP LOT|FINAL CD INSPECTION|FINAL PARTICLE INSPECTION|PARAMETRIC TEST|LEAKAGE TEST|BREAKDOWN VOLTAGE TEST|SWITCHING TEST|WAFER SORT TEST|FINAL LOT RELEASE|SHIP LOT|FINAL CD INSPECTION|FINAL PARTICLE INSPECTION|PARAMETRIC TEST|LEAKAGE TEST|BREAKDOWN VOLTAGE TEST|SWITCHING TEST|WAFER SORT TEST|FINAL LOT RELEASE|SHIP LOT|FINAL CD INSPECTION|FINAL PARTICLE INSPECTION|PARAMETRIC TEST
valid_0203,SPIN COAT PHOTORESIST|SOFT BAKE|ALIGN MASK LEVEL 5|EXPOSE LITHO LEVEL 5|DEVELOP PHOTORESIST|VIA OPENING INSPECTION|VIA ETCH|STRIP PHOTORESIST|CLEAN AFTER VIA ETCH|MEASURE VIA CD|DEPOSIT BARRIER METAL|DEPOSIT METAL SEED|FILL VIA METAL|CMP METAL|MEASURE VIA RESISTANCE|DEPOSIT TOP METAL|ANNEAL METAL 1|SPIN COAT PHOTORESIST|SOFT BAKE|ALIGN MASK LEVEL 6|EXPOSE LITHO LEVEL 6|DEVELOP PHOTORESIST|METAL PATTERN INSPECTION|METAL ETCH DRY|STRIP PHOTORESIST|CLEAN AFTER METAL ETCH|MEASURE LINE WIDTH|DEPOSIT PASSIVATION|CURE PASSIVATION|MEASURE PASSIVATION QUALITY|OPEN BOND PAD WINDOW|OPEN PAD WINDOW LITHO|DEVELOP PAD WINDOW|PASSIVATION ETCH PAD OPENING|STRIP PHOTORESIST|CLEAN PAD OPENING|MEASURE PAD OPENING|BACKSIDE GRIND|MEASURE WAFER THICKNESS|BACKSIDE ETCH CLEAN|BACKSIDE RINSE|BACKSIDE DRY|BACKSIDE METALLIZATION PREP|DEPOSIT BACKSIDE METAL|BACKSIDE ANNEAL|MEASURE BACKSIDE CONTACT|FINAL CLEAN|FINAL THICKNESS MEASURE|FINAL GEOMETRY CHECK|FINAL CD INSPECTION|FINAL PARTICLE INSPECTION|PARAMETRIC TEST|LEAKAGE TEST|BREAKDOWN VOLTAGE TEST|SWITCHING TEST|YIELD ANALYSIS|WAFER SORT TEST|LOT RELEASE|SHIP LOT|FINAL CD INSPECTION|FINAL PARTICLE INSPECTION|ELECTRICAL PARAMETRIC TEST|LEAKAGE TEST|BREAKDOWN VOLTAGE TEST|SWITCHING TEST|FINAL LOT RELEASE|SHIP LOT|FINAL CD INSPECTION|FINAL PARTICLE INSPECTION|PARAMETRIC TEST|SWITCHING TEST|WAFER SORT TEST|FINAL LOT RELEASE|SHIP LOT|FINAL CD INSPECTION|FINAL PARTICLE INSPECTION|PARAMETRIC TEST|SWITCHING TEST|FINAL LOT RELEASE|SHIP LOT
valid_0204,DEPOSIT PASSIVATION|CURE PASSIVATION|MEASURE PASSIVATION QUALITY|OPEN BOND PAD WINDOW|OPEN PAD WINDOW LITHO|DEVELOP PAD WINDOW|PASSIVATION ETCH PAD OPENING|STRIP PHOTORESIST|CLEAN PAD OPENING|MEASURE PAD OPENING|BACKSIDE GRIND|MEASURE WAFER THICKNESS|BACKSIDE ETCH CLEAN|BACKSIDE RINSE|BACKSIDE DRY|BACKSIDE METALLIZATION PREP|DEPOSIT BACKSIDE METAL|BACKSIDE ANNEAL|MEASURE BACKSIDE CONTACT|FINAL CLEAN|FINAL THICKNESS MEASURE|FINAL GEOMETRY CHECK|FINAL CD INSPECTION|FINAL PARTICLE INSPECTION|PARAMETRIC TEST|LEAKAGE TEST|BREAKDOWN VOLTAGE TEST|SWITCHING TEST|YIELD ANALYSIS|WAFER SORT TEST|LOT RELEASE|SHIP LOT|FINAL CD INSPECTION|FINAL PARTICLE INSPECTION|PARAMETRIC TEST|SWITCHING TEST|FINAL LOT RELEASE|SHIP LOT|IMPLANT P BODY|BREAKDOWN VOLTAGE TEST|SWITCHING TEST|WAFER SORT TEST|FINAL LOT RELEASE|SHIP LOT|FINAL CD INSPECTION|FINAL PARTICLE INSPECTION|PARAMETRIC TEST|SWITCHING TEST|FINAL LOT RELEASE|SHIP LOT|FINAL CD INSPECTION|FINAL PARTICLE INSPECTION|PARAMETRIC TEST|LEAKAGE TEST|BREAKDOWN VOLTAGE TEST|SWITCHING TEST|FINAL LOT RELEASE|SHIP LOT|FINAL CD INSPECTION|FINAL PARTICLE INSPECTION|PARAMETRIC TEST|SWITCHING TEST|WAFER SORT TEST|LOT RELEASE|SHIP LOT|IMPLANT P BODY|BREAKDOWN VOLTAGE TEST|SWITCHING TEST|WAFER SORT TEST|FINAL LOT RELEASE|SHIP LOT|FINAL CD INSPECTION|FINAL PARTICLE INSPECTION|PARAMETRIC TEST|LEAKAGE TEST|BREAKDOWN VOLTAGE TEST|SWITCHING TEST|WAFER SORT TEST|FINAL LOT RELEASE|SHIP LOT
valid_0205,SPIN COAT PHOTORESIST|SOFT BAKE|ALIGN MASK LEVEL 5|EXPOSE LITHO LEVEL 5|DEVELOP PHOTORESIST|VIA OPENING INSPECTION|VIA ETCH|STRIP PHOTORESIST|CLEAN AFTER VIA ETCH|MEASURE VIA CD|DEPOSIT BARRIER METAL|DEPOSIT METAL SEED|FILL VIA METAL|CMP METAL|MEASURE VIA RESISTANCE|DEPOSIT METAL 1|ANNEAL METAL 1|SPIN COAT PHOTORESIST|SOFT BAKE|ALIGN MASK LEVEL 6|EXPOSE LITHO LEVEL 6|DEVELOP PHOTORESIST|METAL PATTERN INSPECTION|METAL ETCH DRY|STRIP PHOTORESIST|CLEAN AFTER METAL ETCH|MEASURE LINE WIDTH|DEPOSIT PASSIVATION|CURE PASSIVATION|MEASURE PASSIVATION QUALITY|OPEN BOND PAD WINDOW|OPEN PAD WINDOW LITHO|DEVELOP PAD WINDOW|PASSIVATION ETCH PAD OPENING|STRIP PHOTORESIST|CLEAN PAD OPENING|MEASURE PAD OPENING|BACKSIDE GRIND|MEASURE WAFER THICKNESS|BACKSIDE ETCH CLEAN|BACKSIDE RINSE|BACKSIDE DRY|BACKSIDE METALLIZATION PREP|DEPOSIT BACKSIDE METAL|BACKSIDE ANNEAL|MEASURE BACKSIDE CONTACT|FINAL CLEAN|FINAL THICKNESS MEASURE|FINAL GEOMETRY CHECK|FINAL CD INSPECTION|FINAL PARTICLE INSPECTION|PARAMETRIC TEST|LEAKAGE TEST|BREAKDOWN VOLTAGE TEST|SWITCHING TEST|YIELD ANALYSIS|WAFER SORT TEST|LOT RELEASE|SHIP LOT|FINAL CD INSPECTION|FINAL PARTICLE INSPECTION|PARAMETRIC TEST|SWITCHING TEST|FINAL LOT RELEASE|SHIP LOT|FINAL CD INSPECTION|FINAL PARTICLE INSPECTION|PARAMETRIC TEST|SWITCHING TEST|WAFER SORT TEST|FINAL LOT RELEASE|SHIP LOT|FINAL CD INSPECTION|FINAL PARTICLE INSPECTION|PARAMETRIC TEST|SWITCHING TEST|FINAL LOT RELEASE|SHIP LOT|FINAL CD INSPECTION|FINAL PARTICLE INSPECTION
valid_0206,CURE PASSIVATION|MEASURE PASSIVATION QUALITY|OPEN BOND PAD WINDOW|OPEN PAD WINDOW LITHO|DEVELOP PAD WINDOW|PASSIVATION ETCH PAD OPENING|STRIP PHOTORESIST|CLEAN PAD OPENING|MEASURE PAD OPENING|BACKSIDE GRIND|MEASURE WAFER THICKNESS|BACKSIDE ETCH CLEAN|BACKSIDE RINSE|BACKSIDE DRY|BACKSIDE METALLIZATION PREP|DEPOSIT BACKSIDE METAL|BACKSIDE ANNEAL|MEASURE BACKSIDE CONTACT|FINAL CLEAN|FINAL THICKNESS MEASURE|FINAL GEOMETRY CHECK|FINAL CD INSPECTION|FINAL PARTICLE INSPECTION|PARAMETRIC TEST|LEAKAGE TEST|BREAKDOWN VOLTAGE TEST|SWITCHING TEST|YIELD ANALYSIS|WAFER SORT TEST|LOT RELEASE|SHIP LOT|FINAL CD INSPECTION|FINAL PARTICLE INSPECTION|PARAMETRIC TEST|SWITCHING TEST|FINAL LOT RELEASE|SHIP LOT|FINAL CD INSPECTION|FINAL PARTICLE INSPECTION|PARAMETRIC TEST|SWITCHING TEST|WAFER SORT TEST|FINAL LOT RELEASE|SHIP LOT|FINAL CD INSPECTION|FINAL PARTICLE INSPECTION|PARAMETRIC TEST|SWITCHING TEST|FINAL LOT RELEASE|SHIP LOT|FINAL CD INSPECTION|FINAL PARTICLE INSPECTION|PARAMETRIC TEST|LEAKAGE TEST|BREAKDOWN VOLTAGE TEST|SWITCHING TEST|FINAL LOT RELEASE|SHIP LOT|FINAL CD INSPECTION|FINAL PARTICLE INSPECTION|PARAMETRIC TEST|LEAKAGE TEST|BREAKDOWN VOLTAGE TEST|SWITCHING TEST|WAFER SORT TEST|FINAL LOT RELEASE|SHIP LOT|FINAL CD INSPECTION|FINAL PARTICLE INSPECTION|PARAMETRIC TEST|LEAKAGE TEST|BREAKDOWN VOLTAGE TEST|SWITCHING TEST|WAFER SORT TEST|FINAL LOT RELEASE|SHIP LOT|FINAL CD INSPECTION|FINAL PARTICLE INSPECTION|PARAMETRIC TEST|LEAKAGE TEST
valid_0207,CMP DIELECTRIC|MEASURE SURFACE PLANARITY|SPIN COAT PHOTORESIST|SOFT BAKE|ALIGN MASK LEVEL 5|EXPOSE LITHO LEVEL 5|DEVELOP PHOTORESIST|VIA OPENING INSPECTION|VIA ETCH|STRIP PHOTORESIST|CLEAN AFTER VIA ETCH|MEASURE VIA CD|DEPOSIT BARRIER METAL|DEPOSIT METAL SEED|FILL VIA METAL|CMP METAL|MEASURE VIA RESISTANCE|DEPOSIT METAL 1|ANNEAL METAL 1|SPIN COAT PHOTORESIST|SOFT BAKE|ALIGN MASK LEVEL 6|EXPOSE LITHO LEVEL 6|DEVELOP PHOTORESIST|METAL PATTERN INSPECTION|METAL ETCH DRY|STRIP RESIST|CLEAN AFTER METAL ETCH|MEASURE LINE WIDTH|DEPOSIT PASSIVATION|CURE PASSIVATION|MEASURE PASSIVATION QUALITY|OPEN BOND PAD WINDOW|OPEN PAD WINDOW LITHO|DEVELOP PAD WINDOW|PASSIVATION ETCH PAD OPENING|STRIP PHOTORESIST|CLEAN PAD OPENING|MEASURE PAD OPENING|BACKSIDE GRIND|MEASURE WAFER THICKNESS|BACKSIDE ETCH CLEAN|BACKSIDE RINSE|BACKSIDE DRY|BACKSIDE METALLIZATION PREP|DEPOSIT BACKSIDE METAL|BACKSIDE ANNEAL|MEASURE BACKSIDE CONTACT|FINAL CLEAN|FINAL THICKNESS MEASURE|FINAL GEOMETRY CHECK|FINAL CD INSPECTION|FINAL PARTICLE INSPECTION|PARAMETRIC TEST|LEAKAGE TEST|BREAKDOWN VOLTAGE TEST|SWITCHING TEST|YIELD ANALYSIS|WAFER SORT TEST|LOT RELEASE|SHIP LOT|FINAL CD INSPECTION|FINAL PARTICLE INSPECTION|PARAMETRIC TEST|SWITCHING TEST|WAFER SORT TEST|LOT RELEASE|SHIP LOT|FINAL CD INSPECTION|FINAL PARTICLE INSPECTION|PARAMETRIC TEST|SWITCHING TEST|FINAL LOT RELEASE|SHIP LOT|FINAL CD INSPECTION|FINAL PARTICLE INSPECTION|PARAMETRIC TEST|LEAKAGE TEST|BREAKDOWN VOLTAGE TEST|SWITCHING TEST
valid_0208,DEPOSIT PASSIVATION|CURE PASSIVATION|MEASURE PASSIVATION QUALITY|OPEN BOND PAD WINDOW|OPEN PAD WINDOW LITHO|DEVELOP PAD WINDOW|PASSIVATION ETCH PAD OPENING|STRIP PHOTORESIST|CLEAN PAD OPENING|MEASURE PAD OPENING|BACKSIDE GRIND|MEASURE WAFER THICKNESS|BACKSIDE ETCH CLEAN|BACKSIDE RINSE|BACKSIDE DRY|BACKSIDE METALLIZATION PREP|DEPOSIT BACKSIDE METAL|BACKSIDE ANNEAL|MEASURE BACKSIDE CONTACT|FINAL CLEAN|FINAL THICKNESS MEASURE|FINAL GEOMETRY CHECK|FINAL CD INSPECTION|FINAL PARTICLE INSPECTION|PARAMETRIC TEST|LEAKAGE TEST|BREAKDOWN VOLTAGE TEST|SWITCHING TEST|YIELD ANALYSIS|WAFER SORT TEST|FINAL LOT RELEASE|SHIP LOT|FINAL CD INSPECTION|FINAL PARTICLE INSPECTION|PARAMETRIC TEST|SWITCHING TEST|WAFER SORT TEST|FINAL LOT RELEASE|SHIP LOT|FINAL CD INSPECTION|FINAL PARTICLE INSPECTION|PARAMETRIC TEST|SWITCHING TEST|FINAL LOT RELEASE|SHIP LOT|FINAL CD INSPECTION|FINAL PARTICLE INSPECTION|PARAMETRIC TEST|LEAKAGE TEST|BREAKDOWN VOLTAGE TEST|SWITCHING TEST|FINAL LOT RELEASE|SHIP LOT|FINAL CD INSPECTION|FINAL PARTICLE INSPECTION|PARAMETRIC TEST|SWITCHING TEST|WAFER SORT TEST|FINAL LOT RELEASE|SHIP LOT|IMPLANT P BODY|BREAKDOWN VOLTAGE TEST|SWITCHING TEST|WAFER SORT TEST|FINAL LOT RELEASE|SHIP LOT|FINAL CD INSPECTION|FINAL PARTICLE INSPECTION|PARAMETRIC TEST|LEAKAGE TEST|BREAKDOWN VOLTAGE TEST|SWITCHING TEST|WAFER SORT TEST|FINAL LOT RELEASE|SHIP LOT|FINAL CD INSPECTION|FINAL PARTICLE INSPECTION|PARAMETRIC TEST|LEAKAGE TEST|BREAKDOWN VOLTAGE TEST
valid_0209,CMP DIELECTRIC|MEASURE SURFACE PLANARITY|SPIN COAT PHOTORESIST|SOFT BAKE|ALIGN MASK LEVEL 5|EXPOSE LITHO LEVEL 5|DEVELOP PHOTORESIST|VIA OPENING INSPECTION|VIA ETCH|STRIP PHOTORESIST|CLEAN AFTER VIA ETCH|MEASURE VIA CD|DEPOSIT BARRIER METAL|DEPOSIT METAL SEED|FILL VIA METAL|CMP METAL|MEASURE VIA RESISTANCE|DEPOSIT METAL 1|ANNEAL METAL 1|SPIN COAT PHOTORESIST|SOFT BAKE|ALIGN MASK LEVEL 6|EXPOSE LITHO LEVEL 6|DEVELOP PHOTORESIST|METAL PATTERN INSPECTION|METAL ETCH DRY|STRIP RESIST|CLEAN AFTER METAL ETCH|MEASURE LINE WIDTH|DEPOSIT PASSIVATION|CURE PASSIVATION|MEASURE PASSIVATION QUALITY|OPEN BOND PAD WINDOW|OPEN PAD WINDOW LITHO|DEVELOP PAD WINDOW|PASSIVATION ETCH PAD OPENING|STRIP PHOTORESIST|CLEAN PAD OPENING|MEASURE PAD OPENING|BACKSIDE GRIND|MEASURE WAFER THICKNESS|BACKSIDE ETCH CLEAN|BACKSIDE RINSE|BACKSIDE DRY|BACKSIDE METALLIZATION PREP|DEPOSIT BACKSIDE METAL|BACKSIDE ANNEAL|MEASURE BACKSIDE CONTACT|FINAL CLEAN|FINAL THICKNESS MEASURE|FINAL GEOMETRY CHECK|FINAL CD INSPECTION|FINAL PARTICLE INSPECTION|PARAMETRIC TEST|LEAKAGE TEST|BREAKDOWN VOLTAGE TEST|SWITCHING TEST|YIELD ANALYSIS|WAFER SORT TEST|LOT RELEASE|SHIP LOT|FINAL CD INSPECTION|FINAL PARTICLE INSPECTION|PARAMETRIC TEST|SWITCHING TEST|FINAL LOT RELEASE|SHIP LOT|FINAL CD INSPECTION|FINAL PARTICLE INSPECTION|PARAMETRIC TEST|SWITCHING TEST|WAFER SORT TEST|FINAL LOT RELEASE|SHIP LOT|FINAL CD INSPECTION|FINAL PARTICLE INSPECTION|PARAMETRIC TEST|LEAKAGE TEST|BREAKDOWN VOLTAGE TEST|SWITCHING TEST
valid_0210,DEPOSIT PASSIVATION|CURE PASSIVATION|MEASURE PASSIVATION QUALITY|OPEN BOND PAD WINDOW|OPEN PAD WINDOW LITHO|DEVELOP PAD WINDOW|PASSIVATION ETCH PAD OPENING|STRIP PHOTORESIST|CLEAN PAD OPENING|MEASURE PAD OPENING|BACKSIDE GRIND|MEASURE WAFER THICKNESS|BACKSIDE ETCH CLEAN|BACKSIDE RINSE|BACKSIDE DRY|BACKSIDE METALLIZATION PREP|DEPOSIT BACKSIDE METAL|BACKSIDE ANNEAL|MEASURE BACKSIDE CONTACT|FINAL CLEAN|FINAL THICKNESS MEASURE|FINAL GEOMETRY CHECK|FINAL CD INSPECTION|FINAL PARTICLE INSPECTION|PARAMETRIC TEST|LEAKAGE TEST|BREAKDOWN VOLTAGE TEST|SWITCHING TEST|YIELD ANALYSIS|WAFER SORT TEST|FINAL LOT RELEASE|SHIP LOT|FINAL CD INSPECTION|FINAL PARTICLE INSPECTION|PARAMETRIC TEST|SWITCHING TEST|WAFER SORT TEST|FINAL LOT RELEASE|SHIP LOT|FINAL CD INSPECTION|FINAL PARTICLE INSPECTION|PARAMETRIC TEST|SWITCHING TEST|FINAL LOT RELEASE|SHIP LOT|FINAL CD INSPECTION|FINAL PARTICLE INSPECTION|PARAMETRIC TEST|LEAKAGE TEST|BREAKDOWN VOLTAGE TEST|SWITCHING TEST|FINAL LOT RELEASE|SHIP LOT|FINAL CD INSPECTION|FINAL PARTICLE INSPECTION|PARAMETRIC TEST|SWITCHING TEST|WAFER SORT TEST|FINAL LOT RELEASE|SHIP LOT|IMPLANT P BODY|BREAKDOWN VOLTAGE TEST|SWITCHING TEST|WAFER SORT TEST|FINAL LOT RELEASE|SHIP LOT|FINAL CD INSPECTION|FINAL PARTICLE INSPECTION|PARAMETRIC TEST|LEAKAGE TEST|BREAKDOWN VOLTAGE TEST|SWITCHING TEST|WAFER SORT TEST|FINAL LOT RELEASE|SHIP LOT|FINAL CD INSPECTION|FINAL PARTICLE INSPECTION|PARAMETRIC TEST|LEAKAGE TEST|BREAKDOWN VOLTAGE TEST
valid_0211,MEASURE SURFACE PLANARITY|SPIN COAT PHOTORESIST|SOFT BAKE|ALIGN MASK LEVEL 5|EXPOSE LITHO LEVEL 5|DEVELOP PHOTORESIST|VIA OPENING INSPECTION|VIA ETCH|STRIP PHOTORESIST|CLEAN AFTER VIA ETCH|MEASURE VIA CD|DEPOSIT BARRIER METAL|DEPOSIT METAL SEED|FILL VIA METAL|CMP METAL|MEASURE VIA RESISTANCE|DEPOSIT METAL 1|ANNEAL METAL 1|SPIN COAT PHOTORESIST|SOFT BAKE|ALIGN MASK LEVEL 6|EXPOSE LITHO LEVEL 6|DEVELOP PHOTORESIST|METAL PATTERN INSPECTION|METAL ETCH DRY|STRIP RESIST|CLEAN AFTER METAL ETCH|MEASURE LINE WIDTH|DEPOSIT PASSIVATION|CURE PASSIVATION|MEASURE PASSIVATION QUALITY|OPEN BOND PAD WINDOW|OPEN PAD WINDOW LITHO|DEVELOP PAD WINDOW|PASSIVATION ETCH PAD OPENING|STRIP PHOTORESIST|CLEAN PAD OPENING|MEASURE PAD OPENING|BACKSIDE GRIND|MEASURE WAFER THICKNESS|BACKSIDE ETCH CLEAN|BACKSIDE RINSE|BACKSIDE DRY|BACKSIDE METALLIZATION PREP|DEPOSIT BACKSIDE METAL|BACKSIDE ANNEAL|MEASURE BACKSIDE CONTACT|FINAL CLEAN|FINAL THICKNESS MEASURE|FINAL GEOMETRY CHECK|FINAL CD INSPECTION|FINAL PARTICLE INSPECTION|PARAMETRIC TEST|LEAKAGE TEST|BREAKDOWN VOLTAGE TEST|SWITCHING TEST|YIELD ANALYSIS|WAFER SORT TEST|LOT RELEASE|SHIP LOT|FINAL CD INSPECTION|FINAL PARTICLE INSPECTION|PARAMETRIC TEST|SWITCHING TEST|FINAL LOT RELEASE|SHIP LOT|FINAL CD INSPECTION|FINAL PARTICLE INSPECTION|PARAMETRIC TEST|SWITCHING TEST|WAFER SORT TEST|FINAL LOT RELEASE|SHIP LOT|FINAL CD INSPECTION|FINAL PARTICLE INSPECTION|PARAMETRIC TEST|SWITCHING TEST|FINAL LOT RELEASE|SHIP LOT|FINAL CD INSPECTION
valid_0212,DEPOSIT PASSIVATION|CURE PASSIVATION|MEASURE PASSIVATION QUALITY|OPEN BOND PAD WINDOW|OPEN PAD WINDOW LITHO|DEVELOP PAD WINDOW|PASSIVATION ETCH PAD OPENING|STRIP PHOTORESIST|CLEAN PAD OPENING|MEASURE PAD OPENING|BACKSIDE GRIND|MEASURE WAFER THICKNESS|BACKSIDE ETCH CLEAN|BACKSIDE RINSE|BACKSIDE DRY|BACKSIDE METALLIZATION PREP|DEPOSIT BACKSIDE METAL|BACKSIDE ANNEAL|MEASURE BACKSIDE CONTACT|FINAL CLEAN|FINAL THICKNESS MEASURE|FINAL GEOMETRY CHECK|FINAL CD INSPECTION|FINAL PARTICLE INSPECTION|PARAMETRIC TEST|LEAKAGE TEST|BREAKDOWN VOLTAGE TEST|SWITCHING TEST|YIELD ANALYSIS|WAFER SORT TEST|FINAL LOT RELEASE|SHIP LOT|FINAL CD INSPECTION|FINAL PARTICLE INSPECTION|PARAMETRIC TEST|SWITCHING TEST|WAFER SORT TEST|FINAL LOT RELEASE|SHIP LOT|FINAL CD INSPECTION|FINAL PARTICLE INSPECTION|PARAMETRIC TEST|SWITCHING TEST|FINAL LOT RELEASE|SHIP LOT|FINAL CD INSPECTION|FINAL PARTICLE INSPECTION|PARAMETRIC TEST|SWITCHING TEST|FINAL LOT RELEASE|SHIP LOT|FINAL CD INSPECTION|FINAL PARTICLE INSPECTION|PARAMETRIC TEST|SWITCHING TEST|WAFER SORT TEST|FINAL LOT RELEASE|SHIP LOT|FINAL CD INSPECTION|FINAL PARTICLE INSPECTION|PARAMETRIC TEST|LEAKAGE TEST|BREAKDOWN VOLTAGE TEST|SWITCHING TEST|WAFER SORT TEST|FINAL LOT RELEASE|SHIP LOT|FINAL CD INSPECTION|FINAL PARTICLE INSPECTION|PARAMETRIC TEST|LEAKAGE TEST|BREAKDOWN VOLTAGE TEST|SWITCHING TEST|WAFER SORT TEST|FINAL LOT RELEASE|SHIP LOT|FINAL CD INSPECTION|FINAL PARTICLE INSPECTION|PARAMETRIC TEST|LEAKAGE TEST
valid_0213,SPIN COAT PHOTORESIST|SOFT BAKE|ALIGN MASK LEVEL 5|EXPOSE LITHO LEVEL 5|DEVELOP PHOTORESIST|VIA OPENING INSPECTION|VIA ETCH|STRIP PHOTORESIST|CLEAN AFTER VIA ETCH|MEASURE VIA CD|DEPOSIT BARRIER METAL|DEPOSIT METAL SEED|FILL VIA METAL|CMP METAL|MEASURE VIA RESISTANCE|DEPOSIT METAL 1|ANNEAL METAL 1|SPIN COAT PHOTORESIST|SOFT BAKE|ALIGN MASK LEVEL 6|EXPOSE LITHO LEVEL 6|DEVELOP PHOTORESIST|METAL PATTERN INSPECTION|METAL ETCH DRY|STRIP PHOTORESIST|CLEAN AFTER METAL ETCH|MEASURE LINE WIDTH|DEPOSIT PASSIVATION|CURE PASSIVATION|MEASURE PASSIVATION QUALITY|OPEN BOND PAD WINDOW|OPEN PAD WINDOW LITHO|DEVELOP PAD WINDOW|PASSIVATION ETCH PAD OPENING|STRIP PHOTORESIST|CLEAN PAD OPENING|MEASURE PAD OPENING|BACKSIDE GRIND|MEASURE WAFER THICKNESS|BACKSIDE ETCH CLEAN|BACKSIDE RINSE|BACKSIDE DRY|BACKSIDE METALLIZATION PREP|DEPOSIT BACKSIDE METAL|BACKSIDE ANNEAL|MEASURE BACKSIDE CONTACT|FINAL CLEAN|FINAL THICKNESS MEASURE|FINAL GEOMETRY CHECK|FINAL CD INSPECTION|FINAL PARTICLE INSPECTION|PARAMETRIC TEST|LEAKAGE TEST|BREAKDOWN VOLTAGE TEST|SWITCHING TEST|YIELD ANALYSIS|WAFER SORT TEST|LOT RELEASE|SHIP LOT|FINAL CD INSPECTION|FINAL PARTICLE INSPECTION|PARAMETRIC TEST|SWITCHING TEST|FINAL LOT RELEASE|SHIP LOT|FINAL CD INSPECTION|FINAL PARTICLE INSPECTION|PARAMETRIC TEST|SWITCHING TEST|WAFER SORT TEST|FINAL LOT RELEASE|SHIP LOT|FINAL CD INSPECTION|FINAL PARTICLE INSPECTION|PARAMETRIC TEST|SWITCHING TEST|FINAL LOT RELEASE|SHIP LOT|FINAL CD INSPECTION|FINAL PARTICLE INSPECTION
valid_0214,CURE PASSIVATION|MEASURE PASSIVATION QUALITY|OPEN BOND PAD WINDOW|OPEN PAD WINDOW LITHO|DEVELOP PAD WINDOW|PASSIVATION ETCH PAD OPENING|STRIP PHOTORESIST|CLEAN PAD OPENING|MEASURE PAD OPENING|BACKSIDE GRIND|MEASURE WAFER THICKNESS|BACKSIDE ETCH CLEAN|BACKSIDE RINSE|BACKSIDE DRY|BACKSIDE METALLIZATION PREP|DEPOSIT BACKSIDE METAL|BACKSIDE ANNEAL|MEASURE BACKSIDE CONTACT|FINAL CLEAN|FINAL THICKNESS MEASURE|FINAL GEOMETRY CHECK|FINAL CD INSPECTION|FINAL PARTICLE INSPECTION|PARAMETRIC TEST|LEAKAGE TEST|BREAKDOWN VOLTAGE TEST|SWITCHING TEST|YIELD ANALYSIS|WAFER SORT TEST|LOT RELEASE|SHIP LOT|FINAL CD INSPECTION|FINAL PARTICLE INSPECTION|PARAMETRIC TEST|SWITCHING TEST|FINAL LOT RELEASE|SHIP LOT|FINAL CD INSPECTION|FINAL PARTICLE INSPECTION|PARAMETRIC TEST|SWITCHING TEST|WAFER SORT TEST|FINAL LOT RELEASE|SHIP LOT|FINAL CD INSPECTION|FINAL PARTICLE INSPECTION|PARAMETRIC TEST|SWITCHING TEST|FINAL LOT RELEASE|SHIP LOT|FINAL CD INSPECTION|FINAL PARTICLE INSPECTION|PARAMETRIC TEST|LEAKAGE TEST|BREAKDOWN VOLTAGE TEST|SWITCHING TEST|FINAL LOT RELEASE|SHIP LOT|FINAL CD INSPECTION|FINAL PARTICLE INSPECTION|PARAMETRIC TEST|LEAKAGE TEST|BREAKDOWN VOLTAGE TEST|SWITCHING TEST|WAFER SORT TEST|FINAL LOT RELEASE|SHIP LOT|FINAL CD INSPECTION|FINAL PARTICLE INSPECTION|PARAMETRIC TEST|LEAKAGE TEST|BREAKDOWN VOLTAGE TEST|SWITCHING TEST|WAFER SORT TEST|FINAL LOT RELEASE|SHIP LOT|FINAL CD INSPECTION|FINAL PARTICLE INSPECTION|PARAMETRIC TEST|LEAKAGE TEST
valid_0215,MEASURE SURFACE PLANARITY|SPIN COAT PHOTORESIST|SOFT BAKE|ALIGN MASK LEVEL 5|EXPOSE LITHO LEVEL 5|DEVELOP PHOTORESIST|VIA OPENING INSPECTION|VIA ETCH|STRIP PHOTORESIST|CLEAN AFTER VIA ETCH|MEASURE VIA CD|DEPOSIT BARRIER METAL|DEPOSIT METAL SEED|FILL VIA METAL|CMP METAL|MEASURE VIA RESISTANCE|DEPOSIT METAL 1|ANNEAL METAL 1|SPIN COAT PHOTORESIST|SOFT BAKE|ALIGN MASK LEVEL 6|EXPOSE LITHO LEVEL 6|DEVELOP PHOTORESIST|METAL PATTERN INSPECTION|METAL ETCH DRY|STRIP PHOTORESIST|CLEAN AFTER METAL ETCH|MEASURE LINE WIDTH|DEPOSIT PASSIVATION|CURE PASSIVATION|MEASURE PASSIVATION QUALITY|OPEN BOND PAD WINDOW|OPEN PAD WINDOW LITHO|DEVELOP PAD WINDOW|PASSIVATION ETCH PAD OPENING|STRIP PHOTORESIST|CLEAN PAD OPENING|MEASURE PAD OPENING|BACKSIDE GRIND|MEASURE WAFER THICKNESS|BACKSIDE ETCH CLEAN|BACKSIDE RINSE|BACKSIDE DRY|BACKSIDE METALLIZATION PREP|DEPOSIT BACKSIDE METAL|BACKSIDE ANNEAL|MEASURE BACKSIDE CONTACT|FINAL CLEAN|FINAL THICKNESS MEASURE|FINAL GEOMETRY CHECK|FINAL CD INSPECTION|FINAL PARTICLE INSPECTION|PARAMETRIC TEST|LEAKAGE TEST|BREAKDOWN VOLTAGE TEST|SWITCHING TEST|YIELD ANALYSIS|WAFER SORT TEST|LOT RELEASE|SHIP LOT|FINAL CD INSPECTION|FINAL PARTICLE INSPECTION|PARAMETRIC TEST|SWITCHING TEST|FINAL LOT RELEASE|SHIP LOT|FINAL CD INSPECTION|FINAL PARTICLE INSPECTION|PARAMETRIC TEST|SWITCHING TEST|WAFER SORT TEST|FINAL LOT RELEASE|SHIP LOT|FINAL CD INSPECTION|FINAL PARTICLE INSPECTION|PARAMETRIC TEST|SWITCHING TEST|FINAL LOT RELEASE|SHIP LOT|FINAL CD INSPECTION
valid_0216,MEASURE PASSIVATION QUALITY|OPEN BOND PAD WINDOW|OPEN PAD WINDOW LITHO|DEVELOP PAD WINDOW|PASSIVATION ETCH PAD OPENING|STRIP PHOTORESIST|CLEAN PAD OPENING|MEASURE PAD OPENING|BACKSIDE GRIND|MEASURE WAFER THICKNESS|BACKSIDE ETCH CLEAN|BACKSIDE RINSE|BACKSIDE DRY|BACKSIDE METALLIZATION PREP|DEPOSIT BACKSIDE METAL|BACKSIDE ANNEAL|MEASURE BACKSIDE CONTACT|FINAL CLEAN|FINAL THICKNESS MEASURE|FINAL GEOMETRY CHECK|FINAL CD INSPECTION|FINAL PARTICLE INSPECTION|PARAMETRIC TEST|LEAKAGE TEST|BREAKDOWN VOLTAGE TEST|SWITCHING TEST|YIELD ANALYSIS|WAFER SORT TEST|LOT RELEASE|SHIP LOT|FINAL CD INSPECTION|FINAL PARTICLE INSPECTION|PARAMETRIC TEST|SWITCHING TEST|FINAL LOT RELEASE|SHIP LOT|FINAL CD INSPECTION|FINAL PARTICLE INSPECTION|PARAMETRIC TEST|SWITCHING TEST|WAFER SORT TEST|FINAL LOT RELEASE|SHIP LOT|FINAL CD INSPECTION|FINAL PARTICLE INSPECTION|PARAMETRIC TEST|SWITCHING TEST|FINAL LOT RELEASE|SHIP LOT|FINAL CD INSPECTION|FINAL PARTICLE INSPECTION|PARAMETRIC TEST|LEAKAGE TEST|BREAKDOWN VOLTAGE TEST|SWITCHING TEST|FINAL LOT RELEASE|SHIP LOT|FINAL CD INSPECTION|FINAL PARTICLE INSPECTION|PARAMETRIC TEST|SWITCHING TEST|WAFER SORT TEST|FINAL LOT RELEASE|SHIP LOT|IMPLANT P BODY|LEAKAGE TEST|BREAKDOWN VOLTAGE TEST|SWITCHING TEST|WAFER SORT TEST|FINAL LOT RELEASE|SHIP LOT|FINAL CD INSPECTION|FINAL PARTICLE INSPECTION|PARAMETRIC TEST|LEAKAGE TEST|BREAKDOWN VOLTAGE TEST|SWITCHING TEST|WAFER SORT TEST|FINAL LOT RELEASE|SHIP LOT
valid_0217,CMP DIELECTRIC|MEASURE SURFACE PLANARITY|SPIN COAT PHOTORESIST|SOFT BAKE|ALIGN MASK LEVEL 5|EXPOSE LITHO LEVEL 5|DEVELOP PHOTORESIST|VIA OPENING INSPECTION|VIA ETCH|STRIP PHOTORESIST|CLEAN AFTER VIA ETCH|MEASURE VIA CD|DEPOSIT BARRIER METAL|DEPOSIT METAL SEED|FILL VIA METAL|CMP METAL|MEASURE VIA RESISTANCE|DEPOSIT METAL 1|ANNEAL METAL 1|SPIN COAT PHOTORESIST|SOFT BAKE|ALIGN MASK LEVEL 6|EXPOSE LITHO LEVEL 6|DEVELOP PHOTORESIST|METAL PATTERN INSPECTION|METAL ETCH DRY|STRIP RESIST|CLEAN AFTER METAL ETCH|MEASURE LINE WIDTH|DEPOSIT PASSIVATION|CURE PASSIVATION|MEASURE PASSIVATION QUALITY|OPEN BOND PAD WINDOW|OPEN PAD WINDOW LITHO|DEVELOP PAD WINDOW|PASSIVATION ETCH PAD OPENING|STRIP PHOTORESIST|CLEAN PAD OPENING|MEASURE PAD OPENING|BACKSIDE GRIND|MEASURE WAFER THICKNESS|BACKSIDE ETCH CLEAN|BACKSIDE RINSE|BACKSIDE DRY|BACKSIDE METALLIZATION PREP|DEPOSIT BACKSIDE METAL|BACKSIDE ANNEAL|MEASURE BACKSIDE CONTACT|FINAL CLEAN|FINAL THICKNESS MEASURE|FINAL GEOMETRY CHECK|FINAL CD INSPECTION|FINAL PARTICLE INSPECTION|PARAMETRIC TEST|LEAKAGE TEST|BREAKDOWN VOLTAGE TEST|SWITCHING TEST|YIELD ANALYSIS|WAFER SORT TEST|LOT RELEASE|SHIP LOT|FINAL CD INSPECTION|FINAL PARTICLE INSPECTION|PARAMETRIC TEST|SWITCHING TEST|WAFER SORT TEST|LOT RELEASE|SHIP LOT|FINAL CD INSPECTION|FINAL PARTICLE INSPECTION|PARAMETRIC TEST|SWITCHING TEST|FINAL LOT RELEASE|SHIP LOT|FINAL CD INSPECTION|FINAL PARTICLE INSPECTION|PARAMETRIC TEST|LEAKAGE TEST|BREAKDOWN VOLTAGE TEST|SWITCHING TEST
valid_0218,MEASURE LINE WIDTH|DEPOSIT PASSIVATION|CURE PASSIVATION|MEASURE PASSIVATION QUALITY|OPEN BOND PAD WINDOW|OPEN PAD WINDOW LITHO|DEVELOP PAD WINDOW|PASSIVATION ETCH PAD OPENING|STRIP PHOTORESIST|CLEAN PAD OPENING|MEASURE PAD OPENING|BACKSIDE GRIND|MEASURE WAFER THICKNESS|BACKSIDE ETCH CLEAN|BACKSIDE RINSE|BACKSIDE DRY|BACKSIDE METALLIZATION PREP|DEPOSIT BACKSIDE METAL|BACKSIDE ANNEAL|MEASURE BACKSIDE CONTACT|FINAL CLEAN|FINAL THICKNESS MEASURE|FINAL GEOMETRY CHECK|FINAL CD INSPECTION|FINAL PARTICLE INSPECTION|PARAMETRIC TEST|LEAKAGE TEST|BREAKDOWN VOLTAGE TEST|SWITCHING TEST|YIELD ANALYSIS|WAFER SORT TEST|FINAL LOT RELEASE|SHIP LOT|FINAL CD INSPECTION|FINAL PARTICLE INSPECTION|PARAMETRIC TEST|SWITCHING TEST|WAFER SORT TEST|FINAL LOT RELEASE|SHIP LOT|FINAL CD INSPECTION|FINAL PARTICLE INSPECTION|PARAMETRIC TEST|SWITCHING TEST|FINAL LOT RELEASE|SHIP LOT|FINAL CD INSPECTION|FINAL PARTICLE INSPECTION|PARAMETRIC TEST|LEAKAGE TEST|BREAKDOWN VOLTAGE TEST|SWITCHING TEST|FINAL LOT RELEASE|SHIP LOT|FINAL CD INSPECTION|FINAL PARTICLE INSPECTION|PARAMETRIC TEST|SWITCHING TEST|WAFER SORT TEST|FINAL LOT RELEASE|SHIP LOT|IMPLANT P BODY|BREAKDOWN VOLTAGE TEST|SWITCHING TEST|WAFER SORT TEST|FINAL LOT RELEASE|SHIP LOT|FINAL CD INSPECTION|FINAL PARTICLE INSPECTION|PARAMETRIC TEST|LEAKAGE TEST|BREAKDOWN VOLTAGE TEST|SWITCHING TEST|WAFER SORT TEST|FINAL LOT RELEASE|SHIP LOT|FINAL CD INSPECTION|FINAL PARTICLE INSPECTION|PARAMETRIC TEST|LEAKAGE TEST
valid_0219,SOFT BAKE|ALIGN MASK LEVEL 5|EXPOSE LITHO LEVEL 5|DEVELOP PHOTORESIST|VIA OPENING INSPECTION|VIA ETCH|STRIP PHOTORESIST|CLEAN AFTER VIA ETCH|MEASURE VIA CD|DEPOSIT BARRIER METAL|DEPOSIT METAL SEED|FILL VIA METAL|CMP METAL|MEASURE VIA RESISTANCE|DEPOSIT METAL 1|ANNEAL METAL 1|SPIN COAT PHOTORESIST|SOFT BAKE|ALIGN MASK LEVEL 6|EXPOSE LITHO LEVEL 6|DEVELOP PHOTORESIST|METAL PATTERN INSPECTION|METAL ETCH DRY|STRIP PHOTORESIST|CLEAN AFTER METAL ETCH|MEASURE LINE WIDTH|DEPOSIT PASSIVATION|CURE PASSIVATION|MEASURE PASSIVATION QUALITY|OPEN BOND PAD WINDOW|OPEN PAD WINDOW LITHO|DEVELOP PHOTORESIST|PASSIVATION ETCH PAD OPENING|STRIP PHOTORESIST|CLEAN PAD OPENING|MEASURE PAD OPENING|BACKSIDE GRIND|MEASURE WAFER THICKNESS|BACKSIDE ETCH CLEAN|BACKSIDE RINSE|BACKSIDE DRY|BACKSIDE METALLIZATION PREP|DEPOSIT BACKSIDE METAL|BACKSIDE ANNEAL|MEASURE BACKSIDE CONTACT|FINAL CLEAN|FINAL THICKNESS MEASURE|FINAL GEOMETRY CHECK|FINAL CD INSPECTION|FINAL PARTICLE INSPECTION|PARAMETRIC TEST|LEAKAGE TEST|BREAKDOWN VOLTAGE TEST|SWITCHING TEST|YIELD ANALYSIS|WAFER SORT TEST|LOT RELEASE|SHIP LOT|FINAL CD INSPECTION|FINAL PARTICLE INSPECTION|ELECTRICAL PARAMETRIC TEST|LEAKAGE TEST|BREAKDOWN VOLTAGE TEST|SWITCHING TEST|FINAL LOT RELEASE|SHIP LOT|FINAL CD INSPECTION|FINAL PARTICLE INSPECTION|PARAMETRIC TEST|SWITCHING TEST|WAFER SORT TEST|FINAL LOT RELEASE|SHIP LOT|FINAL CD INSPECTION|FINAL PARTICLE INSPECTION|PARAMETRIC TEST|SWITCHING TEST|FINAL LOT RELEASE|SHIP LOT|FINAL CD INSPECTION
valid_0220,MEASURE PASSIVATION QUALITY|OPEN BOND PAD WINDOW|OPEN PAD WINDOW LITHO|DEVELOP PAD WINDOW|PASSIVATION ETCH PAD OPENING|STRIP PHOTORESIST|CLEAN PAD OPENING|MEASURE PAD OPENING|BACKSIDE GRIND|MEASURE WAFER THICKNESS|BACKSIDE ETCH CLEAN|BACKSIDE RINSE|BACKSIDE DRY|BACKSIDE METALLIZATION PREP|DEPOSIT BACKSIDE METAL|BACKSIDE ANNEAL|MEASURE BACKSIDE CONTACT|FINAL CLEAN|FINAL THICKNESS MEASURE|FINAL GEOMETRY CHECK|FINAL CD INSPECTION|FINAL PARTICLE INSPECTION|PARAMETRIC TEST|LEAKAGE TEST|BREAKDOWN VOLTAGE TEST|SWITCHING TEST|YIELD ANALYSIS|WAFER SORT TEST|LOT RELEASE|SHIP LOT|FINAL CD INSPECTION|FINAL PARTICLE INSPECTION|PARAMETRIC TEST|SWITCHING TEST|FINAL LOT RELEASE|SHIP LOT|IMPLANT P BODY|BREAKDOWN VOLTAGE TEST|SWITCHING TEST|WAFER SORT TEST|FINAL LOT RELEASE|SHIP LOT|FINAL CD INSPECTION|FINAL PARTICLE INSPECTION|PARAMETRIC TEST|SWITCHING TEST|FINAL LOT RELEASE|SHIP LOT|FINAL CD INSPECTION|FINAL PARTICLE INSPECTION|PARAMETRIC TEST|LEAKAGE TEST|BREAKDOWN VOLTAGE TEST|SWITCHING TEST|FINAL LOT RELEASE|SHIP LOT|FINAL CD INSPECTION|FINAL PARTICLE INSPECTION|PARAMETRIC TEST|SWITCHING TEST|WAFER SORT TEST|LOT RELEASE|SHIP LOT|IMPLANT P BODY|LEAKAGE TEST|BREAKDOWN VOLTAGE TEST|SWITCHING TEST|WAFER SORT TEST|FINAL LOT RELEASE|SHIP LOT|FINAL CD INSPECTION|FINAL PARTICLE INSPECTION|PARAMETRIC TEST|LEAKAGE TEST|BREAKDOWN VOLTAGE TEST|SWITCHING TEST|WAFER SORT TEST|FINAL LOT RELEASE|SHIP LOT|FINAL CD INSPECTION
valid_0221,MEASURE SURFACE PLANARITY|SPIN COAT PHOTORESIST|SOFT BAKE|ALIGN MASK LEVEL 5|EXPOSE LITHO LEVEL 5|DEVELOP PHOTORESIST|VIA OPENING INSPECTION|VIA ETCH|STRIP PHOTORESIST|CLEAN AFTER VIA ETCH|MEASURE VIA CD|DEPOSIT BARRIER METAL|DEPOSIT METAL SEED|FILL VIA METAL|CMP METAL|MEASURE VIA RESISTANCE|DEPOSIT METAL 1|ANNEAL METAL 1|SPIN COAT PHOTORESIST|SOFT BAKE|ALIGN MASK LEVEL 6|EXPOSE LITHO LEVEL 6|DEVELOP PHOTORESIST|METAL PATTERN INSPECTION|METAL ETCH DRY|STRIP PHOTORESIST|CLEAN AFTER METAL ETCH|MEASURE LINE WIDTH|DEPOSIT PASSIVATION|CURE PASSIVATION|MEASURE PASSIVATION QUALITY|OPEN BOND PAD WINDOW|OPEN PAD WINDOW LITHO|DEVELOP PAD WINDOW|PASSIVATION ETCH PAD OPENING|STRIP PHOTORESIST|CLEAN PAD OPENING|MEASURE PAD OPENING|BACKSIDE GRIND|MEASURE WAFER THICKNESS|BACKSIDE ETCH CLEAN|BACKSIDE RINSE|BACKSIDE DRY|BACKSIDE METALLIZATION PREP|DEPOSIT BACKSIDE METAL|BACKSIDE ANNEAL|MEASURE BACKSIDE CONTACT|FINAL CLEAN|FINAL THICKNESS MEASURE|FINAL GEOMETRY CHECK|FINAL CD INSPECTION|FINAL PARTICLE INSPECTION|PARAMETRIC TEST|LEAKAGE TEST|BREAKDOWN VOLTAGE TEST|SWITCHING TEST|YIELD ANALYSIS|WAFER SORT TEST|LOT RELEASE|SHIP LOT|FINAL CD INSPECTION|FINAL PARTICLE INSPECTION|PARAMETRIC TEST|SWITCHING TEST|FINAL LOT RELEASE|SHIP LOT|FINAL CD INSPECTION|FINAL PARTICLE INSPECTION|PARAMETRIC TEST|SWITCHING TEST|WAFER SORT TEST|FINAL LOT RELEASE|SHIP LOT|FINAL CD INSPECTION|FINAL PARTICLE INSPECTION|PARAMETRIC TEST|SWITCHING TEST|FINAL LOT RELEASE|SHIP LOT|FINAL CD INSPECTION
valid_0222,MEASURE PASSIVATION QUALITY|OPEN BOND PAD WINDOW|OPEN PAD WINDOW LITHO|DEVELOP PHOTORESIST|PASSIVATION ETCH PAD OPENING|STRIP PHOTORESIST|CLEAN PAD OPENING|MEASURE PAD OPENING|BACKSIDE GRIND|MEASURE WAFER THICKNESS|BACKSIDE ETCH CLEAN|BACKSIDE RINSE|BACKSIDE DRY|BACKSIDE METALLIZATION PREP|DEPOSIT BACKSIDE METAL|BACKSIDE ANNEAL|MEASURE BACKSIDE CONTACT|FINAL CLEAN|FINAL THICKNESS MEASURE|FINAL GEOMETRY CHECK|FINAL CD INSPECTION|FINAL PARTICLE INSPECTION|PARAMETRIC TEST|LEAKAGE TEST|BREAKDOWN VOLTAGE TEST|SWITCHING TEST|YIELD ANALYSIS|WAFER SORT TEST|LOT RELEASE|SHIP LOT|FINAL CD INSPECTION|FINAL PARTICLE INSPECTION|PARAMETRIC TEST|SWITCHING TEST|FINAL LOT RELEASE|SHIP LOT|FINAL CD INSPECTION|FINAL PARTICLE INSPECTION|PARAMETRIC TEST|SWITCHING TEST|WAFER SORT TEST|FINAL LOT RELEASE|SHIP LOT|FINAL CD INSPECTION|FINAL PARTICLE INSPECTION|PARAMETRIC TEST|SWITCHING TEST|FINAL LOT RELEASE|SHIP LOT|FINAL CD INSPECTION|FINAL PARTICLE INSPECTION|PARAMETRIC TEST|LEAKAGE TEST|BREAKDOWN VOLTAGE TEST|SWITCHING TEST|FINAL LOT RELEASE|SHIP LOT|FINAL CD INSPECTION|FINAL PARTICLE INSPECTION|PARAMETRIC TEST|SWITCHING TEST|WAFER SORT TEST|LOT RELEASE|SHIP LOT|IMPLANT P BODY|LEAKAGE TEST|BREAKDOWN VOLTAGE TEST|SWITCHING TEST|WAFER SORT TEST|FINAL LOT RELEASE|SHIP LOT|FINAL CD INSPECTION|FINAL PARTICLE INSPECTION|PARAMETRIC TEST|LEAKAGE TEST|BREAKDOWN VOLTAGE TEST|SWITCHING TEST|WAFER SORT TEST|FINAL LOT RELEASE|SHIP LOT
valid_0223,MEASURE SURFACE PLANARITY|SPIN COAT PHOTORESIST|SOFT BAKE|ALIGN MASK LEVEL 5|EXPOSE LITHO LEVEL 5|DEVELOP PHOTORESIST|VIA OPENING INSPECTION|VIA ETCH|STRIP PHOTORESIST|CLEAN AFTER VIA ETCH|MEASURE VIA CD|DEPOSIT BARRIER METAL|DEPOSIT METAL SEED|FILL VIA METAL|CMP METAL|MEASURE VIA RESISTANCE|DEPOSIT METAL 1|ANNEAL METAL 1|SPIN COAT PHOTORESIST|SOFT BAKE|ALIGN MASK LEVEL 6|EXPOSE LITHO LEVEL 6|DEVELOP PHOTORESIST|METAL PATTERN INSPECTION|METAL ETCH DRY|STRIP PHOTORESIST|CLEAN AFTER METAL ETCH|MEASURE LINE WIDTH|DEPOSIT PASSIVATION|CURE PASSIVATION|MEASURE PASSIVATION QUALITY|OPEN BOND PAD WINDOW|OPEN PAD WINDOW LITHO|DEVELOP PAD WINDOW|PASSIVATION ETCH PAD OPENING|STRIP PHOTORESIST|CLEAN PAD OPENING|MEASURE PAD OPENING|BACKSIDE GRIND|MEASURE WAFER THICKNESS|BACKSIDE ETCH CLEAN|BACKSIDE RINSE|BACKSIDE DRY|BACKSIDE METALLIZATION PREP|DEPOSIT BACKSIDE METAL|BACKSIDE ANNEAL|MEASURE BACKSIDE CONTACT|FINAL CLEAN|FINAL THICKNESS MEASURE|FINAL GEOMETRY CHECK|FINAL CD INSPECTION|FINAL PARTICLE INSPECTION|PARAMETRIC TEST|LEAKAGE TEST|BREAKDOWN VOLTAGE TEST|SWITCHING TEST|YIELD ANALYSIS|WAFER SORT TEST|LOT RELEASE|SHIP LOT|FINAL CD INSPECTION|FINAL PARTICLE INSPECTION|PARAMETRIC TEST|SWITCHING TEST|FINAL LOT RELEASE|SHIP LOT|FINAL CD INSPECTION|FINAL PARTICLE INSPECTION|PARAMETRIC TEST|SWITCHING TEST|WAFER SORT TEST|FINAL LOT RELEASE|SHIP LOT|FINAL CD INSPECTION|FINAL PARTICLE INSPECTION|PARAMETRIC TEST|SWITCHING TEST|FINAL LOT RELEASE|SHIP LOT|FINAL CD INSPECTION
valid_0224,CURE PASSIVATION|MEASURE PASSIVATION QUALITY|OPEN BOND PAD WINDOW|OPEN PAD WINDOW LITHO|DEVELOP PAD WINDOW|PASSIVATION ETCH PAD OPENING|STRIP PHOTORESIST|CLEAN PAD OPENING|MEASURE PAD OPENING|BACKSIDE GRIND|MEASURE WAFER THICKNESS|BACKSIDE ETCH CLEAN|BACKSIDE RINSE|BACKSIDE DRY|BACKSIDE METALLIZATION PREP|DEPOSIT BACKSIDE METAL|BACKSIDE ANNEAL|MEASURE BACKSIDE CONTACT|FINAL CLEAN|FINAL THICKNESS MEASURE|FINAL GEOMETRY CHECK|FINAL CD INSPECTION|FINAL PARTICLE INSPECTION|PARAMETRIC TEST|LEAKAGE TEST|BREAKDOWN VOLTAGE TEST|SWITCHING TEST|YIELD ANALYSIS|WAFER SORT TEST|LOT RELEASE|SHIP LOT|FINAL CD INSPECTION|FINAL PARTICLE INSPECTION|PARAMETRIC TEST|SWITCHING TEST|FINAL LOT RELEASE|SHIP LOT|FINAL CD INSPECTION|FINAL PARTICLE INSPECTION|PARAMETRIC TEST|SWITCHING TEST|WAFER SORT TEST|FINAL LOT RELEASE|SHIP LOT|FINAL CD INSPECTION|FINAL PARTICLE INSPECTION|PARAMETRIC TEST|SWITCHING TEST|FINAL LOT RELEASE|SHIP LOT|FINAL CD INSPECTION|FINAL PARTICLE INSPECTION|PARAMETRIC TEST|LEAKAGE TEST|BREAKDOWN VOLTAGE TEST|SWITCHING TEST|FINAL LOT RELEASE|SHIP LOT|FINAL CD INSPECTION|FINAL PARTICLE INSPECTION|PARAMETRIC TEST|LEAKAGE TEST|BREAKDOWN VOLTAGE TEST|SWITCHING TEST|WAFER SORT TEST|FINAL LOT RELEASE|SHIP LOT|FINAL CD INSPECTION|FINAL PARTICLE INSPECTION|PARAMETRIC TEST|LEAKAGE TEST|BREAKDOWN VOLTAGE TEST|SWITCHING TEST|WAFER SORT TEST|FINAL LOT RELEASE|SHIP LOT|FINAL CD INSPECTION|FINAL PARTICLE INSPECTION|PARAMETRIC TEST|LEAKAGE TEST
valid_0225,SPIN COAT PHOTORESIST|SOFT BAKE|ALIGN MASK LEVEL 5|EXPOSE LITHO LEVEL 5|DEVELOP PHOTORESIST|VIA OPENING INSPECTION|VIA ETCH|STRIP PHOTORESIST|CLEAN AFTER VIA ETCH|MEASURE VIA CD|DEPOSIT BARRIER METAL|DEPOSIT METAL SEED|FILL VIA METAL|CMP METAL|MEASURE VIA RESISTANCE|DEPOSIT METAL 1|ANNEAL METAL 1|SPIN COAT PHOTORESIST|SOFT BAKE|ALIGN MASK LEVEL 6|EXPOSE LITHO LEVEL 6|DEVELOP PHOTORESIST|METAL PATTERN INSPECTION|METAL ETCH DRY|STRIP PHOTORESIST|CLEAN AFTER METAL ETCH|MEASURE LINE WIDTH|DEPOSIT PASSIVATION|CURE PASSIVATION|MEASURE PASSIVATION QUALITY|OPEN BOND PAD WINDOW|OPEN PAD WINDOW LITHO|DEVELOP PAD WINDOW|PASSIVATION ETCH PAD OPENING|STRIP PHOTORESIST|CLEAN PAD OPENING|MEASURE PAD OPENING|BACKSIDE GRIND|MEASURE WAFER THICKNESS|BACKSIDE ETCH CLEAN|BACKSIDE RINSE|BACKSIDE DRY|BACKSIDE METALLIZATION PREP|DEPOSIT BACKSIDE METAL|BACKSIDE ANNEAL|MEASURE BACKSIDE CONTACT|FINAL CLEAN|FINAL THICKNESS MEASURE|FINAL GEOMETRY CHECK|FINAL CD INSPECTION|FINAL PARTICLE INSPECTION|PARAMETRIC TEST|LEAKAGE TEST|BREAKDOWN VOLTAGE TEST|SWITCHING TEST|YIELD ANALYSIS|WAFER SORT TEST|LOT RELEASE|SHIP LOT|FINAL CD INSPECTION|FINAL PARTICLE INSPECTION|PARAMETRIC TEST|SWITCHING TEST|FINAL LOT RELEASE|SHIP LOT|FINAL CD INSPECTION|FINAL PARTICLE INSPECTION|PARAMETRIC TEST|SWITCHING TEST|WAFER SORT TEST|FINAL LOT RELEASE|SHIP LOT|FINAL CD INSPECTION|FINAL PARTICLE INSPECTION|PARAMETRIC TEST|SWITCHING TEST|FINAL LOT RELEASE|SHIP LOT|FINAL CD INSPECTION|FINAL PARTICLE INSPECTION
valid_0226,CURE PASSIVATION|MEASURE PASSIVATION QUALITY|OPEN BOND PAD WINDOW|OPEN PAD WINDOW LITHO|DEVELOP PAD WINDOW|PASSIVATION ETCH PAD OPENING|STRIP PHOTORESIST|CLEAN PAD OPENING|MEASURE PAD OPENING|BACKSIDE GRIND|MEASURE WAFER THICKNESS|BACKSIDE ETCH CLEAN|BACKSIDE RINSE|BACKSIDE DRY|BACKSIDE METALLIZATION PREP|DEPOSIT BACKSIDE METAL|BACKSIDE ANNEAL|MEASURE BACKSIDE CONTACT|FINAL CLEAN|FINAL THICKNESS MEASURE|FINAL GEOMETRY CHECK|FINAL CD INSPECTION|FINAL PARTICLE INSPECTION|PARAMETRIC TEST|LEAKAGE TEST|BREAKDOWN VOLTAGE TEST|SWITCHING TEST|YIELD ANALYSIS|WAFER SORT TEST|LOT RELEASE|SHIP LOT|FINAL CD INSPECTION|FINAL PARTICLE INSPECTION|PARAMETRIC TEST|SWITCHING TEST|WAFER SORT TEST|LOT RELEASE|SHIP LOT|FINAL CD INSPECTION|FINAL PARTICLE INSPECTION|PARAMETRIC TEST|SWITCHING TEST|FINAL LOT RELEASE|SHIP LOT|FINAL CD INSPECTION|FINAL PARTICLE INSPECTION|PARAMETRIC TEST|LEAKAGE TEST|BREAKDOWN VOLTAGE TEST|SWITCHING TEST|FINAL LOT RELEASE|SHIP LOT|FINAL CD INSPECTION|FINAL PARTICLE INSPECTION|PARAMETRIC TEST|SWITCHING TEST|WAFER SORT TEST|FINAL LOT RELEASE|SHIP LOT|FINAL CD INSPECTION|FINAL PARTICLE INSPECTION|PARAMETRIC TEST|LEAKAGE TEST|BREAKDOWN VOLTAGE TEST|SWITCHING TEST|WAFER SORT TEST|FINAL LOT RELEASE|SHIP LOT|FINAL CD INSPECTION|FINAL PARTICLE INSPECTION|PARAMETRIC TEST|LEAKAGE TEST|BREAKDOWN VOLTAGE TEST|SWITCHING TEST|WAFER SORT TEST|FINAL LOT RELEASE|SHIP LOT|FINAL CD INSPECTION|FINAL PARTICLE INSPECTION|PARAMETRIC TEST
valid_0227,MEASURE FILM THICKNESS|CMP DIELECTRIC|MEASURE SURFACE PLANARITY|SPIN COAT PHOTORESIST|SOFT BAKE|ALIGN MASK LEVEL 5|EXPOSE LITHO LEVEL 5|DEVELOP PHOTORESIST|VIA OPENING INSPECTION|VIA ETCH|STRIP PHOTORESIST|CLEAN AFTER VIA ETCH|MEASURE VIA CD|DEPOSIT BARRIER METAL|DEPOSIT METAL SEED|FILL VIA METAL|CMP METAL|MEASURE VIA RESISTANCE|DEPOSIT METAL 1|ANNEAL METAL 1|SPIN COAT PHOTORESIST|SOFT BAKE|ALIGN MASK LEVEL 6|EXPOSE LITHO LEVEL 6|DEVELOP PHOTORESIST|METAL PATTERN INSPECTION|METAL ETCH DRY|STRIP PHOTORESIST|CLEAN AFTER METAL ETCH|MEASURE LINE WIDTH|DEPOSIT PASSIVATION|CURE PASSIVATION|MEASURE PASSIVATION QUALITY|OPEN BOND PAD WINDOW|OPEN PAD WINDOW LITHO|DEVELOP PAD WINDOW|PASSIVATION ETCH PAD OPENING|STRIP PHOTORESIST|CLEAN PAD OPENING|MEASURE PAD OPENING|BACKSIDE GRIND|MEASURE WAFER THICKNESS|BACKSIDE ETCH CLEAN|BACKSIDE RINSE|BACKSIDE DRY|BACKSIDE METALLIZATION PREP|DEPOSIT BACKSIDE METAL|BACKSIDE ANNEAL|MEASURE BACKSIDE CONTACT|FINAL CLEAN|FINAL THICKNESS MEASURE|FINAL GEOMETRY CHECK|FINAL CD INSPECTION|FINAL PARTICLE INSPECTION|PARAMETRIC TEST|LEAKAGE TEST|BREAKDOWN VOLTAGE TEST|SWITCHING TEST|YIELD ANALYSIS|WAFER SORT TEST|LOT RELEASE|SHIP LOT|FINAL CD INSPECTION|FINAL PARTICLE INSPECTION|PARAMETRIC TEST|SWITCHING TEST|FINAL LOT RELEASE|SHIP LOT|FINAL CD INSPECTION|FINAL PARTICLE INSPECTION|PARAMETRIC TEST|SWITCHING TEST|WAFER SORT TEST|FINAL LOT RELEASE|SHIP LOT|FINAL CD INSPECTION|FINAL PARTICLE INSPECTION|PARAMETRIC TEST|SWITCHING TEST|FINAL LOT RELEASE
valid_0228,DEPOSIT PASSIVATION|CURE PASSIVATION|MEASURE PASSIVATION QUALITY|OPEN BOND PAD WINDOW|OPEN PAD WINDOW LITHO|DEVELOP PAD WINDOW|PASSIVATION ETCH PAD OPENING|STRIP PHOTORESIST|CLEAN PAD OPENING|MEASURE PAD OPENING|BACKSIDE GRIND|MEASURE WAFER THICKNESS|BACKSIDE ETCH CLEAN|BACKSIDE RINSE|BACKSIDE DRY|BACKSIDE METALLIZATION PREP|DEPOSIT BACKSIDE METAL|BACKSIDE ANNEAL|MEASURE BACKSIDE CONTACT|FINAL CLEAN|FINAL THICKNESS MEASURE|FINAL GEOMETRY CHECK|FINAL CD INSPECTION|FINAL PARTICLE INSPECTION|PARAMETRIC TEST|LEAKAGE TEST|BREAKDOWN VOLTAGE TEST|SWITCHING TEST|YIELD ANALYSIS|WAFER SORT TEST|LOT RELEASE|SHIP LOT|FINAL CD INSPECTION|FINAL PARTICLE INSPECTION|PARAMETRIC TEST|SWITCHING TEST|FINAL LOT RELEASE|SHIP LOT|IMPLANT P BODY|BREAKDOWN VOLTAGE TEST|SWITCHING TEST|WAFER SORT TEST|FINAL LOT RELEASE|SHIP LOT|FINAL CD INSPECTION|FINAL PARTICLE INSPECTION|PARAMETRIC TEST|SWITCHING TEST|FINAL LOT RELEASE|SHIP LOT|FINAL CD INSPECTION|FINAL PARTICLE INSPECTION|PARAMETRIC TEST|LEAKAGE TEST|BREAKDOWN VOLTAGE TEST|SWITCHING TEST|FINAL LOT RELEASE|SHIP LOT|FINAL CD INSPECTION|FINAL PARTICLE INSPECTION|PARAMETRIC TEST|SWITCHING TEST|WAFER SORT TEST|LOT RELEASE|SHIP LOT|IMPLANT P BODY|LEAKAGE TEST|BREAKDOWN VOLTAGE TEST|SWITCHING TEST|WAFER SORT TEST|FINAL LOT RELEASE|SHIP LOT|FINAL CD INSPECTION|FINAL PARTICLE INSPECTION|PARAMETRIC TEST|LEAKAGE TEST|BREAKDOWN VOLTAGE TEST|SWITCHING TEST|WAFER SORT TEST|FINAL LOT RELEASE
valid_0229,SPIN COAT PHOTORESIST|SOFT BAKE|ALIGN MASK LEVEL 5|EXPOSE LITHO LEVEL 5|DEVELOP PHOTORESIST|VIA OPENING INSPECTION|VIA ETCH|STRIP PHOTORESIST|CLEAN AFTER VIA ETCH|MEASURE VIA CD|DEPOSIT BARRIER METAL|DEPOSIT METAL SEED|FILL VIA METAL|CMP METAL|MEASURE VIA RESISTANCE|DEPOSIT TOP METAL|ANNEAL METAL|SPIN COAT PHOTORESIST|SOFT BAKE|ALIGN MASK LEVEL 6|EXPOSE LITHO LEVEL 6|DEVELOP PHOTORESIST|METAL PATTERN INSPECTION|METAL ETCH DRY|STRIP PHOTORESIST|CLEAN AFTER METAL ETCH|MEASURE LINE WIDTH|DEPOSIT PASSIVATION|CURE PASSIVATION|MEASURE PASSIVATION QUALITY|OPEN BOND PAD WINDOW|OPEN PAD WINDOW LITHO|DEVELOP PAD WINDOW|PASSIVATION ETCH PAD OPENING|STRIP PHOTORESIST|CLEAN PAD OPENING|MEASURE PAD OPENING|BACKSIDE GRIND|MEASURE WAFER THICKNESS|BACKSIDE ETCH CLEAN|BACKSIDE RINSE|BACKSIDE DRY|BACKSIDE METALLIZATION PREP|DEPOSIT BACKSIDE METAL|BACKSIDE ANNEAL|MEASURE BACKSIDE CONTACT|FINAL CLEAN|FINAL THICKNESS MEASURE|FINAL GEOMETRY CHECK|FINAL CD INSPECTION|FINAL PARTICLE INSPECTION|PARAMETRIC TEST|LEAKAGE TEST|BREAKDOWN VOLTAGE TEST|SWITCHING TEST|YIELD ANALYSIS|WAFER SORT TEST|FINAL LOT RELEASE|SHIP LOT|FINAL CD INSPECTION|FINAL PARTICLE INSPECTION|PARAMETRIC TEST|SWITCHING TEST|FINAL LOT RELEASE|SHIP LOT|FINAL CD INSPECTION|FINAL PARTICLE INSPECTION|PARAMETRIC TEST|SWITCHING TEST|FINAL LOT RELEASE|SHIP LOT|FINAL CD INSPECTION|FINAL PARTICLE INSPECTION|PARAMETRIC TEST|SWITCHING TEST|WAFER SORT TEST|FINAL LOT RELEASE|SHIP LOT|FINAL CD INSPECTION|FINAL PARTICLE INSPECTION
valid_0230,CURE PASSIVATION|MEASURE PASSIVATION QUALITY|OPEN BOND PAD WINDOW|OPEN PAD WINDOW LITHO|DEVELOP PAD WINDOW|PASSIVATION ETCH PAD OPENING|STRIP PHOTORESIST|CLEAN PAD OPENING|MEASURE PAD OPENING|BACKSIDE GRIND|MEASURE WAFER THICKNESS|BACKSIDE ETCH CLEAN|BACKSIDE RINSE|BACKSIDE DRY|BACKSIDE METALLIZATION PREP|DEPOSIT BACKSIDE METAL|BACKSIDE ANNEAL|MEASURE BACKSIDE CONTACT|FINAL CLEAN|FINAL THICKNESS MEASURE|FINAL GEOMETRY CHECK|FINAL CD INSPECTION|FINAL PARTICLE INSPECTION|PARAMETRIC TEST|LEAKAGE TEST|BREAKDOWN VOLTAGE TEST|SWITCHING TEST|YIELD ANALYSIS|WAFER SORT TEST|FINAL LOT RELEASE|SHIP LOT|FINAL CD INSPECTION|FINAL PARTICLE INSPECTION|PARAMETRIC TEST|SWITCHING TEST|FINAL LOT RELEASE|SHIP LOT|FINAL CD INSPECTION|FINAL PARTICLE INSPECTION|PARAMETRIC TEST|SWITCHING TEST|FINAL LOT RELEASE|SHIP LOT|FINAL CD INSPECTION|FINAL PARTICLE INSPECTION|PARAMETRIC TEST|SWITCHING TEST|WAFER SORT TEST|FINAL LOT RELEASE|SHIP LOT|FINAL CD INSPECTION|FINAL PARTICLE INSPECTION|PARAMETRIC TEST|SWITCHING TEST|FINAL LOT RELEASE|SHIP LOT|FINAL CD INSPECTION|FINAL PARTICLE INSPECTION|PARAMETRIC TEST|LEAKAGE TEST|BREAKDOWN VOLTAGE TEST|SWITCHING TEST|FINAL LOT RELEASE|SHIP LOT|FINAL CD INSPECTION|FINAL PARTICLE INSPECTION|PARAMETRIC TEST|LEAKAGE TEST|BREAKDOWN VOLTAGE TEST|SWITCHING TEST|WAFER SORT TEST|FINAL LOT RELEASE|SHIP LOT|FINAL CD INSPECTION|FINAL PARTICLE INSPECTION|PARAMETRIC TEST|LEAKAGE TEST|BREAKDOWN VOLTAGE TEST|SWITCHING TEST|WAFER SORT TEST
valid_0231,DENSIFY DIELECTRIC|MEASURE FILM THICKNESS|CMP DIELECTRIC|MEASURE SURFACE PLANARITY|SPIN COAT PHOTORESIST|SOFT BAKE|ALIGN MASK LEVEL 5|EXPOSE LITHO LEVEL 5|DEVELOP PHOTORESIST|VIA OPENING INSPECTION|VIA ETCH|STRIP PHOTORESIST|CLEAN AFTER VIA ETCH|MEASURE VIA CD|DEPOSIT BARRIER METAL|DEPOSIT METAL SEED|FILL VIA METAL|CMP METAL|MEASURE VIA RESISTANCE|DEPOSIT METAL 1|ANNEAL METAL 1|SPIN COAT PHOTORESIST|SOFT BAKE|ALIGN MASK LEVEL 6|EXPOSE LITHO LEVEL 6|DEVELOP PHOTORESIST|METAL PATTERN INSPECTION|METAL ETCH DRY|STRIP RESIST|CLEAN AFTER METAL ETCH|MEASURE LINE WIDTH|DEPOSIT PASSIVATION|CURE PASSIVATION|MEASURE PASSIVATION QUALITY|OPEN BOND PAD WINDOW|OPEN PAD WINDOW LITHO|DEVELOP PAD WINDOW|PASSIVATION ETCH PAD OPENING|STRIP RESIST|CLEAN PAD OPENING|MEASURE PAD OPENING|BACKSIDE GRIND|MEASURE WAFER THICKNESS|BACKSIDE ETCH CLEAN|BACKSIDE RINSE|BACKSIDE DRY|BACKSIDE METALLIZATION PREP|DEPOSIT BACKSIDE METAL|BACKSIDE ANNEAL|MEASURE BACKSIDE CONTACT|FINAL CLEAN|FINAL THICKNESS MEASURE|FINAL GEOMETRY CHECK|FINAL CD INSPECTION|FINAL PARTICLE INSPECTION|PARAMETRIC TEST|LEAKAGE TEST|BREAKDOWN VOLTAGE TEST|SWITCHING TEST|YIELD ANALYSIS|WAFER SORT TEST|FINAL LOT RELEASE|SHIP LOT|FINAL CD INSPECTION|FINAL PARTICLE INSPECTION|PARAMETRIC TEST|SWITCHING TEST|WAFER SORT TEST|FINAL LOT RELEASE|SHIP LOT|FINAL CD INSPECTION|FINAL PARTICLE INSPECTION|PARAMETRIC TEST|SWITCHING TEST|FINAL LOT RELEASE|SHIP LOT|FINAL CD INSPECTION|FINAL PARTICLE INSPECTION|PARAMETRIC TEST|LEAKAGE TEST
valid_0232,MEASURE LINE WIDTH|DEPOSIT PASSIVATION|CURE PASSIVATION|MEASURE PASSIVATION QUALITY|OPEN BOND PAD WINDOW|OPEN PAD WINDOW LITHO|DEVELOP PAD WINDOW|PASSIVATION ETCH PAD OPENING|STRIP RESIST|CLEAN PAD OPENING|MEASURE PAD OPENING|BACKSIDE GRIND|MEASURE WAFER THICKNESS|BACKSIDE ETCH CLEAN|BACKSIDE RINSE|BACKSIDE DRY|BACKSIDE METALLIZATION PREP|DEPOSIT BACKSIDE METAL|BACKSIDE ANNEAL|MEASURE BACKSIDE CONTACT|FINAL CLEAN|FINAL THICKNESS MEASURE|FINAL GEOMETRY CHECK|FINAL CD INSPECTION|FINAL PARTICLE INSPECTION|PARAMETRIC TEST|LEAKAGE TEST|BREAKDOWN VOLTAGE TEST|SWITCHING TEST|YIELD ANALYSIS|WAFER SORT TEST|FINAL LOT RELEASE|SHIP LOT|FINAL CD INSPECTION|FINAL PARTICLE INSPECTION|PARAMETRIC TEST|SWITCHING TEST|WAFER SORT TEST|FINAL LOT RELEASE|SHIP LOT|FINAL CD INSPECTION|FINAL PARTICLE INSPECTION|PARAMETRIC TEST|SWITCHING TEST|FINAL LOT RELEASE|SHIP LOT|FINAL CD INSPECTION|FINAL PARTICLE INSPECTION|PARAMETRIC TEST|LEAKAGE TEST|BREAKDOWN VOLTAGE TEST|SWITCHING TEST|FINAL LOT RELEASE|SHIP LOT|FINAL CD INSPECTION|FINAL PARTICLE INSPECTION|PARAMETRIC TEST|SWITCHING TEST|WAFER SORT TEST|FINAL LOT RELEASE|SHIP LOT|IMPLANT P BODY|LEAKAGE TEST|BREAKDOWN VOLTAGE TEST|SWITCHING TEST|WAFER SORT TEST|FINAL LOT RELEASE|SHIP LOT|FINAL CD INSPECTION|FINAL PARTICLE INSPECTION|PARAMETRIC TEST|LEAKAGE TEST|BREAKDOWN VOLTAGE TEST|SWITCHING TEST|WAFER SORT TEST|FINAL LOT RELEASE|SHIP LOT|FINAL CD INSPECTION|FINAL PARTICLE INSPECTION|PARAMETRIC TEST
valid_0233,SOFT BAKE|ALIGN MASK LEVEL 5|EXPOSE LITHO LEVEL 5|DEVELOP PHOTORESIST|VIA OPENING INSPECTION|VIA ETCH|STRIP PHOTORESIST|CLEAN AFTER VIA ETCH|MEASURE VIA CD|DEPOSIT BARRIER METAL|DEPOSIT METAL SEED|FILL VIA METAL|CMP METAL|MEASURE VIA RESISTANCE|DEPOSIT METAL 1|ANNEAL METAL 1|SPIN COAT PHOTORESIST|SOFT BAKE|ALIGN MASK LEVEL 6|EXPOSE LITHO LEVEL 6|DEVELOP PHOTORESIST|METAL PATTERN INSPECTION|METAL ETCH DRY|STRIP PHOTORESIST|CLEAN AFTER METAL ETCH|MEASURE LINE WIDTH|DEPOSIT PASSIVATION|CURE PASSIVATION|MEASURE PASSIVATION QUALITY|OPEN BOND PAD WINDOW|OPEN PAD WINDOW LITHO|DEVELOP PAD WINDOW|PASSIVATION ETCH PAD OPENING|STRIP PHOTORESIST|CLEAN PAD OPENING|MEASURE PAD OPENING|BACKSIDE GRIND|MEASURE WAFER THICKNESS|BACKSIDE ETCH CLEAN|BACKSIDE RINSE|BACKSIDE DRY|BACKSIDE METALLIZATION PREP|DEPOSIT BACKSIDE METAL|BACKSIDE ANNEAL|MEASURE BACKSIDE CONTACT|FINAL CLEAN|FINAL THICKNESS MEASURE|FINAL GEOMETRY CHECK|FINAL CD INSPECTION|FINAL PARTICLE INSPECTION|PARAMETRIC TEST|LEAKAGE TEST|BREAKDOWN VOLTAGE TEST|SWITCHING TEST|YIELD ANALYSIS|WAFER SORT TEST|LOT RELEASE|SHIP LOT|FINAL CD INSPECTION|FINAL PARTICLE INSPECTION|PARAMETRIC TEST|SWITCHING TEST|FINAL LOT RELEASE|SHIP LOT|FINAL CD INSPECTION|FINAL PARTICLE INSPECTION|PARAMETRIC TEST|SWITCHING TEST|WAFER SORT TEST|FINAL LOT RELEASE|SHIP LOT|FINAL CD INSPECTION|FINAL PARTICLE INSPECTION|PARAMETRIC TEST|SWITCHING TEST|FINAL LOT RELEASE|SHIP LOT|FINAL CD INSPECTION|FINAL PARTICLE INSPECTION|PARAMETRIC TEST
valid_0234,CURE PASSIVATION|MEASURE PASSIVATION QUALITY|OPEN BOND PAD WINDOW|OPEN PAD WINDOW LITHO|DEVELOP PAD WINDOW|PASSIVATION ETCH PAD OPENING|STRIP PHOTORESIST|CLEAN PAD OPENING|MEASURE PAD OPENING|BACKSIDE GRIND|MEASURE WAFER THICKNESS|BACKSIDE ETCH CLEAN|BACKSIDE RINSE|BACKSIDE DRY|BACKSIDE METALLIZATION PREP|DEPOSIT BACKSIDE METAL|BACKSIDE ANNEAL|MEASURE BACKSIDE CONTACT|FINAL CLEAN|FINAL THICKNESS MEASURE|FINAL GEOMETRY CHECK|FINAL CD INSPECTION|FINAL PARTICLE INSPECTION|PARAMETRIC TEST|LEAKAGE TEST|BREAKDOWN VOLTAGE TEST|SWITCHING TEST|YIELD ANALYSIS|WAFER SORT TEST|LOT RELEASE|SHIP LOT|FINAL CD INSPECTION|FINAL PARTICLE INSPECTION|PARAMETRIC TEST|SWITCHING TEST|FINAL LOT RELEASE|SHIP LOT|FINAL CD INSPECTION|FINAL PARTICLE INSPECTION|PARAMETRIC TEST|SWITCHING TEST|WAFER SORT TEST|FINAL LOT RELEASE|SHIP LOT|FINAL CD INSPECTION|FINAL PARTICLE INSPECTION|PARAMETRIC TEST|SWITCHING TEST|FINAL LOT RELEASE|SHIP LOT|FINAL CD INSPECTION|FINAL PARTICLE INSPECTION|PARAMETRIC TEST|LEAKAGE TEST|BREAKDOWN VOLTAGE TEST|SWITCHING TEST|FINAL LOT RELEASE|SHIP LOT|FINAL CD INSPECTION|FINAL PARTICLE INSPECTION|PARAMETRIC TEST|LEAKAGE TEST|BREAKDOWN VOLTAGE TEST|SWITCHING TEST|WAFER SORT TEST|LOT RELEASE|SHIP LOT|FINAL CD INSPECTION|FINAL PARTICLE INSPECTION|PARAMETRIC TEST|LEAKAGE TEST|BREAKDOWN VOLTAGE TEST|SWITCHING TEST|WAFER SORT TEST|FINAL LOT RELEASE|SHIP LOT|FINAL CD INSPECTION|FINAL PARTICLE INSPECTION|PARAMETRIC TEST|LEAKAGE TEST
valid_0235,CMP DIELECTRIC|MEASURE SURFACE PLANARITY|SPIN COAT PHOTORESIST|SOFT BAKE|ALIGN MASK LEVEL 5|EXPOSE LITHO LEVEL 5|DEVELOP PHOTORESIST|VIA OPENING INSPECTION|VIA ETCH|STRIP PHOTORESIST|CLEAN AFTER VIA ETCH|MEASURE VIA CD|DEPOSIT BARRIER METAL|DEPOSIT METAL SEED|FILL VIA METAL|CMP METAL|MEASURE VIA RESISTANCE|DEPOSIT METAL 1|ANNEAL METAL 1|SPIN COAT PHOTORESIST|SOFT BAKE|ALIGN MASK LEVEL 6|EXPOSE LITHO LEVEL 6|DEVELOP PHOTORESIST|METAL PATTERN INSPECTION|METAL ETCH DRY|STRIP PHOTORESIST|CLEAN AFTER METAL ETCH|MEASURE LINE WIDTH|DEPOSIT PASSIVATION|CURE PASSIVATION|MEASURE PASSIVATION QUALITY|OPEN BOND PAD WINDOW|OPEN PAD WINDOW LITHO|DEVELOP PAD WINDOW|PASSIVATION ETCH PAD OPENING|STRIP PHOTORESIST|CLEAN PAD OPENING|MEASURE PAD OPENING|BACKSIDE GRIND|MEASURE WAFER THICKNESS|BACKSIDE ETCH CLEAN|BACKSIDE RINSE|BACKSIDE DRY|BACKSIDE METALLIZATION PREP|DEPOSIT BACKSIDE METAL|BACKSIDE ANNEAL|MEASURE BACKSIDE CONTACT|FINAL CLEAN|FINAL THICKNESS MEASURE|FINAL GEOMETRY CHECK|FINAL CD INSPECTION|FINAL PARTICLE INSPECTION|PARAMETRIC TEST|LEAKAGE TEST|BREAKDOWN VOLTAGE TEST|SWITCHING TEST|YIELD ANALYSIS|WAFER SORT TEST|LOT RELEASE|SHIP LOT|FINAL CD INSPECTION|FINAL PARTICLE INSPECTION|PARAMETRIC TEST|SWITCHING TEST|FINAL LOT RELEASE|SHIP LOT|FINAL CD INSPECTION|FINAL PARTICLE INSPECTION|PARAMETRIC TEST|SWITCHING TEST|WAFER SORT TEST|FINAL LOT RELEASE|SHIP LOT|FINAL CD INSPECTION|FINAL PARTICLE INSPECTION|PARAMETRIC TEST|SWITCHING TEST|FINAL LOT RELEASE|SHIP LOT
valid_0236,MEASURE LINE WIDTH|DEPOSIT PASSIVATION|CURE PASSIVATION|MEASURE PASSIVATION QUALITY|OPEN BOND PAD WINDOW|OPEN PAD WINDOW LITHO|DEVELOP PAD WINDOW|PASSIVATION ETCH PAD OPENING|STRIP PHOTORESIST|CLEAN PAD OPENING|MEASURE PAD OPENING|BACKSIDE GRIND|MEASURE WAFER THICKNESS|BACKSIDE ETCH CLEAN|BACKSIDE RINSE|BACKSIDE DRY|BACKSIDE METALLIZATION PREP|DEPOSIT BACKSIDE METAL|BACKSIDE ANNEAL|MEASURE BACKSIDE CONTACT|FINAL CLEAN|FINAL THICKNESS MEASURE|FINAL GEOMETRY CHECK|FINAL CD INSPECTION|FINAL PARTICLE INSPECTION|PARAMETRIC TEST|LEAKAGE TEST|BREAKDOWN VOLTAGE TEST|SWITCHING TEST|YIELD ANALYSIS|WAFER SORT TEST|LOT RELEASE|SHIP LOT|FINAL CD INSPECTION|FINAL PARTICLE INSPECTION|PARAMETRIC TEST|SWITCHING TEST|FINAL LOT RELEASE|SHIP LOT|IMPLANT P BODY|BREAKDOWN VOLTAGE TEST|SWITCHING TEST|WAFER SORT TEST|FINAL LOT RELEASE|SHIP LOT|FINAL CD INSPECTION|FINAL PARTICLE INSPECTION|PARAMETRIC TEST|SWITCHING TEST|FINAL LOT RELEASE|SHIP LOT|FINAL CD INSPECTION|FINAL PARTICLE INSPECTION|PARAMETRIC TEST|LEAKAGE TEST|BREAKDOWN VOLTAGE TEST|SWITCHING TEST|FINAL LOT RELEASE|SHIP LOT|FINAL CD INSPECTION|FINAL PARTICLE INSPECTION|PARAMETRIC TEST|SWITCHING TEST|WAFER SORT TEST|LOT RELEASE|SHIP LOT|IMPLANT P BODY|BREAKDOWN VOLTAGE TEST|SWITCHING TEST|WAFER SORT TEST|FINAL LOT RELEASE|SHIP LOT|FINAL CD INSPECTION|FINAL PARTICLE INSPECTION|PARAMETRIC TEST|LEAKAGE TEST|BREAKDOWN VOLTAGE TEST|SWITCHING TEST|WAFER SORT TEST|FINAL LOT RELEASE
valid_0237,SPIN COAT PHOTORESIST|SOFT BAKE|ALIGN MASK LEVEL 5|EXPOSE LITHO LEVEL 5|DEVELOP PHOTORESIST|VIA OPENING INSPECTION|VIA ETCH|STRIP PHOTORESIST|CLEAN AFTER VIA ETCH|MEASURE VIA CD|DEPOSIT BARRIER METAL|DEPOSIT METAL SEED|FILL VIA METAL|CMP METAL|MEASURE VIA RESISTANCE|DEPOSIT TOP METAL|ANNEAL METAL 1|SPIN COAT PHOTORESIST|SOFT BAKE|ALIGN MASK LEVEL 6|EXPOSE LITHO LEVEL 6|DEVELOP PHOTORESIST|METAL PATTERN INSPECTION|METAL ETCH DRY|STRIP PHOTORESIST|CLEAN AFTER METAL ETCH|MEASURE LINE WIDTH|DEPOSIT PASSIVATION|CURE PASSIVATION|MEASURE PASSIVATION QUALITY|OPEN BOND PAD WINDOW|OPEN PAD WINDOW LITHO|DEVELOP PAD WINDOW|PASSIVATION ETCH PAD OPENING|STRIP PHOTORESIST|CLEAN PAD OPENING|MEASURE PAD OPENING|BACKSIDE GRIND|MEASURE WAFER THICKNESS|BACKSIDE ETCH CLEAN|BACKSIDE RINSE|BACKSIDE DRY|BACKSIDE METALLIZATION PREP|DEPOSIT BACKSIDE METAL|BACKSIDE ANNEAL|MEASURE BACKSIDE CONTACT|FINAL CLEAN|FINAL THICKNESS MEASURE|FINAL GEOMETRY CHECK|FINAL CD INSPECTION|FINAL PARTICLE INSPECTION|PARAMETRIC TEST|LEAKAGE TEST|BREAKDOWN VOLTAGE TEST|SWITCHING TEST|YIELD ANALYSIS|WAFER SORT TEST|LOT RELEASE|SHIP LOT|FINAL CD INSPECTION|FINAL PARTICLE INSPECTION|PARAMETRIC TEST|SWITCHING TEST|FINAL LOT RELEASE|SHIP LOT|FINAL CD INSPECTION|FINAL PARTICLE INSPECTION|PARAMETRIC TEST|SWITCHING TEST|FINAL LOT RELEASE|SHIP LOT|FINAL CD INSPECTION|FINAL PARTICLE INSPECTION|PARAMETRIC TEST|SWITCHING TEST|FINAL LOT RELEASE|SHIP LOT|FINAL CD INSPECTION|FINAL PARTICLE INSPECTION|PARAMETRIC TEST
valid_0238,CURE PASSIVATION|MEASURE PASSIVATION QUALITY|OPEN BOND PAD WINDOW|OPEN PAD WINDOW LITHO|DEVELOP PAD WINDOW|PASSIVATION ETCH PAD OPENING|STRIP PHOTORESIST|CLEAN PAD OPENING|MEASURE PAD OPENING|BACKSIDE GRIND|MEASURE WAFER THICKNESS|BACKSIDE ETCH CLEAN|BACKSIDE RINSE|BACKSIDE DRY|BACKSIDE METALLIZATION PREP|DEPOSIT BACKSIDE METAL|BACKSIDE ANNEAL|MEASURE BACKSIDE CONTACT|FINAL CLEAN|FINAL THICKNESS MEASURE|FINAL GEOMETRY CHECK|FINAL CD INSPECTION|FINAL PARTICLE INSPECTION|PARAMETRIC TEST|LEAKAGE TEST|BREAKDOWN VOLTAGE TEST|SWITCHING TEST|YIELD ANALYSIS|WAFER SORT TEST|LOT RELEASE|SHIP LOT|FINAL CD INSPECTION|FINAL PARTICLE INSPECTION|PARAMETRIC TEST|SWITCHING TEST|FINAL LOT RELEASE|SHIP LOT|FINAL CD INSPECTION|FINAL PARTICLE INSPECTION|PARAMETRIC TEST|SWITCHING TEST|WAFER SORT TEST|FINAL LOT RELEASE|SHIP LOT|FINAL CD INSPECTION|FINAL PARTICLE INSPECTION|PARAMETRIC TEST|SWITCHING TEST|FINAL LOT RELEASE|SHIP LOT|FINAL CD INSPECTION|FINAL PARTICLE INSPECTION|PARAMETRIC TEST|LEAKAGE TEST|BREAKDOWN VOLTAGE TEST|SWITCHING TEST|FINAL LOT RELEASE|SHIP LOT|FINAL CD INSPECTION|FINAL PARTICLE INSPECTION|PARAMETRIC TEST|SWITCHING TEST|WAFER SORT TEST|LOT RELEASE|SHIP LOT|IMPLANT P BODY|BREAKDOWN VOLTAGE TEST|SWITCHING TEST|WAFER SORT TEST|FINAL LOT RELEASE|SHIP LOT|FINAL CD INSPECTION|FINAL PARTICLE INSPECTION|PARAMETRIC TEST|LEAKAGE TEST|BREAKDOWN VOLTAGE TEST|SWITCHING TEST|WAFER SORT TEST|FINAL LOT RELEASE|SHIP LOT
valid_0239,MEASURE SURFACE PLANARITY|SPIN COAT PHOTORESIST|SOFT BAKE|ALIGN MASK LEVEL 5|EXPOSE LITHO LEVEL 5|DEVELOP PHOTORESIST|VIA OPENING INSPECTION|VIA ETCH|STRIP PHOTORESIST|CLEAN AFTER VIA ETCH|MEASURE VIA CD|DEPOSIT BARRIER METAL|DEPOSIT METAL SEED|FILL VIA METAL|CMP METAL|MEASURE VIA RESISTANCE|DEPOSIT METAL 1|ANNEAL METAL 1|SPIN COAT PHOTORESIST|SOFT BAKE|ALIGN MASK LEVEL 6|EXPOSE LITHO LEVEL 6|DEVELOP PHOTORESIST|METAL PATTERN INSPECTION|METAL ETCH DRY|STRIP PHOTORESIST|CLEAN AFTER METAL ETCH|MEASURE LINE WIDTH|DEPOSIT PASSIVATION|CURE PASSIVATION|MEASURE PASSIVATION QUALITY|OPEN BOND PAD WINDOW|OPEN PAD WINDOW LITHO|DEVELOP PAD WINDOW|PASSIVATION ETCH PAD OPENING|STRIP PHOTORESIST|CLEAN PAD OPENING|MEASURE PAD OPENING|BACKSIDE GRIND|MEASURE WAFER THICKNESS|BACKSIDE ETCH CLEAN|BACKSIDE RINSE|BACKSIDE DRY|BACKSIDE METALLIZATION PREP|DEPOSIT BACKSIDE METAL|BACKSIDE ANNEAL|MEASURE BACKSIDE CONTACT|FINAL CLEAN|FINAL THICKNESS MEASURE|FINAL GEOMETRY CHECK|FINAL CD INSPECTION|FINAL PARTICLE INSPECTION|PARAMETRIC TEST|LEAKAGE TEST|BREAKDOWN VOLTAGE TEST|SWITCHING TEST|YIELD ANALYSIS|WAFER SORT TEST|LOT RELEASE|SHIP LOT|FINAL CD INSPECTION|FINAL PARTICLE INSPECTION|PARAMETRIC TEST|SWITCHING TEST|FINAL LOT RELEASE|SHIP LOT|FINAL CD INSPECTION|FINAL PARTICLE INSPECTION|PARAMETRIC TEST|SWITCHING TEST|WAFER SORT TEST|FINAL LOT RELEASE|SHIP LOT|FINAL CD INSPECTION|FINAL PARTICLE INSPECTION|PARAMETRIC TEST|SWITCHING TEST|FINAL LOT RELEASE|SHIP LOT|FINAL CD INSPECTION
valid_0240,CURE PASSIVATION|MEASURE PASSIVATION QUALITY|OPEN BOND PAD WINDOW|OPEN PAD WINDOW LITHO|DEVELOP PAD WINDOW|PASSIVATION ETCH PAD OPENING|STRIP PHOTORESIST|CLEAN PAD OPENING|MEASURE PAD OPENING|BACKSIDE GRIND|MEASURE WAFER THICKNESS|BACKSIDE ETCH CLEAN|BACKSIDE RINSE|BACKSIDE DRY|BACKSIDE METALLIZATION PREP|DEPOSIT BACKSIDE METAL|BACKSIDE ANNEAL|MEASURE BACKSIDE CONTACT|FINAL CLEAN|FINAL THICKNESS MEASURE|FINAL GEOMETRY CHECK|FINAL CD INSPECTION|FINAL PARTICLE INSPECTION|PARAMETRIC TEST|LEAKAGE TEST|BREAKDOWN VOLTAGE TEST|SWITCHING TEST|YIELD ANALYSIS|WAFER SORT TEST|LOT RELEASE|SHIP LOT|FINAL CD INSPECTION|FINAL PARTICLE INSPECTION|PARAMETRIC TEST|SWITCHING TEST|WAFER SORT TEST|FINAL LOT RELEASE|SHIP LOT|FINAL CD INSPECTION|FINAL PARTICLE INSPECTION|PARAMETRIC TEST|SWITCHING TEST|FINAL LOT RELEASE|SHIP LOT|FINAL CD INSPECTION|FINAL PARTICLE INSPECTION|PARAMETRIC TEST|LEAKAGE TEST|BREAKDOWN VOLTAGE TEST|SWITCHING TEST|FINAL LOT RELEASE|SHIP LOT|FINAL CD INSPECTION|FINAL PARTICLE INSPECTION|PARAMETRIC TEST|SWITCHING TEST|WAFER SORT TEST|FINAL LOT RELEASE|SHIP LOT|FINAL CD INSPECTION|FINAL PARTICLE INSPECTION|PARAMETRIC TEST|LEAKAGE TEST|BREAKDOWN VOLTAGE TEST|SWITCHING TEST|WAFER SORT TEST|FINAL LOT RELEASE|SHIP LOT|FINAL CD INSPECTION|FINAL PARTICLE INSPECTION|PARAMETRIC TEST|LEAKAGE TEST|BREAKDOWN VOLTAGE TEST|SWITCHING TEST|WAFER SORT TEST|FINAL LOT RELEASE|SHIP LOT|FINAL CD INSPECTION|FINAL PARTICLE INSPECTION|PARAMETRIC TEST
valid_0241,MEASURE FILM THICKNESS|CMP DIELECTRIC|MEASURE SURFACE PLANARITY|SPIN COAT PHOTORESIST|SOFT BAKE|ALIGN MASK LEVEL 5|EXPOSE LITHO LEVEL 5|DEVELOP PHOTORESIST|VIA OPENING INSPECTION|VIA ETCH|STRIP PHOTORESIST|CLEAN AFTER VIA ETCH|MEASURE VIA CD|DEPOSIT BARRIER METAL|DEPOSIT METAL SEED|FILL VIA METAL|CMP METAL|MEASURE VIA RESISTANCE|DEPOSIT TOP METAL|ANNEAL METAL 1|SPIN COAT PHOTORESIST|SOFT BAKE|ALIGN MASK LEVEL 6|EXPOSE LITHO LEVEL 6|DEVELOP PHOTORESIST|METAL PATTERN INSPECTION|METAL ETCH DRY|STRIP RESIST|CLEAN AFTER METAL ETCH|MEASURE LINE WIDTH|DEPOSIT PASSIVATION|CURE PASSIVATION|MEASURE PASSIVATION QUALITY|OPEN BOND PAD WINDOW|OPEN PAD WINDOW LITHO|DEVELOP PAD WINDOW|PASSIVATION ETCH PAD OPENING|STRIP PHOTORESIST|CLEAN PAD OPENING|MEASURE PAD OPENING|BACKSIDE GRIND|MEASURE WAFER THICKNESS|BACKSIDE ETCH CLEAN|BACKSIDE RINSE|BACKSIDE DRY|BACKSIDE METALLIZATION PREP|DEPOSIT BACKSIDE METAL|BACKSIDE ANNEAL|MEASURE BACKSIDE CONTACT|FINAL CLEAN|FINAL THICKNESS MEASURE|FINAL GEOMETRY CHECK|FINAL CD INSPECTION|FINAL PARTICLE INSPECTION|PARAMETRIC TEST|LEAKAGE TEST|BREAKDOWN VOLTAGE TEST|SWITCHING TEST|YIELD ANALYSIS|WAFER SORT TEST|LOT RELEASE|SHIP LOT|FINAL CD INSPECTION|FINAL PARTICLE INSPECTION|PARAMETRIC TEST|SWITCHING TEST|WAFER SORT TEST|FINAL LOT RELEASE|SHIP LOT|FINAL CD INSPECTION|FINAL PARTICLE INSPECTION|PARAMETRIC TEST|SWITCHING TEST|FINAL LOT RELEASE|SHIP LOT|FINAL CD INSPECTION|FINAL PARTICLE INSPECTION|PARAMETRIC TEST|LEAKAGE TEST|BREAKDOWN VOLTAGE TEST
valid_0242,CURE PASSIVATION|MEASURE PASSIVATION QUALITY|OPEN BOND PAD WINDOW|OPEN PAD WINDOW LITHO|DEVELOP PAD WINDOW|PASSIVATION ETCH PAD OPENING|STRIP PHOTORESIST|CLEAN PAD OPENING|MEASURE PAD OPENING|BACKSIDE GRIND|MEASURE WAFER THICKNESS|BACKSIDE ETCH CLEAN|BACKSIDE RINSE|BACKSIDE DRY|BACKSIDE METALLIZATION PREP|DEPOSIT BACKSIDE METAL|BACKSIDE ANNEAL|MEASURE BACKSIDE CONTACT|FINAL CLEAN|FINAL THICKNESS MEASURE|FINAL GEOMETRY CHECK|FINAL CD INSPECTION|FINAL PARTICLE INSPECTION|PARAMETRIC TEST|LEAKAGE TEST|BREAKDOWN VOLTAGE TEST|SWITCHING TEST|YIELD ANALYSIS|WAFER SORT TEST|LOT RELEASE|SHIP LOT|FINAL CD INSPECTION|FINAL PARTICLE INSPECTION|PARAMETRIC TEST|SWITCHING TEST|WAFER SORT TEST|FINAL LOT RELEASE|SHIP LOT|FINAL CD INSPECTION|FINAL PARTICLE INSPECTION|PARAMETRIC TEST|SWITCHING TEST|FINAL LOT RELEASE|SHIP LOT|FINAL CD INSPECTION|FINAL PARTICLE INSPECTION|PARAMETRIC TEST|LEAKAGE TEST|BREAKDOWN VOLTAGE TEST|SWITCHING TEST|FINAL LOT RELEASE|SHIP LOT|FINAL CD INSPECTION|FINAL PARTICLE INSPECTION|PARAMETRIC TEST|SWITCHING TEST|WAFER SORT TEST|FINAL LOT RELEASE|SHIP LOT|FINAL CD INSPECTION|FINAL PARTICLE INSPECTION|PARAMETRIC TEST|LEAKAGE TEST|BREAKDOWN VOLTAGE TEST|SWITCHING TEST|WAFER SORT TEST|FINAL LOT RELEASE|SHIP LOT|FINAL CD INSPECTION|FINAL PARTICLE INSPECTION|PARAMETRIC TEST|LEAKAGE TEST|BREAKDOWN VOLTAGE TEST|SWITCHING TEST|WAFER SORT TEST|FINAL LOT RELEASE|SHIP LOT|FINAL CD INSPECTION|FINAL PARTICLE INSPECTION|PARAMETRIC TEST
valid_0243,CMP DIELECTRIC|MEASURE SURFACE PLANARITY|SPIN COAT PHOTORESIST|SOFT BAKE|ALIGN MASK LEVEL 5|EXPOSE LITHO LEVEL 5|DEVELOP PHOTORESIST|VIA OPENING INSPECTION|VIA ETCH|STRIP PHOTORESIST|CLEAN AFTER VIA ETCH|MEASURE VIA CD|DEPOSIT BARRIER METAL|DEPOSIT METAL SEED|FILL VIA METAL|CMP METAL|MEASURE VIA RESISTANCE|DEPOSIT METAL 1|ANNEAL METAL 1|SPIN COAT PHOTORESIST|SOFT BAKE|ALIGN MASK LEVEL 6|EXPOSE LITHO LEVEL 6|DEVELOP PHOTORESIST|METAL PATTERN INSPECTION|METAL ETCH DRY|STRIP RESIST|CLEAN AFTER METAL ETCH|MEASURE LINE WIDTH|DEPOSIT PASSIVATION|CURE PASSIVATION|MEASURE PASSIVATION QUALITY|OPEN BOND PAD WINDOW|OPEN PAD WINDOW LITHO|DEVELOP PAD WINDOW|PASSIVATION ETCH PAD OPENING|STRIP PHOTORESIST|CLEAN PAD OPENING|MEASURE PAD OPENING|BACKSIDE GRIND|MEASURE WAFER THICKNESS|BACKSIDE ETCH CLEAN|BACKSIDE RINSE|BACKSIDE DRY|BACKSIDE METALLIZATION PREP|DEPOSIT BACKSIDE METAL|BACKSIDE ANNEAL|MEASURE BACKSIDE CONTACT|FINAL CLEAN|FINAL THICKNESS MEASURE|FINAL GEOMETRY CHECK|FINAL CD INSPECTION|FINAL PARTICLE INSPECTION|PARAMETRIC TEST|LEAKAGE TEST|BREAKDOWN VOLTAGE TEST|SWITCHING TEST|YIELD ANALYSIS|WAFER SORT TEST|LOT RELEASE|SHIP LOT|FINAL CD INSPECTION|FINAL PARTICLE INSPECTION|PARAMETRIC TEST|SWITCHING TEST|FINAL LOT RELEASE|SHIP LOT|FINAL CD INSPECTION|FINAL PARTICLE INSPECTION|PARAMETRIC TEST|SWITCHING TEST|WAFER SORT TEST|FINAL LOT RELEASE|SHIP LOT|FINAL CD INSPECTION|FINAL PARTICLE INSPECTION|PARAMETRIC TEST|LEAKAGE TEST|BREAKDOWN VOLTAGE TEST|SWITCHING TEST
valid_0244,MEASURE LINE WIDTH|DEPOSIT PASSIVATION|CURE PASSIVATION|MEASURE PASSIVATION QUALITY|OPEN BOND PAD WINDOW|OPEN PAD WINDOW LITHO|DEVELOP PAD WINDOW|PASSIVATION ETCH PAD OPENING|STRIP PHOTORESIST|CLEAN PAD OPENING|MEASURE PAD OPENING|BACKSIDE GRIND|MEASURE WAFER THICKNESS|BACKSIDE ETCH CLEAN|BACKSIDE RINSE|BACKSIDE DRY|BACKSIDE METALLIZATION PREP|DEPOSIT BACKSIDE METAL|BACKSIDE ANNEAL|MEASURE BACKSIDE CONTACT|FINAL CLEAN|FINAL THICKNESS MEASURE|FINAL GEOMETRY CHECK|FINAL CD INSPECTION|FINAL PARTICLE INSPECTION|PARAMETRIC TEST|LEAKAGE TEST|BREAKDOWN VOLTAGE TEST|SWITCHING TEST|YIELD ANALYSIS|WAFER SORT TEST|LOT RELEASE|SHIP LOT|FINAL CD INSPECTION|FINAL PARTICLE INSPECTION|PARAMETRIC TEST|SWITCHING TEST|WAFER SORT TEST|LOT RELEASE|SHIP LOT|FINAL CD INSPECTION|FINAL PARTICLE INSPECTION|PARAMETRIC TEST|SWITCHING TEST|FINAL LOT RELEASE|SHIP LOT|FINAL CD INSPECTION|FINAL PARTICLE INSPECTION|PARAMETRIC TEST|LEAKAGE TEST|BREAKDOWN VOLTAGE TEST|SWITCHING TEST|FINAL LOT RELEASE|SHIP LOT|FINAL CD INSPECTION|FINAL PARTICLE INSPECTION|PARAMETRIC TEST|SWITCHING TEST|WAFER SORT TEST|FINAL LOT RELEASE|SHIP LOT|FINAL CD INSPECTION|FINAL PARTICLE INSPECTION|PARAMETRIC TEST|LEAKAGE TEST|BREAKDOWN VOLTAGE TEST|SWITCHING TEST|WAFER SORT TEST|FINAL LOT RELEASE|SHIP LOT|FINAL CD INSPECTION|FINAL PARTICLE INSPECTION|PARAMETRIC TEST|LEAKAGE TEST|BREAKDOWN VOLTAGE TEST|SWITCHING TEST|WAFER SORT TEST|FINAL LOT RELEASE|SHIP LOT|FINAL CD INSPECTION
valid_0245,SPIN COAT PHOTORESIST|SOFT BAKE|ALIGN MASK LEVEL 5|EXPOSE LITHO LEVEL 5|DEVELOP PHOTORESIST|VIA OPENING INSPECTION|VIA ETCH|STRIP PHOTORESIST|CLEAN AFTER VIA ETCH|MEASURE VIA CD|DEPOSIT BARRIER METAL|DEPOSIT METAL SEED|FILL VIA METAL|CMP METAL|MEASURE VIA RESISTANCE|DEPOSIT TOP METAL|ANNEAL METAL 1|SPIN COAT PHOTORESIST|SOFT BAKE|ALIGN MASK LEVEL 6|EXPOSE LITHO LEVEL 6|DEVELOP PHOTORESIST|METAL PATTERN INSPECTION|METAL ETCH DRY|STRIP PHOTORESIST|CLEAN AFTER METAL ETCH|MEASURE LINE WIDTH|DEPOSIT PASSIVATION|CURE PASSIVATION|MEASURE PASSIVATION QUALITY|OPEN BOND PAD WINDOW|OPEN PAD WINDOW LITHO|DEVELOP PAD WINDOW|PASSIVATION ETCH PAD OPENING|STRIP PHOTORESIST|CLEAN PAD OPENING|MEASURE PAD OPENING|BACKSIDE GRIND|MEASURE WAFER THICKNESS|BACKSIDE ETCH CLEAN|BACKSIDE RINSE|BACKSIDE DRY|BACKSIDE METALLIZATION PREP|DEPOSIT BACKSIDE METAL|BACKSIDE ANNEAL|MEASURE BACKSIDE CONTACT|FINAL CLEAN|FINAL THICKNESS MEASURE|FINAL GEOMETRY CHECK|FINAL CD INSPECTION|FINAL PARTICLE INSPECTION|PARAMETRIC TEST|LEAKAGE TEST|BREAKDOWN VOLTAGE TEST|SWITCHING TEST|YIELD ANALYSIS|WAFER SORT TEST|LOT RELEASE|SHIP LOT|FINAL CD INSPECTION|FINAL PARTICLE INSPECTION|ELECTRICAL PARAMETRIC TEST|LEAKAGE TEST|BREAKDOWN VOLTAGE TEST|SWITCHING TEST|FINAL LOT RELEASE|SHIP LOT|FINAL CD INSPECTION|FINAL PARTICLE INSPECTION|PARAMETRIC TEST|SWITCHING TEST|WAFER SORT TEST|FINAL LOT RELEASE|SHIP LOT|FINAL CD INSPECTION|FINAL PARTICLE INSPECTION|PARAMETRIC TEST|SWITCHING TEST|FINAL LOT RELEASE|SHIP LOT
valid_0246,MEASURE PASSIVATION QUALITY|OPEN BOND PAD WINDOW|OPEN PAD WINDOW LITHO|DEVELOP PAD WINDOW|PASSIVATION ETCH PAD OPENING|STRIP PHOTORESIST|CLEAN PAD OPENING|MEASURE PAD OPENING|BACKSIDE GRIND|MEASURE WAFER THICKNESS|BACKSIDE ETCH CLEAN|BACKSIDE RINSE|BACKSIDE DRY|BACKSIDE METALLIZATION PREP|DEPOSIT BACKSIDE METAL|BACKSIDE ANNEAL|MEASURE BACKSIDE CONTACT|FINAL CLEAN|FINAL THICKNESS MEASURE|FINAL GEOMETRY CHECK|FINAL CD INSPECTION|FINAL PARTICLE INSPECTION|PARAMETRIC TEST|LEAKAGE TEST|BREAKDOWN VOLTAGE TEST|SWITCHING TEST|YIELD ANALYSIS|WAFER SORT TEST|LOT RELEASE|SHIP LOT|FINAL CD INSPECTION|FINAL PARTICLE INSPECTION|PARAMETRIC TEST|SWITCHING TEST|FINAL LOT RELEASE|SHIP LOT|FINAL CD INSPECTION|FINAL PARTICLE INSPECTION|PARAMETRIC TEST|SWITCHING TEST|WAFER SORT TEST|FINAL LOT RELEASE|SHIP LOT|FINAL CD INSPECTION|FINAL PARTICLE INSPECTION|PARAMETRIC TEST|SWITCHING TEST|FINAL LOT RELEASE|SHIP LOT|FINAL CD INSPECTION|FINAL PARTICLE INSPECTION|PARAMETRIC TEST|LEAKAGE TEST|BREAKDOWN VOLTAGE TEST|SWITCHING TEST|FINAL LOT RELEASE|SHIP LOT|FINAL CD INSPECTION|FINAL PARTICLE INSPECTION|PARAMETRIC TEST|SWITCHING TEST|WAFER SORT TEST|LOT RELEASE|SHIP LOT|IMPLANT P BODY|LEAKAGE TEST|BREAKDOWN VOLTAGE TEST|SWITCHING TEST|WAFER SORT TEST|FINAL LOT RELEASE|SHIP LOT|FINAL CD INSPECTION|FINAL PARTICLE INSPECTION|PARAMETRIC TEST|LEAKAGE TEST|BREAKDOWN VOLTAGE TEST|SWITCHING TEST|WAFER SORT TEST|FINAL LOT RELEASE|SHIP LOT
valid_0247,SPIN COAT PHOTORESIST|SOFT BAKE|ALIGN MASK LEVEL 5|EXPOSE LITHO LEVEL 5|DEVELOP PHOTORESIST|VIA OPENING INSPECTION|VIA ETCH|STRIP PHOTORESIST|CLEAN AFTER VIA ETCH|MEASURE VIA CD|DEPOSIT BARRIER METAL|DEPOSIT METAL SEED|FILL VIA METAL|CMP METAL|MEASURE VIA RESISTANCE|DEPOSIT TOP METAL|ANNEAL METAL 1|SPIN COAT PHOTORESIST|SOFT BAKE|ALIGN MASK LEVEL 6|EXPOSE LITHO LEVEL 6|DEVELOP PHOTORESIST|METAL PATTERN INSPECTION|METAL ETCH DRY|STRIP PHOTORESIST|CLEAN AFTER METAL ETCH|MEASURE LINE WIDTH|DEPOSIT PASSIVATION|CURE PASSIVATION|MEASURE PASSIVATION QUALITY|OPEN BOND PAD WINDOW|OPEN PAD WINDOW LITHO|DEVELOP PAD WINDOW|PASSIVATION ETCH PAD OPENING|STRIP PHOTORESIST|CLEAN PAD OPENING|MEASURE PAD OPENING|BACKSIDE GRIND|MEASURE WAFER THICKNESS|BACKSIDE ETCH CLEAN|BACKSIDE RINSE|BACKSIDE DRY|BACKSIDE METALLIZATION PREP|DEPOSIT BACKSIDE METAL|BACKSIDE ANNEAL|MEASURE BACKSIDE CONTACT|FINAL CLEAN|FINAL THICKNESS MEASURE|FINAL GEOMETRY CHECK|FINAL CD INSPECTION|FINAL PARTICLE INSPECTION|PARAMETRIC TEST|LEAKAGE TEST|BREAKDOWN VOLTAGE TEST|SWITCHING TEST|YIELD ANALYSIS|WAFER SORT TEST|LOT RELEASE|SHIP LOT|FINAL CD INSPECTION|FINAL PARTICLE INSPECTION|PARAMETRIC TEST|SWITCHING TEST|FINAL LOT RELEASE|SHIP LOT|FINAL CD INSPECTION|FINAL PARTICLE INSPECTION|PARAMETRIC TEST|SWITCHING TEST|WAFER SORT TEST|FINAL LOT RELEASE|SHIP LOT|FINAL CD INSPECTION|FINAL PARTICLE INSPECTION|PARAMETRIC TEST|SWITCHING TEST|FINAL LOT RELEASE|SHIP LOT|FINAL CD INSPECTION|FINAL PARTICLE INSPECTION
valid_0248,CURE PASSIVATION|MEASURE PASSIVATION QUALITY|OPEN BOND PAD WINDOW|OPEN PAD WINDOW LITHO|DEVELOP PAD WINDOW|PASSIVATION ETCH PAD OPENING|STRIP PHOTORESIST|CLEAN PAD OPENING|MEASURE PAD OPENING|BACKSIDE GRIND|MEASURE WAFER THICKNESS|BACKSIDE ETCH CLEAN|BACKSIDE RINSE|BACKSIDE DRY|BACKSIDE METALLIZATION PREP|DEPOSIT BACKSIDE METAL|BACKSIDE ANNEAL|MEASURE BACKSIDE CONTACT|FINAL CLEAN|FINAL THICKNESS MEASURE|FINAL GEOMETRY CHECK|FINAL CD INSPECTION|FINAL PARTICLE INSPECTION|PARAMETRIC TEST|LEAKAGE TEST|BREAKDOWN VOLTAGE TEST|SWITCHING TEST|YIELD ANALYSIS|WAFER SORT TEST|LOT RELEASE|SHIP LOT|FINAL CD INSPECTION|FINAL PARTICLE INSPECTION|PARAMETRIC TEST|SWITCHING TEST|FINAL LOT RELEASE|SHIP LOT|FINAL CD INSPECTION|FINAL PARTICLE INSPECTION|PARAMETRIC TEST|SWITCHING TEST|WAFER SORT TEST|FINAL LOT RELEASE|SHIP LOT|FINAL CD INSPECTION|FINAL PARTICLE INSPECTION|PARAMETRIC TEST|SWITCHING TEST|FINAL LOT RELEASE|SHIP LOT|FINAL CD INSPECTION|FINAL PARTICLE INSPECTION|PARAMETRIC TEST|LEAKAGE TEST|BREAKDOWN VOLTAGE TEST|SWITCHING TEST|FINAL LOT RELEASE|SHIP LOT|FINAL CD INSPECTION|FINAL PARTICLE INSPECTION|PARAMETRIC TEST|SWITCHING TEST|WAFER SORT TEST|FINAL LOT RELEASE|SHIP LOT|IMPLANT P BODY|LEAKAGE TEST|BREAKDOWN VOLTAGE TEST|SWITCHING TEST|WAFER SORT TEST|FINAL LOT RELEASE|SHIP LOT|FINAL CD INSPECTION|FINAL PARTICLE INSPECTION|PARAMETRIC TEST|LEAKAGE TEST|BREAKDOWN VOLTAGE TEST|SWITCHING TEST|WAFER SORT TEST|FINAL LOT RELEASE
valid_0249,SOFT BAKE|ALIGN MASK LEVEL 5|EXPOSE LITHO LEVEL 5|DEVELOP PHOTORESIST|VIA OPENING INSPECTION|VIA ETCH|STRIP PHOTORESIST|CLEAN AFTER VIA ETCH|MEASURE VIA CD|DEPOSIT BARRIER METAL|DEPOSIT METAL SEED|FILL VIA METAL|CMP METAL|MEASURE VIA RESISTANCE|DEPOSIT TOP METAL|ANNEAL METAL 1|SPIN COAT PHOTORESIST|SOFT BAKE|ALIGN MASK LEVEL 6|EXPOSE LITHO LEVEL 6|DEVELOP PHOTORESIST|METAL PATTERN INSPECTION|METAL ETCH DRY|STRIP PHOTORESIST|CLEAN AFTER METAL ETCH|MEASURE LINE WIDTH|DEPOSIT PASSIVATION|CURE PASSIVATION|MEASURE PASSIVATION QUALITY|OPEN BOND PAD WINDOW|OPEN PAD WINDOW LITHO|DEVELOP PAD WINDOW|PASSIVATION ETCH PAD OPENING|STRIP PHOTORESIST|CLEAN PAD OPENING|MEASURE PAD OPENING|BACKSIDE GRIND|MEASURE WAFER THICKNESS|BACKSIDE ETCH CLEAN|BACKSIDE RINSE|BACKSIDE DRY|BACKSIDE METALLIZATION PREP|DEPOSIT BACKSIDE METAL|BACKSIDE ANNEAL|MEASURE BACKSIDE CONTACT|FINAL CLEAN|FINAL THICKNESS MEASURE|FINAL GEOMETRY CHECK|FINAL CD INSPECTION|FINAL PARTICLE INSPECTION|PARAMETRIC TEST|LEAKAGE TEST|BREAKDOWN VOLTAGE TEST|SWITCHING TEST|YIELD ANALYSIS|WAFER SORT TEST|LOT RELEASE|SHIP LOT|FINAL CD INSPECTION|FINAL PARTICLE INSPECTION|PARAMETRIC TEST|SWITCHING TEST|FINAL LOT RELEASE|SHIP LOT|FINAL CD INSPECTION|FINAL PARTICLE INSPECTION|PARAMETRIC TEST|SWITCHING TEST|FINAL LOT RELEASE|SHIP LOT|FINAL CD INSPECTION|FINAL PARTICLE INSPECTION|PARAMETRIC TEST|SWITCHING TEST|WAFER SORT TEST|FINAL LOT RELEASE|SHIP LOT|FINAL CD INSPECTION|FINAL PARTICLE INSPECTION|PARAMETRIC TEST
valid_0250,CURE PASSIVATION|MEASURE PASSIVATION QUALITY|OPEN BOND PAD WINDOW|OPEN PAD WINDOW LITHO|DEVELOP PAD WINDOW|PASSIVATION ETCH PAD OPENING|STRIP PHOTORESIST|CLEAN PAD OPENING|MEASURE PAD OPENING|BACKSIDE GRIND|MEASURE WAFER THICKNESS|BACKSIDE ETCH CLEAN|BACKSIDE RINSE|BACKSIDE DRY|BACKSIDE METALLIZATION PREP|DEPOSIT BACKSIDE METAL|BACKSIDE ANNEAL|MEASURE BACKSIDE CONTACT|FINAL CLEAN|FINAL THICKNESS MEASURE|FINAL GEOMETRY CHECK|FINAL CD INSPECTION|FINAL PARTICLE INSPECTION|PARAMETRIC TEST|LEAKAGE TEST|BREAKDOWN VOLTAGE TEST|SWITCHING TEST|YIELD ANALYSIS|WAFER SORT TEST|LOT RELEASE|SHIP LOT|FINAL CD INSPECTION|FINAL PARTICLE INSPECTION|PARAMETRIC TEST|SWITCHING TEST|FINAL LOT RELEASE|SHIP LOT|FINAL CD INSPECTION|FINAL PARTICLE INSPECTION|PARAMETRIC TEST|SWITCHING TEST|FINAL LOT RELEASE|SHIP LOT|FINAL CD INSPECTION|FINAL PARTICLE INSPECTION|PARAMETRIC TEST|SWITCHING TEST|FINAL LOT RELEASE|SHIP LOT|FINAL CD INSPECTION|FINAL PARTICLE INSPECTION|PARAMETRIC TEST|LEAKAGE TEST|BREAKDOWN VOLTAGE TEST|SWITCHING TEST|FINAL LOT RELEASE|SHIP LOT|FINAL CD INSPECTION|FINAL PARTICLE INSPECTION|PARAMETRIC TEST|SWITCHING TEST|WAFER SORT TEST|FINAL LOT RELEASE|SHIP LOT|FINAL CD INSPECTION|FINAL PARTICLE INSPECTION|PARAMETRIC TEST|LEAKAGE TEST|BREAKDOWN VOLTAGE TEST|SWITCHING TEST|WAFER SORT TEST|FINAL LOT RELEASE|SHIP LOT|FINAL CD INSPECTION|FINAL PARTICLE INSPECTION|PARAMETRIC TEST|LEAKAGE TEST|BREAKDOWN VOLTAGE TEST|SWITCHING TEST|WAFER SORT TEST
valid_0251,MEASURE SURFACE PLANARITY|SPIN COAT PHOTORESIST|SOFT BAKE|ALIGN MASK LEVEL 5|EXPOSE LITHO LEVEL 5|DEVELOP PHOTORESIST|VIA OPENING INSPECTION|VIA ETCH|STRIP PHOTORESIST|CLEAN AFTER VIA ETCH|MEASURE VIA CD|DEPOSIT BARRIER METAL|DEPOSIT METAL SEED|FILL VIA METAL|CMP METAL|MEASURE VIA RESISTANCE|DEPOSIT TOP METAL|ANNEAL METAL 1|SPIN COAT PHOTORESIST|SOFT BAKE|ALIGN MASK LEVEL 6|EXPOSE LITHO LEVEL 6|DEVELOP PHOTORESIST|METAL PATTERN INSPECTION|METAL ETCH DRY|STRIP PHOTORESIST|CLEAN AFTER METAL ETCH|MEASURE LINE WIDTH|DEPOSIT PASSIVATION|CURE PASSIVATION|MEASURE PASSIVATION QUALITY|OPEN BOND PAD WINDOW|OPEN PAD WINDOW LITHO|DEVELOP PAD WINDOW|PASSIVATION ETCH PAD OPENING|STRIP PHOTORESIST|CLEAN PAD OPENING|MEASURE PAD OPENING|BACKSIDE GRIND|MEASURE WAFER THICKNESS|BACKSIDE ETCH CLEAN|BACKSIDE RINSE|BACKSIDE DRY|BACKSIDE METALLIZATION PREP|DEPOSIT BACKSIDE METAL|BACKSIDE ANNEAL|MEASURE BACKSIDE CONTACT|FINAL CLEAN|FINAL THICKNESS MEASURE|FINAL GEOMETRY CHECK|FINAL CD INSPECTION|FINAL PARTICLE INSPECTION|PARAMETRIC TEST|LEAKAGE TEST|BREAKDOWN VOLTAGE TEST|SWITCHING TEST|YIELD ANALYSIS|WAFER SORT TEST|LOT RELEASE|SHIP LOT|FINAL CD INSPECTION|FINAL PARTICLE INSPECTION|PARAMETRIC TEST|SWITCHING TEST|FINAL LOT RELEASE|SHIP LOT|FINAL CD INSPECTION|FINAL PARTICLE INSPECTION|PARAMETRIC TEST|SWITCHING TEST|FINAL LOT RELEASE|SHIP LOT|FINAL CD INSPECTION|FINAL PARTICLE INSPECTION|PARAMETRIC TEST|SWITCHING TEST|FINAL LOT RELEASE|SHIP LOT|FINAL CD INSPECTION|FINAL PARTICLE INSPECTION
valid_0252,MEASURE PASSIVATION QUALITY|OPEN BOND PAD WINDOW|OPEN PAD WINDOW LITHO|DEVELOP PAD WINDOW|PASSIVATION ETCH PAD OPENING|STRIP RESIST|CLEAN PAD OPENING|MEASURE PAD OPENING|BACKSIDE GRIND|MEASURE WAFER THICKNESS|BACKSIDE ETCH CLEAN|BACKSIDE RINSE|BACKSIDE DRY|BACKSIDE METALLIZATION PREP|DEPOSIT BACKSIDE METAL|BACKSIDE ANNEAL|MEASURE BACKSIDE CONTACT|FINAL CLEAN|FINAL THICKNESS MEASURE|FINAL GEOMETRY CHECK|FINAL CD INSPECTION|FINAL PARTICLE INSPECTION|PARAMETRIC TEST|LEAKAGE TEST|BREAKDOWN VOLTAGE TEST|SWITCHING TEST|YIELD ANALYSIS|WAFER SORT TEST|LOT RELEASE|SHIP LOT|FINAL CD INSPECTION|FINAL PARTICLE INSPECTION|ELECTRICAL PARAMETRIC TEST|LEAKAGE TEST|BREAKDOWN VOLTAGE TEST|SWITCHING TEST|FINAL LOT RELEASE|SHIP LOT|FINAL CD INSPECTION|FINAL PARTICLE INSPECTION|PARAMETRIC TEST|SWITCHING TEST|WAFER SORT TEST|FINAL LOT RELEASE|SHIP LOT|FINAL CD INSPECTION|FINAL PARTICLE INSPECTION|PARAMETRIC TEST|SWITCHING TEST|FINAL LOT RELEASE|SHIP LOT|FINAL CD INSPECTION|FINAL PARTICLE INSPECTION|PARAMETRIC TEST|SWITCHING TEST|FINAL LOT RELEASE|SHIP LOT|FINAL CD INSPECTION|FINAL PARTICLE INSPECTION|PARAMETRIC TEST|SWITCHING TEST|WAFER SORT TEST|FINAL LOT RELEASE|SHIP LOT|FINAL CD INSPECTION|FINAL PARTICLE INSPECTION|PARAMETRIC TEST|SWITCHING TEST|WAFER SORT TEST|FINAL LOT RELEASE|SHIP LOT|FINAL CD INSPECTION|FINAL PARTICLE INSPECTION|PARAMETRIC TEST|LEAKAGE TEST|BREAKDOWN VOLTAGE TEST|SWITCHING TEST|WAFER SORT TEST|FINAL LOT RELEASE|SHIP LOT
valid_0253,SPIN COAT PHOTORESIST|SOFT BAKE|ALIGN MASK LEVEL 5|EXPOSE LITHO LEVEL 5|DEVELOP PHOTORESIST|VIA OPENING INSPECTION|VIA ETCH|STRIP PHOTORESIST|CLEAN AFTER VIA ETCH|MEASURE VIA CD|DEPOSIT BARRIER METAL|DEPOSIT METAL SEED|FILL VIA METAL|CMP METAL|MEASURE VIA RESISTANCE|DEPOSIT TOP METAL|ANNEAL METAL 1|SPIN COAT PHOTORESIST|SOFT BAKE|ALIGN MASK LEVEL 6|EXPOSE LITHO LEVEL 6|DEVELOP PHOTORESIST|METAL PATTERN INSPECTION|METAL ETCH DRY|STRIP PHOTORESIST|CLEAN AFTER METAL ETCH|MEASURE LINE WIDTH|DEPOSIT PASSIVATION|CURE PASSIVATION|MEASURE PASSIVATION QUALITY|OPEN BOND PAD WINDOW|OPEN PAD WINDOW LITHO|DEVELOP PAD WINDOW|PASSIVATION ETCH PAD OPENING|STRIP PHOTORESIST|CLEAN PAD OPENING|MEASURE PAD OPENING|BACKSIDE GRIND|MEASURE WAFER THICKNESS|BACKSIDE ETCH CLEAN|BACKSIDE RINSE|BACKSIDE DRY|BACKSIDE METALLIZATION PREP|DEPOSIT BACKSIDE METAL|BACKSIDE ANNEAL|MEASURE BACKSIDE CONTACT|FINAL CLEAN|FINAL THICKNESS MEASURE|FINAL GEOMETRY CHECK|FINAL CD INSPECTION|FINAL PARTICLE INSPECTION|PARAMETRIC TEST|LEAKAGE TEST|BREAKDOWN VOLTAGE TEST|SWITCHING TEST|YIELD ANALYSIS|WAFER SORT TEST|LOT RELEASE|SHIP LOT|FINAL CD INSPECTION|FINAL PARTICLE INSPECTION|PARAMETRIC TEST|SWITCHING TEST|FINAL LOT RELEASE|SHIP LOT|FINAL CD INSPECTION|FINAL PARTICLE INSPECTION|PARAMETRIC TEST|SWITCHING TEST|WAFER SORT TEST|FINAL LOT RELEASE|SHIP LOT|FINAL CD INSPECTION|FINAL PARTICLE INSPECTION|PARAMETRIC TEST|SWITCHING TEST|FINAL LOT RELEASE|SHIP LOT|FINAL CD INSPECTION|FINAL PARTICLE INSPECTION
valid_0254,MEASURE PASSIVATION QUALITY|OPEN BOND PAD WINDOW|OPEN PAD WINDOW LITHO|DEVELOP PAD WINDOW|PASSIVATION ETCH PAD OPENING|STRIP PHOTORESIST|CLEAN PAD OPENING|MEASURE PAD OPENING|BACKSIDE GRIND|MEASURE WAFER THICKNESS|BACKSIDE ETCH CLEAN|BACKSIDE RINSE|BACKSIDE DRY|BACKSIDE METALLIZATION PREP|DEPOSIT BACKSIDE METAL|BACKSIDE ANNEAL|MEASURE BACKSIDE CONTACT|FINAL CLEAN|FINAL THICKNESS MEASURE|FINAL GEOMETRY CHECK|FINAL CD INSPECTION|FINAL PARTICLE INSPECTION|PARAMETRIC TEST|LEAKAGE TEST|BREAKDOWN VOLTAGE TEST|SWITCHING TEST|YIELD ANALYSIS|WAFER SORT TEST|LOT RELEASE|SHIP LOT|FINAL CD INSPECTION|FINAL PARTICLE INSPECTION|PARAMETRIC TEST|SWITCHING TEST|FINAL LOT RELEASE|SHIP LOT|FINAL CD INSPECTION|FINAL PARTICLE INSPECTION|PARAMETRIC TEST|SWITCHING TEST|WAFER SORT TEST|FINAL LOT RELEASE|SHIP LOT|FINAL CD INSPECTION|FINAL PARTICLE INSPECTION|PARAMETRIC TEST|SWITCHING TEST|FINAL LOT RELEASE|SHIP LOT|FINAL CD INSPECTION|FINAL PARTICLE INSPECTION|PARAMETRIC TEST|LEAKAGE TEST|BREAKDOWN VOLTAGE TEST|SWITCHING TEST|FINAL LOT RELEASE|SHIP LOT|FINAL CD INSPECTION|FINAL PARTICLE INSPECTION|PARAMETRIC TEST|SWITCHING TEST|WAFER SORT TEST|LOT RELEASE|SHIP LOT|IMPLANT P BODY|LEAKAGE TEST|BREAKDOWN VOLTAGE TEST|SWITCHING TEST|WAFER SORT TEST|FINAL LOT RELEASE|SHIP LOT|FINAL CD INSPECTION|FINAL PARTICLE INSPECTION|PARAMETRIC TEST|LEAKAGE TEST|BREAKDOWN VOLTAGE TEST|SWITCHING TEST|WAFER SORT TEST|FINAL LOT RELEASE|SHIP LOT
valid_0255,MEASURE SURFACE PLANARITY|SPIN COAT PHOTORESIST|SOFT BAKE|ALIGN MASK LEVEL 5|EXPOSE LITHO LEVEL 5|DEVELOP PHOTORESIST|VIA OPENING INSPECTION|VIA ETCH|STRIP PHOTORESIST|CLEAN AFTER VIA ETCH|MEASURE VIA CD|DEPOSIT BARRIER METAL|DEPOSIT METAL SEED|FILL VIA METAL|CMP METAL|MEASURE VIA RESISTANCE|DEPOSIT TOP METAL|ANNEAL METAL 1|SPIN COAT PHOTORESIST|SOFT BAKE|ALIGN MASK LEVEL 6|EXPOSE LITHO LEVEL 6|DEVELOP PHOTORESIST|METAL PATTERN INSPECTION|METAL ETCH DRY|STRIP PHOTORESIST|CLEAN AFTER METAL ETCH|MEASURE LINE WIDTH|DEPOSIT PASSIVATION|CURE PASSIVATION|MEASURE PASSIVATION QUALITY|OPEN BOND PAD WINDOW|OPEN PAD WINDOW LITHO|DEVELOP PAD WINDOW|PASSIVATION ETCH PAD OPENING|STRIP PHOTORESIST|CLEAN PAD OPENING|MEASURE PAD OPENING|BACKSIDE GRIND|MEASURE WAFER THICKNESS|BACKSIDE ETCH CLEAN|BACKSIDE RINSE|BACKSIDE DRY|BACKSIDE METALLIZATION PREP|DEPOSIT BACKSIDE METAL|BACKSIDE ANNEAL|MEASURE BACKSIDE CONTACT|FINAL CLEAN|FINAL THICKNESS MEASURE|FINAL GEOMETRY CHECK|FINAL CD INSPECTION|FINAL PARTICLE INSPECTION|PARAMETRIC TEST|LEAKAGE TEST|BREAKDOWN VOLTAGE TEST|SWITCHING TEST|YIELD ANALYSIS|WAFER SORT TEST|LOT RELEASE|SHIP LOT|FINAL CD INSPECTION|FINAL PARTICLE INSPECTION|PARAMETRIC TEST|SWITCHING TEST|FINAL LOT RELEASE|SHIP LOT|FINAL CD INSPECTION|FINAL PARTICLE INSPECTION|PARAMETRIC TEST|SWITCHING TEST|WAFER SORT TEST|FINAL LOT RELEASE|SHIP LOT|FINAL CD INSPECTION|FINAL PARTICLE INSPECTION|PARAMETRIC TEST|SWITCHING TEST|FINAL LOT RELEASE|SHIP LOT|FINAL CD INSPECTION
valid_0256,MEASURE PASSIVATION QUALITY|OPEN BOND PAD WINDOW|OPEN PAD WINDOW LITHO|DEVELOP PAD WINDOW|PASSIVATION ETCH PAD OPENING|STRIP PHOTORESIST|CLEAN PAD OPENING|MEASURE PAD OPENING|BACKSIDE GRIND|MEASURE WAFER THICKNESS|BACKSIDE ETCH CLEAN|BACKSIDE RINSE|BACKSIDE DRY|BACKSIDE METALLIZATION PREP|DEPOSIT BACKSIDE METAL|BACKSIDE ANNEAL|MEASURE BACKSIDE CONTACT|FINAL CLEAN|FINAL THICKNESS MEASURE|FINAL GEOMETRY CHECK|FINAL CD INSPECTION|FINAL PARTICLE INSPECTION|PARAMETRIC TEST|LEAKAGE TEST|BREAKDOWN VOLTAGE TEST|SWITCHING TEST|YIELD ANALYSIS|WAFER SORT TEST|LOT RELEASE|SHIP LOT|FINAL CD INSPECTION|FINAL PARTICLE INSPECTION|PARAMETRIC TEST|SWITCHING TEST|FINAL LOT RELEASE|SHIP LOT|FINAL CD INSPECTION|FINAL PARTICLE INSPECTION|PARAMETRIC TEST|SWITCHING TEST|FINAL LOT RELEASE|SHIP LOT|FINAL CD INSPECTION|FINAL PARTICLE INSPECTION|PARAMETRIC TEST|SWITCHING TEST|FINAL LOT RELEASE|SHIP LOT|FINAL CD INSPECTION|FINAL PARTICLE INSPECTION|PARAMETRIC TEST|LEAKAGE TEST|BREAKDOWN VOLTAGE TEST|SWITCHING TEST|FINAL LOT RELEASE|SHIP LOT|FINAL CD INSPECTION|FINAL PARTICLE INSPECTION|PARAMETRIC TEST|SWITCHING TEST|WAFER SORT TEST|FINAL LOT RELEASE|SHIP LOT|FINAL CD INSPECTION|FINAL PARTICLE INSPECTION|PARAMETRIC TEST|LEAKAGE TEST|BREAKDOWN VOLTAGE TEST|SWITCHING TEST|WAFER SORT TEST|FINAL LOT RELEASE|SHIP LOT|FINAL CD INSPECTION|FINAL PARTICLE INSPECTION|PARAMETRIC TEST|LEAKAGE TEST|BREAKDOWN VOLTAGE TEST|SWITCHING TEST|WAFER SORT TEST|FINAL LOT RELEASE
valid_0257,SPIN COAT PHOTORESIST|SOFT BAKE|ALIGN MASK LEVEL 5|EXPOSE LITHO LEVEL 5|DEVELOP PHOTORESIST|VIA OPENING INSPECTION|VIA ETCH|STRIP PHOTORESIST|CLEAN AFTER VIA ETCH|MEASURE VIA CD|DEPOSIT BARRIER METAL|DEPOSIT METAL SEED|FILL VIA METAL|CMP METAL|MEASURE VIA RESISTANCE|DEPOSIT METAL 1|ANNEAL METAL 1|SPIN COAT PHOTORESIST|SOFT BAKE|ALIGN MASK LEVEL 6|EXPOSE LITHO LEVEL 6|DEVELOP PHOTORESIST|METAL PATTERN INSPECTION|METAL ETCH DRY|STRIP PHOTORESIST|CLEAN AFTER METAL ETCH|MEASURE LINE WIDTH|DEPOSIT PASSIVATION|CURE PASSIVATION|MEASURE PASSIVATION QUALITY|OPEN BOND PAD WINDOW|OPEN PAD WINDOW LITHO|DEVELOP PHOTORESIST|PASSIVATION ETCH PAD OPENING|STRIP PHOTORESIST|CLEAN PAD OPENING|MEASURE PAD OPENING|BACKSIDE GRIND|MEASURE WAFER THICKNESS|BACKSIDE ETCH CLEAN|BACKSIDE RINSE|BACKSIDE DRY|BACKSIDE METALLIZATION PREP|DEPOSIT BACKSIDE METAL|BACKSIDE ANNEAL|MEASURE BACKSIDE CONTACT|FINAL CLEAN|FINAL THICKNESS MEASURE|FINAL GEOMETRY CHECK|FINAL CD INSPECTION|FINAL PARTICLE INSPECTION|PARAMETRIC TEST|LEAKAGE TEST|BREAKDOWN VOLTAGE TEST|SWITCHING TEST|YIELD ANALYSIS|WAFER SORT TEST|LOT RELEASE|SHIP LOT|FINAL CD INSPECTION|FINAL PARTICLE INSPECTION|PARAMETRIC TEST|SWITCHING TEST|FINAL LOT RELEASE|SHIP LOT|IMPLANT P BODY|BREAKDOWN VOLTAGE TEST|SWITCHING TEST|WAFER SORT TEST|FINAL LOT RELEASE|SHIP LOT|FINAL CD INSPECTION|FINAL PARTICLE INSPECTION|PARAMETRIC TEST|SWITCHING TEST|FINAL LOT RELEASE|SHIP LOT|FINAL CD INSPECTION|FINAL PARTICLE INSPECTION|PARAMETRIC TEST
valid_0258,CURE PASSIVATION|MEASURE PASSIVATION QUALITY|OPEN BOND PAD WINDOW|OPEN PAD WINDOW LITHO|DEVELOP PAD WINDOW|PASSIVATION ETCH PAD OPENING|STRIP PHOTORESIST|CLEAN PAD OPENING|MEASURE PAD OPENING|BACKSIDE GRIND|MEASURE WAFER THICKNESS|BACKSIDE ETCH CLEAN|BACKSIDE RINSE|BACKSIDE DRY|BACKSIDE METALLIZATION PREP|DEPOSIT BACKSIDE METAL|BACKSIDE ANNEAL|MEASURE BACKSIDE CONTACT|FINAL CLEAN|FINAL THICKNESS MEASURE|FINAL GEOMETRY CHECK|FINAL CD INSPECTION|FINAL PARTICLE INSPECTION|PARAMETRIC TEST|LEAKAGE TEST|BREAKDOWN VOLTAGE TEST|SWITCHING TEST|YIELD ANALYSIS|WAFER SORT TEST|LOT RELEASE|SHIP LOT|FINAL CD INSPECTION|FINAL PARTICLE INSPECTION|PARAMETRIC TEST|SWITCHING TEST|FINAL LOT RELEASE|SHIP LOT|FINAL CD INSPECTION|FINAL PARTICLE INSPECTION|PARAMETRIC TEST|SWITCHING TEST|WAFER SORT TEST|FINAL LOT RELEASE|SHIP LOT|FINAL CD INSPECTION|FINAL PARTICLE INSPECTION|PARAMETRIC TEST|SWITCHING TEST|FINAL LOT RELEASE|SHIP LOT|FINAL CD INSPECTION|FINAL PARTICLE INSPECTION|PARAMETRIC TEST|LEAKAGE TEST|BREAKDOWN VOLTAGE TEST|SWITCHING TEST|FINAL LOT RELEASE|SHIP LOT|FINAL CD INSPECTION|FINAL PARTICLE INSPECTION|PARAMETRIC TEST|LEAKAGE TEST|BREAKDOWN VOLTAGE TEST|SWITCHING TEST|WAFER SORT TEST|LOT RELEASE|SHIP LOT|FINAL CD INSPECTION|FINAL PARTICLE INSPECTION|PARAMETRIC TEST|LEAKAGE TEST|BREAKDOWN VOLTAGE TEST|SWITCHING TEST|WAFER SORT TEST|FINAL LOT RELEASE|SHIP LOT|FINAL CD INSPECTION|FINAL PARTICLE INSPECTION|PARAMETRIC TEST|LEAKAGE TEST
valid_0259,MEASURE SURFACE PLANARITY|SPIN COAT PHOTORESIST|SOFT BAKE|ALIGN MASK LEVEL 5|EXPOSE LITHO LEVEL 5|DEVELOP PHOTORESIST|VIA OPENING INSPECTION|VIA ETCH|STRIP PHOTORESIST|CLEAN AFTER VIA ETCH|MEASURE VIA CD|DEPOSIT BARRIER METAL|DEPOSIT METAL SEED|FILL VIA METAL|CMP METAL|MEASURE VIA RESISTANCE|DEPOSIT METAL 1|ANNEAL METAL 1|SPIN COAT PHOTORESIST|SOFT BAKE|ALIGN MASK LEVEL 6|EXPOSE LITHO LEVEL 6|DEVELOP PHOTORESIST|METAL PATTERN INSPECTION|METAL ETCH DRY|STRIP PHOTORESIST|CLEAN AFTER METAL ETCH|MEASURE LINE WIDTH|DEPOSIT PASSIVATION|CURE PASSIVATION|MEASURE PASSIVATION QUALITY|OPEN BOND PAD WINDOW|OPEN PAD WINDOW LITHO|DEVELOP PAD WINDOW|PASSIVATION ETCH PAD OPENING|STRIP PHOTORESIST|CLEAN PAD OPENING|MEASURE PAD OPENING|BACKSIDE GRIND|MEASURE WAFER THICKNESS|BACKSIDE ETCH CLEAN|BACKSIDE RINSE|BACKSIDE DRY|BACKSIDE METALLIZATION PREP|DEPOSIT BACKSIDE METAL|BACKSIDE ANNEAL|MEASURE BACKSIDE CONTACT|FINAL CLEAN|FINAL THICKNESS MEASURE|FINAL GEOMETRY CHECK|FINAL CD INSPECTION|FINAL PARTICLE INSPECTION|PARAMETRIC TEST|LEAKAGE TEST|BREAKDOWN VOLTAGE TEST|SWITCHING TEST|YIELD ANALYSIS|WAFER SORT TEST|LOT RELEASE|SHIP LOT|FINAL CD INSPECTION|FINAL PARTICLE INSPECTION|PARAMETRIC TEST|SWITCHING TEST|FINAL LOT RELEASE|SHIP LOT|FINAL CD INSPECTION|FINAL PARTICLE INSPECTION|PARAMETRIC TEST|SWITCHING TEST|WAFER SORT TEST|FINAL LOT RELEASE|SHIP LOT|FINAL CD INSPECTION|FINAL PARTICLE INSPECTION|PARAMETRIC TEST|SWITCHING TEST|FINAL LOT RELEASE|SHIP LOT|FINAL CD INSPECTION
valid_0260,CURE PASSIVATION|MEASURE PASSIVATION QUALITY|OPEN BOND PAD WINDOW|OPEN PAD WINDOW LITHO|DEVELOP PAD WINDOW|PASSIVATION ETCH PAD OPENING|STRIP PHOTORESIST|CLEAN PAD OPENING|MEASURE PAD OPENING|BACKSIDE GRIND|MEASURE WAFER THICKNESS|BACKSIDE ETCH CLEAN|BACKSIDE RINSE|BACKSIDE DRY|BACKSIDE METALLIZATION PREP|DEPOSIT BACKSIDE METAL|BACKSIDE ANNEAL|MEASURE BACKSIDE CONTACT|FINAL CLEAN|FINAL THICKNESS MEASURE|FINAL GEOMETRY CHECK|FINAL CD INSPECTION|FINAL PARTICLE INSPECTION|PARAMETRIC TEST|LEAKAGE TEST|BREAKDOWN VOLTAGE TEST|SWITCHING TEST|YIELD ANALYSIS|WAFER SORT TEST|LOT RELEASE|SHIP LOT|FINAL CD INSPECTION|FINAL PARTICLE INSPECTION|PARAMETRIC TEST|SWITCHING TEST|FINAL LOT RELEASE|SHIP LOT|FINAL CD INSPECTION|FINAL PARTICLE INSPECTION|PARAMETRIC TEST|SWITCHING TEST|WAFER SORT TEST|FINAL LOT RELEASE|SHIP LOT|FINAL CD INSPECTION|FINAL PARTICLE INSPECTION|PARAMETRIC TEST|SWITCHING TEST|FINAL LOT RELEASE|SHIP LOT|FINAL CD INSPECTION|FINAL PARTICLE INSPECTION|PARAMETRIC TEST|LEAKAGE TEST|BREAKDOWN VOLTAGE TEST|SWITCHING TEST|FINAL LOT RELEASE|SHIP LOT|FINAL CD INSPECTION|FINAL PARTICLE INSPECTION|PARAMETRIC TEST|LEAKAGE TEST|BREAKDOWN VOLTAGE TEST|SWITCHING TEST|WAFER SORT TEST|FINAL LOT RELEASE|SHIP LOT|FINAL CD INSPECTION|FINAL PARTICLE INSPECTION|PARAMETRIC TEST|LEAKAGE TEST|BREAKDOWN VOLTAGE TEST|SWITCHING TEST|WAFER SORT TEST|FINAL LOT RELEASE|SHIP LOT|FINAL CD INSPECTION|FINAL PARTICLE INSPECTION|PARAMETRIC TEST|LEAKAGE TEST
valid_0261,MEASURE SURFACE PLANARITY|SPIN COAT PHOTORESIST|SOFT BAKE|ALIGN MASK LEVEL 5|EXPOSE LITHO LEVEL 5|DEVELOP PHOTORESIST|VIA OPENING INSPECTION|VIA ETCH|STRIP PHOTORESIST|CLEAN AFTER VIA ETCH|MEASURE VIA CD|DEPOSIT BARRIER METAL|DEPOSIT METAL SEED|FILL VIA METAL|CMP METAL|MEASURE VIA RESISTANCE|DEPOSIT METAL 1|ANNEAL METAL 1|SPIN COAT PHOTORESIST|SOFT BAKE|ALIGN MASK LEVEL 6|EXPOSE LITHO LEVEL 6|DEVELOP PHOTORESIST|METAL PATTERN INSPECTION|METAL ETCH DRY|STRIP PHOTORESIST|CLEAN AFTER METAL ETCH|MEASURE LINE WIDTH|DEPOSIT PASSIVATION|CURE PASSIVATION|MEASURE PASSIVATION QUALITY|OPEN BOND PAD WINDOW|OPEN PAD WINDOW LITHO|DEVELOP PAD WINDOW|PASSIVATION ETCH PAD OPENING|STRIP PHOTORESIST|CLEAN PAD OPENING|MEASURE PAD OPENING|BACKSIDE GRIND|MEASURE WAFER THICKNESS|BACKSIDE ETCH CLEAN|BACKSIDE RINSE|BACKSIDE DRY|BACKSIDE METALLIZATION PREP|DEPOSIT BACKSIDE METAL|BACKSIDE ANNEAL|MEASURE BACKSIDE CONTACT|FINAL CLEAN|FINAL THICKNESS MEASURE|FINAL GEOMETRY CHECK|FINAL CD INSPECTION|FINAL PARTICLE INSPECTION|PARAMETRIC TEST|LEAKAGE TEST|BREAKDOWN VOLTAGE TEST|SWITCHING TEST|YIELD ANALYSIS|WAFER SORT TEST|LOT RELEASE|SHIP LOT|FINAL CD INSPECTION|FINAL PARTICLE INSPECTION|PARAMETRIC TEST|SWITCHING TEST|FINAL LOT RELEASE|SHIP LOT|IMPLANT P BODY|BREAKDOWN VOLTAGE TEST|SWITCHING TEST|WAFER SORT TEST|FINAL LOT RELEASE|SHIP LOT|FINAL CD INSPECTION|FINAL PARTICLE INSPECTION|PARAMETRIC TEST|SWITCHING TEST|FINAL LOT RELEASE|SHIP LOT|FINAL CD INSPECTION|FINAL PARTICLE INSPECTION
valid_0262,CURE PASSIVATION|MEASURE PASSIVATION QUALITY|OPEN BOND PAD WINDOW|OPEN PAD WINDOW LITHO|DEVELOP PAD WINDOW|PASSIVATION ETCH PAD OPENING|STRIP PHOTORESIST|CLEAN PAD OPENING|MEASURE PAD OPENING|BACKSIDE GRIND|MEASURE WAFER THICKNESS|BACKSIDE ETCH CLEAN|BACKSIDE RINSE|BACKSIDE DRY|BACKSIDE METALLIZATION PREP|DEPOSIT BACKSIDE METAL|BACKSIDE ANNEAL|MEASURE BACKSIDE CONTACT|FINAL CLEAN|FINAL THICKNESS MEASURE|FINAL GEOMETRY CHECK|FINAL CD INSPECTION|FINAL PARTICLE INSPECTION|PARAMETRIC TEST|LEAKAGE TEST|BREAKDOWN VOLTAGE TEST|SWITCHING TEST|YIELD ANALYSIS|WAFER SORT TEST|LOT RELEASE|SHIP LOT|FINAL CD INSPECTION|FINAL PARTICLE INSPECTION|PARAMETRIC TEST|SWITCHING TEST|FINAL LOT RELEASE|SHIP LOT|FINAL CD INSPECTION|FINAL PARTICLE INSPECTION|PARAMETRIC TEST|SWITCHING TEST|WAFER SORT TEST|FINAL LOT RELEASE|SHIP LOT|FINAL CD INSPECTION|FINAL PARTICLE INSPECTION|PARAMETRIC TEST|SWITCHING TEST|FINAL LOT RELEASE|SHIP LOT|FINAL CD INSPECTION|FINAL PARTICLE INSPECTION|PARAMETRIC TEST|LEAKAGE TEST|BREAKDOWN VOLTAGE TEST|SWITCHING TEST|FINAL LOT RELEASE|SHIP LOT|FINAL CD INSPECTION|FINAL PARTICLE INSPECTION|PARAMETRIC TEST|LEAKAGE TEST|BREAKDOWN VOLTAGE TEST|SWITCHING TEST|WAFER SORT TEST|FINAL LOT RELEASE|SHIP LOT|FINAL CD INSPECTION|FINAL PARTICLE INSPECTION|PARAMETRIC TEST|LEAKAGE TEST|BREAKDOWN VOLTAGE TEST|SWITCHING TEST|WAFER SORT TEST|FINAL LOT RELEASE|SHIP LOT|FINAL CD INSPECTION|FINAL PARTICLE INSPECTION|PARAMETRIC TEST|LEAKAGE TEST
valid_0263,CMP DIELECTRIC|MEASURE SURFACE PLANARITY|SPIN COAT PHOTORESIST|SOFT BAKE|ALIGN MASK LEVEL 5|EXPOSE LITHO LEVEL 5|DEVELOP PHOTORESIST|VIA OPENING INSPECTION|VIA ETCH|STRIP PHOTORESIST|CLEAN AFTER VIA ETCH|MEASURE VIA CD|DEPOSIT BARRIER METAL|DEPOSIT METAL SEED|FILL VIA METAL|CMP METAL|MEASURE VIA RESISTANCE|DEPOSIT TOP METAL|ANNEAL METAL 1|SPIN COAT PHOTORESIST|SOFT BAKE|ALIGN MASK LEVEL 6|EXPOSE LITHO LEVEL 6|DEVELOP PHOTORESIST|METAL PATTERN INSPECTION|METAL ETCH DRY|STRIP PHOTORESIST|CLEAN AFTER METAL ETCH|MEASURE LINE WIDTH|DEPOSIT PASSIVATION|CURE PASSIVATION|MEASURE PASSIVATION QUALITY|OPEN BOND PAD WINDOW|OPEN PAD WINDOW LITHO|DEVELOP PAD WINDOW|PASSIVATION ETCH PAD OPENING|STRIP PHOTORESIST|CLEAN PAD OPENING|MEASURE PAD OPENING|BACKSIDE GRIND|MEASURE WAFER THICKNESS|BACKSIDE ETCH CLEAN|BACKSIDE RINSE|BACKSIDE DRY|BACKSIDE METALLIZATION PREP|DEPOSIT BACKSIDE METAL|BACKSIDE ANNEAL|MEASURE BACKSIDE CONTACT|FINAL CLEAN|FINAL THICKNESS MEASURE|FINAL GEOMETRY CHECK|FINAL CD INSPECTION|FINAL PARTICLE INSPECTION|PARAMETRIC TEST|LEAKAGE TEST|BREAKDOWN VOLTAGE TEST|SWITCHING TEST|YIELD ANALYSIS|WAFER SORT TEST|LOT RELEASE|SHIP LOT|FINAL CD INSPECTION|FINAL PARTICLE INSPECTION|PARAMETRIC TEST|SWITCHING TEST|FINAL LOT RELEASE|SHIP LOT|FINAL CD INSPECTION|FINAL PARTICLE INSPECTION|PARAMETRIC TEST|SWITCHING TEST|FINAL LOT RELEASE|SHIP LOT|FINAL CD INSPECTION|FINAL PARTICLE INSPECTION|PARAMETRIC TEST|SWITCHING TEST|WAFER SORT TEST|FINAL LOT RELEASE|SHIP LOT
valid_0264,CURE PASSIVATION|MEASURE PASSIVATION QUALITY|OPEN BOND PAD WINDOW|OPEN PAD WINDOW LITHO|DEVELOP PAD WINDOW|PASSIVATION ETCH PAD OPENING|STRIP PHOTORESIST|CLEAN PAD OPENING|MEASURE PAD OPENING|BACKSIDE GRIND|MEASURE WAFER THICKNESS|BACKSIDE ETCH CLEAN|BACKSIDE RINSE|BACKSIDE DRY|BACKSIDE METALLIZATION PREP|DEPOSIT BACKSIDE METAL|BACKSIDE ANNEAL|MEASURE BACKSIDE CONTACT|FINAL CLEAN|FINAL THICKNESS MEASURE|FINAL GEOMETRY CHECK|FINAL CD INSPECTION|FINAL PARTICLE INSPECTION|PARAMETRIC TEST|LEAKAGE TEST|BREAKDOWN VOLTAGE TEST|SWITCHING TEST|YIELD ANALYSIS|WAFER SORT TEST|FINAL LOT RELEASE|SHIP LOT|FINAL CD INSPECTION|FINAL PARTICLE INSPECTION|PARAMETRIC TEST|SWITCHING TEST|FINAL LOT RELEASE|SHIP LOT|FINAL CD INSPECTION|FINAL PARTICLE INSPECTION|PARAMETRIC TEST|SWITCHING TEST|FINAL LOT RELEASE|SHIP LOT|FINAL CD INSPECTION|FINAL PARTICLE INSPECTION|PARAMETRIC TEST|SWITCHING TEST|WAFER SORT TEST|FINAL LOT RELEASE|SHIP LOT|FINAL CD INSPECTION|FINAL PARTICLE INSPECTION|PARAMETRIC TEST|SWITCHING TEST|FINAL LOT RELEASE|SHIP LOT|FINAL CD INSPECTION|FINAL PARTICLE INSPECTION|PARAMETRIC TEST|LEAKAGE TEST|BREAKDOWN VOLTAGE TEST|SWITCHING TEST|FINAL LOT RELEASE|SHIP LOT|FINAL CD INSPECTION|FINAL PARTICLE INSPECTION|PARAMETRIC TEST|SWITCHING TEST|WAFER SORT TEST|FINAL LOT RELEASE|SHIP LOT|IMPLANT P BODY|LEAKAGE TEST|BREAKDOWN VOLTAGE TEST|SWITCHING TEST|WAFER SORT TEST|FINAL LOT RELEASE|SHIP LOT|FINAL CD INSPECTION|FINAL PARTICLE INSPECTION
valid_0265,MEASURE FILM THICKNESS|CMP DIELECTRIC|MEASURE SURFACE PLANARITY|SPIN COAT PHOTORESIST|SOFT BAKE|ALIGN MASK LEVEL 5|EXPOSE LITHO LEVEL 5|DEVELOP PHOTORESIST|VIA OPENING INSPECTION|VIA ETCH|STRIP PHOTORESIST|CLEAN AFTER VIA ETCH|MEASURE VIA CD|DEPOSIT BARRIER METAL|DEPOSIT METAL SEED|FILL VIA METAL|CMP METAL|MEASURE VIA RESISTANCE|DEPOSIT METAL 1|ANNEAL METAL 1|SPIN COAT PHOTORESIST|SOFT BAKE|ALIGN MASK LEVEL 6|EXPOSE LITHO LEVEL 6|DEVELOP PHOTORESIST|METAL PATTERN INSPECTION|METAL ETCH DRY|STRIP PHOTORESIST|CLEAN AFTER METAL ETCH|MEASURE LINE WIDTH|DEPOSIT PASSIVATION|CURE PASSIVATION|MEASURE PASSIVATION QUALITY|OPEN BOND PAD WINDOW|OPEN PAD WINDOW LITHO|DEVELOP PAD WINDOW|PASSIVATION ETCH PAD OPENING|STRIP PHOTORESIST|CLEAN PAD OPENING|MEASURE PAD OPENING|BACKSIDE GRIND|MEASURE WAFER THICKNESS|BACKSIDE ETCH CLEAN|BACKSIDE RINSE|BACKSIDE DRY|BACKSIDE METALLIZATION PREP|DEPOSIT BACKSIDE METAL|BACKSIDE ANNEAL|MEASURE BACKSIDE CONTACT|FINAL CLEAN|FINAL THICKNESS MEASURE|FINAL GEOMETRY CHECK|FINAL CD INSPECTION|FINAL PARTICLE INSPECTION|PARAMETRIC TEST|LEAKAGE TEST|BREAKDOWN VOLTAGE TEST|SWITCHING TEST|YIELD ANALYSIS|WAFER SORT TEST|LOT RELEASE|SHIP LOT|FINAL CD INSPECTION|FINAL PARTICLE INSPECTION|PARAMETRIC TEST|SWITCHING TEST|FINAL LOT RELEASE|SHIP LOT|IMPLANT P BODY|BREAKDOWN VOLTAGE TEST|SWITCHING TEST|WAFER SORT TEST|FINAL LOT RELEASE|SHIP LOT|FINAL CD INSPECTION|FINAL PARTICLE INSPECTION|PARAMETRIC TEST|SWITCHING TEST|FINAL LOT RELEASE|SHIP LOT
valid_0266,CURE PASSIVATION|MEASURE PASSIVATION QUALITY|OPEN BOND PAD WINDOW|OPEN PAD WINDOW LITHO|DEVELOP PHOTORESIST|PASSIVATION ETCH PAD OPENING|STRIP PHOTORESIST|CLEAN PAD OPENING|MEASURE PAD OPENING|BACKSIDE GRIND|MEASURE WAFER THICKNESS|BACKSIDE ETCH CLEAN|BACKSIDE RINSE|BACKSIDE DRY|BACKSIDE METALLIZATION PREP|DEPOSIT BACKSIDE METAL|BACKSIDE ANNEAL|MEASURE BACKSIDE CONTACT|FINAL CLEAN|FINAL THICKNESS MEASURE|FINAL GEOMETRY CHECK|FINAL CD INSPECTION|FINAL PARTICLE INSPECTION|PARAMETRIC TEST|LEAKAGE TEST|BREAKDOWN VOLTAGE TEST|SWITCHING TEST|YIELD ANALYSIS|WAFER SORT TEST|LOT RELEASE|SHIP LOT|FINAL CD INSPECTION|FINAL PARTICLE INSPECTION|PARAMETRIC TEST|SWITCHING TEST|FINAL LOT RELEASE|SHIP LOT|IMPLANT P BODY|BREAKDOWN VOLTAGE TEST|SWITCHING TEST|WAFER SORT TEST|FINAL LOT RELEASE|SHIP LOT|FINAL CD INSPECTION|FINAL PARTICLE INSPECTION|PARAMETRIC TEST|SWITCHING TEST|FINAL LOT RELEASE|SHIP LOT|FINAL CD INSPECTION|FINAL PARTICLE INSPECTION|PARAMETRIC TEST|LEAKAGE TEST|BREAKDOWN VOLTAGE TEST|SWITCHING TEST|FINAL LOT RELEASE|SHIP LOT|FINAL CD INSPECTION|FINAL PARTICLE INSPECTION|PARAMETRIC TEST|SWITCHING TEST|WAFER SORT TEST|LOT RELEASE|SHIP LOT|IMPLANT P BODY|BREAKDOWN VOLTAGE TEST|SWITCHING TEST|WAFER SORT TEST|FINAL LOT RELEASE|SHIP LOT|FINAL CD INSPECTION|FINAL PARTICLE INSPECTION|ELECTRICAL PARAMETRIC TEST|LEAKAGE TEST|BREAKDOWN VOLTAGE TEST|SWITCHING TEST|WAFER SORT TEST|FINAL LOT RELEASE|SHIP LOT|FINAL CD INSPECTION
valid_0267,SOFT BAKE|ALIGN MASK LEVEL 5|EXPOSE LITHO LEVEL 5|DEVELOP PHOTORESIST|VIA OPENING INSPECTION|VIA ETCH|STRIP PHOTORESIST|CLEAN AFTER VIA ETCH|MEASURE VIA CD|DEPOSIT BARRIER METAL|DEPOSIT METAL SEED|FILL VIA METAL|CMP METAL|MEASURE VIA RESISTANCE|DEPOSIT TOP METAL|ANNEAL METAL 1|SPIN COAT PHOTORESIST|SOFT BAKE|ALIGN MASK LEVEL 6|EXPOSE LITHO LEVEL 6|DEVELOP PHOTORESIST|METAL PATTERN INSPECTION|METAL ETCH DRY|STRIP PHOTORESIST|CLEAN AFTER METAL ETCH|MEASURE LINE WIDTH|DEPOSIT PASSIVATION|CURE PASSIVATION|MEASURE PASSIVATION QUALITY|OPEN BOND PAD WINDOW|OPEN PAD WINDOW LITHO|DEVELOP PAD WINDOW|PASSIVATION ETCH PAD OPENING|STRIP PHOTORESIST|CLEAN PAD OPENING|MEASURE PAD OPENING|BACKSIDE GRIND|MEASURE WAFER THICKNESS|BACKSIDE ETCH CLEAN|BACKSIDE RINSE|BACKSIDE DRY|BACKSIDE METALLIZATION PREP|DEPOSIT BACKSIDE METAL|BACKSIDE ANNEAL|MEASURE BACKSIDE CONTACT|FINAL CLEAN|FINAL THICKNESS MEASURE|FINAL GEOMETRY CHECK|FINAL CD INSPECTION|FINAL PARTICLE INSPECTION|PARAMETRIC TEST|LEAKAGE TEST|BREAKDOWN VOLTAGE TEST|SWITCHING TEST|YIELD ANALYSIS|WAFER SORT TEST|LOT RELEASE|SHIP LOT|FINAL CD INSPECTION|FINAL PARTICLE INSPECTION|PARAMETRIC TEST|SWITCHING TEST|FINAL LOT RELEASE|SHIP LOT|FINAL CD INSPECTION|FINAL PARTICLE INSPECTION|PARAMETRIC TEST|SWITCHING TEST|WAFER SORT TEST|FINAL LOT RELEASE|SHIP LOT|FINAL CD INSPECTION|FINAL PARTICLE INSPECTION|PARAMETRIC TEST|SWITCHING TEST|FINAL LOT RELEASE|SHIP LOT|FINAL CD INSPECTION|FINAL PARTICLE INSPECTION|PARAMETRIC TEST
valid_0268,CURE PASSIVATION|MEASURE PASSIVATION QUALITY|OPEN BOND PAD WINDOW|OPEN PAD WINDOW LITHO|DEVELOP PAD WINDOW|PASSIVATION ETCH PAD OPENING|STRIP PHOTORESIST|CLEAN PAD OPENING|MEASURE PAD OPENING|BACKSIDE GRIND|MEASURE WAFER THICKNESS|BACKSIDE ETCH CLEAN|BACKSIDE RINSE|BACKSIDE DRY|BACKSIDE METALLIZATION PREP|DEPOSIT BACKSIDE METAL|BACKSIDE ANNEAL|MEASURE BACKSIDE CONTACT|FINAL CLEAN|FINAL THICKNESS MEASURE|FINAL GEOMETRY CHECK|FINAL CD INSPECTION|FINAL PARTICLE INSPECTION|PARAMETRIC TEST|LEAKAGE TEST|BREAKDOWN VOLTAGE TEST|SWITCHING TEST|YIELD ANALYSIS|WAFER SORT TEST|LOT RELEASE|SHIP LOT|FINAL CD INSPECTION|FINAL PARTICLE INSPECTION|PARAMETRIC TEST|SWITCHING TEST|FINAL LOT RELEASE|SHIP LOT|FINAL CD INSPECTION|FINAL PARTICLE INSPECTION|PARAMETRIC TEST|SWITCHING TEST|WAFER SORT TEST|FINAL LOT RELEASE|SHIP LOT|FINAL CD INSPECTION|FINAL PARTICLE INSPECTION|PARAMETRIC TEST|LEAKAGE TEST|BREAKDOWN VOLTAGE TEST|SWITCHING TEST|FINAL LOT RELEASE|SHIP LOT|FINAL CD INSPECTION|FINAL PARTICLE INSPECTION|PARAMETRIC TEST|LEAKAGE TEST|BREAKDOWN VOLTAGE TEST|SWITCHING TEST|WAFER SORT TEST|FINAL LOT RELEASE|SHIP LOT|FINAL CD INSPECTION|FINAL PARTICLE INSPECTION|PARAMETRIC TEST|LEAKAGE TEST|BREAKDOWN VOLTAGE TEST|SWITCHING TEST|WAFER SORT TEST|FINAL LOT RELEASE|SHIP LOT|FINAL CD INSPECTION|FINAL PARTICLE INSPECTION|PARAMETRIC TEST|LEAKAGE TEST|BREAKDOWN VOLTAGE TEST|SWITCHING TEST|WAFER SORT TEST|FINAL LOT RELEASE|SHIP LOT|FINAL CD INSPECTION
valid_0269,SPIN COAT PHOTORESIST|SOFT BAKE|ALIGN MASK LEVEL 5|EXPOSE LITHO LEVEL 5|DEVELOP PHOTORESIST|VIA OPENING INSPECTION|VIA ETCH|STRIP PHOTORESIST|CLEAN AFTER VIA ETCH|MEASURE VIA CD|DEPOSIT BARRIER METAL|DEPOSIT METAL SEED|FILL VIA METAL|CMP METAL|MEASURE VIA RESISTANCE|DEPOSIT TOP METAL|ANNEAL METAL 1|SPIN COAT PHOTORESIST|SOFT BAKE|ALIGN MASK LEVEL 6|EXPOSE LITHO LEVEL 6|DEVELOP PHOTORESIST|METAL PATTERN INSPECTION|METAL ETCH DRY|STRIP PHOTORESIST|CLEAN AFTER METAL ETCH|MEASURE LINE WIDTH|DEPOSIT PASSIVATION|CURE PASSIVATION|MEASURE PASSIVATION QUALITY|OPEN BOND PAD WINDOW|OPEN PAD WINDOW LITHO|DEVELOP PAD WINDOW|PASSIVATION ETCH PAD OPENING|STRIP PHOTORESIST|CLEAN PAD OPENING|MEASURE PAD OPENING|BACKSIDE GRIND|MEASURE WAFER THICKNESS|BACKSIDE ETCH CLEAN|BACKSIDE RINSE|BACKSIDE DRY|BACKSIDE METALLIZATION PREP|DEPOSIT BACKSIDE METAL|BACKSIDE ANNEAL|MEASURE BACKSIDE CONTACT|FINAL CLEAN|FINAL THICKNESS MEASURE|FINAL GEOMETRY CHECK|FINAL CD INSPECTION|FINAL PARTICLE INSPECTION|PARAMETRIC TEST|LEAKAGE TEST|BREAKDOWN VOLTAGE TEST|SWITCHING TEST|YIELD ANALYSIS|WAFER SORT TEST|LOT RELEASE|SHIP LOT|FINAL CD INSPECTION|FINAL PARTICLE INSPECTION|PARAMETRIC TEST|SWITCHING TEST|FINAL LOT RELEASE|SHIP LOT|FINAL CD INSPECTION|FINAL PARTICLE INSPECTION|PARAMETRIC TEST|SWITCHING TEST|FINAL LOT RELEASE|SHIP LOT|FINAL CD INSPECTION|FINAL PARTICLE INSPECTION|PARAMETRIC TEST|SWITCHING TEST|FINAL LOT RELEASE|SHIP LOT|FINAL CD INSPECTION|FINAL PARTICLE INSPECTION|PARAMETRIC TEST
valid_0270,MEASURE PASSIVATION QUALITY|OPEN BOND PAD WINDOW|OPEN PAD WINDOW LITHO|DEVELOP PAD WINDOW|PASSIVATION ETCH PAD OPENING|STRIP PHOTORESIST|CLEAN PAD OPENING|MEASURE PAD OPENING|BACKSIDE GRIND|MEASURE WAFER THICKNESS|BACKSIDE ETCH CLEAN|BACKSIDE RINSE|BACKSIDE DRY|BACKSIDE METALLIZATION PREP|DEPOSIT BACKSIDE METAL|BACKSIDE ANNEAL|MEASURE BACKSIDE CONTACT|FINAL CLEAN|FINAL THICKNESS MEASURE|FINAL GEOMETRY CHECK|FINAL CD INSPECTION|FINAL PARTICLE INSPECTION|PARAMETRIC TEST|LEAKAGE TEST|BREAKDOWN VOLTAGE TEST|SWITCHING TEST|YIELD ANALYSIS|WAFER SORT TEST|LOT RELEASE|SHIP LOT|FINAL CD INSPECTION|FINAL PARTICLE INSPECTION|PARAMETRIC TEST|SWITCHING TEST|FINAL LOT RELEASE|SHIP LOT|FINAL CD INSPECTION|FINAL PARTICLE INSPECTION|PARAMETRIC TEST|SWITCHING TEST|WAFER SORT TEST|FINAL LOT RELEASE|SHIP LOT|FINAL CD INSPECTION|FINAL PARTICLE INSPECTION|PARAMETRIC TEST|SWITCHING TEST|FINAL LOT RELEASE|SHIP LOT|FINAL CD INSPECTION|FINAL PARTICLE INSPECTION|PARAMETRIC TEST|LEAKAGE TEST|BREAKDOWN VOLTAGE TEST|SWITCHING TEST|FINAL LOT RELEASE|SHIP LOT|FINAL CD INSPECTION|FINAL PARTICLE INSPECTION|PARAMETRIC TEST|SWITCHING TEST|WAFER SORT TEST|LOT RELEASE|SHIP LOT|IMPLANT P BODY|BREAKDOWN VOLTAGE TEST|SWITCHING TEST|WAFER SORT TEST|FINAL LOT RELEASE|SHIP LOT|FINAL CD INSPECTION|FINAL PARTICLE INSPECTION|PARAMETRIC TEST|LEAKAGE TEST|BREAKDOWN VOLTAGE TEST|SWITCHING TEST|WAFER SORT TEST|FINAL LOT RELEASE|SHIP LOT|FINAL CD INSPECTION
valid_0271,MEASURE SURFACE PLANARITY|SPIN COAT PHOTORESIST|SOFT BAKE|ALIGN MASK LEVEL 5|EXPOSE LITHO LEVEL 5|DEVELOP PHOTORESIST|VIA OPENING INSPECTION|VIA ETCH|STRIP PHOTORESIST|CLEAN AFTER VIA ETCH|MEASURE VIA CD|DEPOSIT BARRIER METAL|DEPOSIT METAL SEED|FILL VIA METAL|CMP METAL|MEASURE VIA RESISTANCE|DEPOSIT TOP METAL|ANNEAL METAL 1|SPIN COAT PHOTORESIST|SOFT BAKE|ALIGN MASK LEVEL 6|EXPOSE LITHO LEVEL 6|DEVELOP PHOTORESIST|METAL PATTERN INSPECTION|METAL ETCH DRY|STRIP PHOTORESIST|CLEAN AFTER METAL ETCH|MEASURE LINE WIDTH|DEPOSIT PASSIVATION|CURE PASSIVATION|MEASURE PASSIVATION QUALITY|OPEN BOND PAD WINDOW|OPEN PAD WINDOW LITHO|DEVELOP PAD WINDOW|PASSIVATION ETCH PAD OPENING|STRIP PHOTORESIST|CLEAN PAD OPENING|MEASURE PAD OPENING|BACKSIDE GRIND|MEASURE WAFER THICKNESS|BACKSIDE ETCH CLEAN|BACKSIDE RINSE|BACKSIDE DRY|BACKSIDE METALLIZATION PREP|DEPOSIT BACKSIDE METAL|BACKSIDE ANNEAL|MEASURE BACKSIDE CONTACT|FINAL CLEAN|FINAL THICKNESS MEASURE|FINAL GEOMETRY CHECK|FINAL CD INSPECTION|FINAL PARTICLE INSPECTION|PARAMETRIC TEST|LEAKAGE TEST|BREAKDOWN VOLTAGE TEST|SWITCHING TEST|YIELD ANALYSIS|WAFER SORT TEST|LOT RELEASE|SHIP LOT|FINAL CD INSPECTION|FINAL PARTICLE INSPECTION|PARAMETRIC TEST|SWITCHING TEST|FINAL LOT RELEASE|SHIP LOT|FINAL CD INSPECTION|FINAL PARTICLE INSPECTION|PARAMETRIC TEST|SWITCHING TEST|WAFER SORT TEST|FINAL LOT RELEASE|SHIP LOT|FINAL CD INSPECTION|FINAL PARTICLE INSPECTION|PARAMETRIC TEST|SWITCHING TEST|FINAL LOT RELEASE|SHIP LOT|FINAL CD INSPECTION
valid_0272,CURE PASSIVATION|MEASURE PASSIVATION QUALITY|OPEN BOND PAD WINDOW|OPEN PAD WINDOW LITHO|DEVELOP PAD WINDOW|PASSIVATION ETCH PAD OPENING|STRIP PHOTORESIST|CLEAN PAD OPENING|MEASURE PAD OPENING|BACKSIDE GRIND|MEASURE WAFER THICKNESS|BACKSIDE ETCH CLEAN|BACKSIDE RINSE|BACKSIDE DRY|BACKSIDE METALLIZATION PREP|DEPOSIT BACKSIDE METAL|BACKSIDE ANNEAL|MEASURE BACKSIDE CONTACT|FINAL CLEAN|FINAL THICKNESS MEASURE|FINAL GEOMETRY CHECK|FINAL CD INSPECTION|FINAL PARTICLE INSPECTION|PARAMETRIC TEST|LEAKAGE TEST|BREAKDOWN VOLTAGE TEST|SWITCHING TEST|YIELD ANALYSIS|WAFER SORT TEST|LOT RELEASE|SHIP LOT|FINAL CD INSPECTION|FINAL PARTICLE INSPECTION|PARAMETRIC TEST|SWITCHING TEST|FINAL LOT RELEASE|SHIP LOT|FINAL CD INSPECTION|FINAL PARTICLE INSPECTION|PARAMETRIC TEST|SWITCHING TEST|WAFER SORT TEST|FINAL LOT RELEASE|SHIP LOT|FINAL CD INSPECTION|FINAL PARTICLE INSPECTION|PARAMETRIC TEST|SWITCHING TEST|FINAL LOT RELEASE|SHIP LOT|FINAL CD INSPECTION|FINAL PARTICLE INSPECTION|PARAMETRIC TEST|LEAKAGE TEST|BREAKDOWN VOLTAGE TEST|SWITCHING TEST|FINAL LOT RELEASE|SHIP LOT|FINAL CD INSPECTION|FINAL PARTICLE INSPECTION|PARAMETRIC TEST|SWITCHING TEST|WAFER SORT TEST|LOT RELEASE|SHIP LOT|IMPLANT P BODY|BREAKDOWN VOLTAGE TEST|SWITCHING TEST|WAFER SORT TEST|FINAL LOT RELEASE|SHIP LOT|FINAL CD INSPECTION|FINAL PARTICLE INSPECTION|PARAMETRIC TEST|LEAKAGE TEST|BREAKDOWN VOLTAGE TEST|SWITCHING TEST|WAFER SORT TEST|FINAL LOT RELEASE|SHIP LOT
valid_0273,MEASURE FILM THICKNESS|CMP DIELECTRIC|MEASURE SURFACE PLANARITY|SPIN COAT PHOTORESIST|SOFT BAKE|ALIGN MASK LEVEL 5|EXPOSE LITHO LEVEL 5|DEVELOP PHOTORESIST|VIA OPENING INSPECTION|VIA ETCH|STRIP PHOTORESIST|CLEAN AFTER VIA ETCH|MEASURE VIA CD|DEPOSIT BARRIER METAL|DEPOSIT METAL SEED|FILL VIA METAL|CMP METAL|MEASURE VIA RESISTANCE|DEPOSIT METAL 1|ANNEAL METAL 1|SPIN COAT PHOTORESIST|SOFT BAKE|ALIGN MASK LEVEL 6|EXPOSE LITHO LEVEL 6|DEVELOP PHOTORESIST|METAL PATTERN INSPECTION|METAL ETCH DRY|STRIP PHOTORESIST|CLEAN AFTER METAL ETCH|MEASURE LINE WIDTH|DEPOSIT PASSIVATION|CURE PASSIVATION|MEASURE PASSIVATION QUALITY|OPEN BOND PAD WINDOW|OPEN PAD WINDOW LITHO|DEVELOP PAD WINDOW|PASSIVATION ETCH PAD OPENING|STRIP PHOTORESIST|CLEAN PAD OPENING|MEASURE PAD OPENING|BACKSIDE GRIND|MEASURE WAFER THICKNESS|BACKSIDE ETCH CLEAN|BACKSIDE RINSE|BACKSIDE DRY|BACKSIDE METALLIZATION PREP|DEPOSIT BACKSIDE METAL|BACKSIDE ANNEAL|MEASURE BACKSIDE CONTACT|FINAL CLEAN|FINAL THICKNESS MEASURE|FINAL GEOMETRY CHECK|FINAL CD INSPECTION|FINAL PARTICLE INSPECTION|PARAMETRIC TEST|LEAKAGE TEST|BREAKDOWN VOLTAGE TEST|SWITCHING TEST|YIELD ANALYSIS|WAFER SORT TEST|LOT RELEASE|SHIP LOT|FINAL CD INSPECTION|FINAL PARTICLE INSPECTION|PARAMETRIC TEST|SWITCHING TEST|FINAL LOT RELEASE|SHIP LOT|FINAL CD INSPECTION|FINAL PARTICLE INSPECTION|PARAMETRIC TEST|SWITCHING TEST|WAFER SORT TEST|FINAL LOT RELEASE|SHIP LOT|FINAL CD INSPECTION|FINAL PARTICLE INSPECTION|PARAMETRIC TEST|SWITCHING TEST|FINAL LOT RELEASE
valid_0274,DEPOSIT PASSIVATION|CURE PASSIVATION|MEASURE PASSIVATION QUALITY|OPEN BOND PAD WINDOW|OPEN PAD WINDOW LITHO|DEVELOP PAD WINDOW|PASSIVATION ETCH PAD OPENING|STRIP PHOTORESIST|CLEAN PAD OPENING|MEASURE PAD OPENING|BACKSIDE GRIND|MEASURE WAFER THICKNESS|BACKSIDE ETCH CLEAN|BACKSIDE RINSE|BACKSIDE DRY|BACKSIDE METALLIZATION PREP|DEPOSIT BACKSIDE METAL|BACKSIDE ANNEAL|MEASURE BACKSIDE CONTACT|FINAL CLEAN|FINAL THICKNESS MEASURE|FINAL GEOMETRY CHECK|FINAL CD INSPECTION|FINAL PARTICLE INSPECTION|PARAMETRIC TEST|LEAKAGE TEST|BREAKDOWN VOLTAGE TEST|SWITCHING TEST|YIELD ANALYSIS|WAFER SORT TEST|LOT RELEASE|SHIP LOT|FINAL CD INSPECTION|FINAL PARTICLE INSPECTION|PARAMETRIC TEST|SWITCHING TEST|FINAL LOT RELEASE|SHIP LOT|FINAL CD INSPECTION|FINAL PARTICLE INSPECTION|PARAMETRIC TEST|SWITCHING TEST|WAFER SORT TEST|FINAL LOT RELEASE|SHIP LOT|FINAL CD INSPECTION|FINAL PARTICLE INSPECTION|PARAMETRIC TEST|SWITCHING TEST|FINAL LOT RELEASE|SHIP LOT|FINAL CD INSPECTION|FINAL PARTICLE INSPECTION|PARAMETRIC TEST|LEAKAGE TEST|BREAKDOWN VOLTAGE TEST|SWITCHING TEST|FINAL LOT RELEASE|SHIP LOT|FINAL CD INSPECTION|FINAL PARTICLE INSPECTION|PARAMETRIC TEST|SWITCHING TEST|WAFER SORT TEST|FINAL LOT RELEASE|SHIP LOT|IMPLANT P BODY|LEAKAGE TEST|BREAKDOWN VOLTAGE TEST|SWITCHING TEST|WAFER SORT TEST|FINAL LOT RELEASE|SHIP LOT|FINAL CD INSPECTION|FINAL PARTICLE INSPECTION|PARAMETRIC TEST|LEAKAGE TEST|BREAKDOWN VOLTAGE TEST|SWITCHING TEST|WAFER SORT TEST
valid_0275,SPIN COAT PHOTORESIST|SOFT BAKE|ALIGN MASK LEVEL 5|EXPOSE LITHO LEVEL 5|DEVELOP PHOTORESIST|VIA OPENING INSPECTION|VIA ETCH|STRIP PHOTORESIST|CLEAN AFTER VIA ETCH|MEASURE VIA CD|DEPOSIT BARRIER METAL|DEPOSIT METAL SEED|FILL VIA METAL|CMP METAL|MEASURE VIA RESISTANCE|DEPOSIT TOP METAL|ANNEAL METAL 1|SPIN COAT PHOTORESIST|SOFT BAKE|ALIGN MASK LEVEL 6|EXPOSE LITHO LEVEL 6|DEVELOP PHOTORESIST|METAL PATTERN INSPECTION|METAL ETCH DRY|STRIP PHOTORESIST|CLEAN AFTER METAL ETCH|MEASURE LINE WIDTH|DEPOSIT PASSIVATION|CURE PASSIVATION|MEASURE PASSIVATION QUALITY|OPEN BOND PAD WINDOW|OPEN PAD WINDOW LITHO|DEVELOP PAD WINDOW|PASSIVATION ETCH PAD OPENING|STRIP PHOTORESIST|CLEAN PAD OPENING|MEASURE PAD OPENING|BACKSIDE GRIND|MEASURE WAFER THICKNESS|BACKSIDE ETCH CLEAN|BACKSIDE RINSE|BACKSIDE DRY|BACKSIDE METALLIZATION PREP|DEPOSIT BACKSIDE METAL|BACKSIDE ANNEAL|MEASURE BACKSIDE CONTACT|FINAL CLEAN|FINAL THICKNESS MEASURE|FINAL GEOMETRY CHECK|FINAL CD INSPECTION|FINAL PARTICLE INSPECTION|PARAMETRIC TEST|LEAKAGE TEST|BREAKDOWN VOLTAGE TEST|SWITCHING TEST|YIELD ANALYSIS|WAFER SORT TEST|LOT RELEASE|SHIP LOT|FINAL CD INSPECTION|FINAL PARTICLE INSPECTION|PARAMETRIC TEST|SWITCHING TEST|FINAL LOT RELEASE|SHIP LOT|IMPLANT P BODY|BREAKDOWN VOLTAGE TEST|SWITCHING TEST|WAFER SORT TEST|FINAL LOT RELEASE|SHIP LOT|FINAL CD INSPECTION|FINAL PARTICLE INSPECTION|PARAMETRIC TEST|SWITCHING TEST|FINAL LOT RELEASE|SHIP LOT|FINAL CD INSPECTION|FINAL PARTICLE INSPECTION|PARAMETRIC TEST
valid_0276,CURE PASSIVATION|MEASURE PASSIVATION QUALITY|OPEN BOND PAD WINDOW|OPEN PAD WINDOW LITHO|DEVELOP PAD WINDOW|PASSIVATION ETCH PAD OPENING|STRIP PHOTORESIST|CLEAN PAD OPENING|MEASURE PAD OPENING|BACKSIDE GRIND|MEASURE WAFER THICKNESS|BACKSIDE ETCH CLEAN|BACKSIDE RINSE|BACKSIDE DRY|BACKSIDE METALLIZATION PREP|DEPOSIT BACKSIDE METAL|BACKSIDE ANNEAL|MEASURE BACKSIDE CONTACT|FINAL CLEAN|FINAL THICKNESS MEASURE|FINAL GEOMETRY CHECK|FINAL CD INSPECTION|FINAL PARTICLE INSPECTION|PARAMETRIC TEST|LEAKAGE TEST|BREAKDOWN VOLTAGE TEST|SWITCHING TEST|YIELD ANALYSIS|WAFER SORT TEST|LOT RELEASE|SHIP LOT|FINAL CD INSPECTION|FINAL PARTICLE INSPECTION|PARAMETRIC TEST|SWITCHING TEST|FINAL LOT RELEASE|SHIP LOT|FINAL CD INSPECTION|FINAL PARTICLE INSPECTION|PARAMETRIC TEST|SWITCHING TEST|WAFER SORT TEST|FINAL LOT RELEASE|SHIP LOT|FINAL CD INSPECTION|FINAL PARTICLE INSPECTION|PARAMETRIC TEST|SWITCHING TEST|FINAL LOT RELEASE|SHIP LOT|FINAL CD INSPECTION|FINAL PARTICLE INSPECTION|PARAMETRIC TEST|LEAKAGE TEST|BREAKDOWN VOLTAGE TEST|SWITCHING TEST|FINAL LOT RELEASE|SHIP LOT|FINAL CD INSPECTION|FINAL PARTICLE INSPECTION|PARAMETRIC TEST|LEAKAGE TEST|BREAKDOWN VOLTAGE TEST|SWITCHING TEST|WAFER SORT TEST|FINAL LOT RELEASE|SHIP LOT|FINAL CD INSPECTION|FINAL PARTICLE INSPECTION|PARAMETRIC TEST|LEAKAGE TEST|BREAKDOWN VOLTAGE TEST|SWITCHING TEST|WAFER SORT TEST|FINAL LOT RELEASE|SHIP LOT|FINAL CD INSPECTION|FINAL PARTICLE INSPECTION|PARAMETRIC TEST|LEAKAGE TEST
valid_0277,SPIN COAT PHOTORESIST|SOFT BAKE|ALIGN MASK LEVEL 5|EXPOSE LITHO LEVEL 5|DEVELOP PHOTORESIST|VIA OPENING INSPECTION|VIA ETCH|STRIP PHOTORESIST|CLEAN AFTER VIA ETCH|MEASURE VIA CD|DEPOSIT BARRIER METAL|DEPOSIT METAL SEED|FILL VIA METAL|CMP METAL|MEASURE VIA RESISTANCE|DEPOSIT METAL 1|ANNEAL METAL 1|SPIN COAT PHOTORESIST|SOFT BAKE|ALIGN MASK LEVEL 6|EXPOSE LITHO LEVEL 6|DEVELOP PHOTORESIST|METAL PATTERN INSPECTION|METAL ETCH DRY|STRIP PHOTORESIST|CLEAN AFTER METAL ETCH|MEASURE LINE WIDTH|DEPOSIT PASSIVATION|CURE PASSIVATION|MEASURE PASSIVATION QUALITY|OPEN BOND PAD WINDOW|OPEN PAD WINDOW LITHO|DEVELOP PAD WINDOW|PASSIVATION ETCH PAD OPENING|STRIP PHOTORESIST|CLEAN PAD OPENING|MEASURE PAD OPENING|BACKSIDE GRIND|MEASURE WAFER THICKNESS|BACKSIDE ETCH CLEAN|BACKSIDE RINSE|BACKSIDE DRY|BACKSIDE METALLIZATION PREP|DEPOSIT BACKSIDE METAL|BACKSIDE ANNEAL|MEASURE BACKSIDE CONTACT|FINAL CLEAN|FINAL THICKNESS MEASURE|FINAL GEOMETRY CHECK|FINAL CD INSPECTION|FINAL PARTICLE INSPECTION|PARAMETRIC TEST|LEAKAGE TEST|BREAKDOWN VOLTAGE TEST|SWITCHING TEST|YIELD ANALYSIS|WAFER SORT TEST|LOT RELEASE|SHIP LOT|FINAL CD INSPECTION|FINAL PARTICLE INSPECTION|ELECTRICAL PARAMETRIC TEST|LEAKAGE TEST|BREAKDOWN VOLTAGE TEST|SWITCHING TEST|FINAL LOT RELEASE|SHIP LOT|FINAL CD INSPECTION|FINAL PARTICLE INSPECTION|PARAMETRIC TEST|SWITCHING TEST|WAFER SORT TEST|FINAL LOT RELEASE|SHIP LOT|FINAL CD INSPECTION|FINAL PARTICLE INSPECTION|PARAMETRIC TEST|SWITCHING TEST|FINAL LOT RELEASE|SHIP LOT
valid_0278,MEASURE PASSIVATION QUALITY|OPEN BOND PAD WINDOW|OPEN PAD WINDOW LITHO|DEVELOP PAD WINDOW|PASSIVATION ETCH PAD OPENING|STRIP PHOTORESIST|CLEAN PAD OPENING|MEASURE PAD OPENING|BACKSIDE GRIND|MEASURE WAFER THICKNESS|BACKSIDE ETCH CLEAN|BACKSIDE RINSE|BACKSIDE DRY|BACKSIDE METALLIZATION PREP|DEPOSIT BACKSIDE METAL|BACKSIDE ANNEAL|MEASURE BACKSIDE CONTACT|FINAL CLEAN|FINAL THICKNESS MEASURE|FINAL GEOMETRY CHECK|FINAL CD INSPECTION|FINAL PARTICLE INSPECTION|PARAMETRIC TEST|LEAKAGE TEST|BREAKDOWN VOLTAGE TEST|SWITCHING TEST|YIELD ANALYSIS|WAFER SORT TEST|LOT RELEASE|SHIP LOT|FINAL CD INSPECTION|FINAL PARTICLE INSPECTION|PARAMETRIC TEST|SWITCHING TEST|FINAL LOT RELEASE|SHIP LOT|FINAL CD INSPECTION|FINAL PARTICLE INSPECTION|PARAMETRIC TEST|SWITCHING TEST|WAFER SORT TEST|FINAL LOT RELEASE|SHIP LOT|FINAL CD INSPECTION|FINAL PARTICLE INSPECTION|PARAMETRIC TEST|SWITCHING TEST|FINAL LOT RELEASE|SHIP LOT|FINAL CD INSPECTION|FINAL PARTICLE INSPECTION|PARAMETRIC TEST|LEAKAGE TEST|BREAKDOWN VOLTAGE TEST|SWITCHING TEST|FINAL LOT RELEASE|SHIP LOT|FINAL CD INSPECTION|FINAL PARTICLE INSPECTION|PARAMETRIC TEST|SWITCHING TEST|WAFER SORT TEST|LOT RELEASE|SHIP LOT|IMPLANT P BODY|LEAKAGE TEST|BREAKDOWN VOLTAGE TEST|SWITCHING TEST|WAFER SORT TEST|FINAL LOT RELEASE|SHIP LOT|FINAL CD INSPECTION|FINAL PARTICLE INSPECTION|PARAMETRIC TEST|LEAKAGE TEST|BREAKDOWN VOLTAGE TEST|SWITCHING TEST|WAFER SORT TEST|FINAL LOT RELEASE|SHIP LOT
valid_0279,SPIN COAT PHOTORESIST|SOFT BAKE|ALIGN MASK LEVEL 5|EXPOSE LITHO LEVEL 5|DEVELOP PHOTORESIST|VIA OPENING INSPECTION|VIA ETCH|STRIP PHOTORESIST|CLEAN AFTER VIA ETCH|MEASURE VIA CD|DEPOSIT BARRIER METAL|DEPOSIT METAL SEED|FILL VIA METAL|CMP METAL|MEASURE VIA RESISTANCE|DEPOSIT TOP METAL|ANNEAL METAL 1|SPIN COAT PHOTORESIST|SOFT BAKE|ALIGN MASK LEVEL 6|EXPOSE LITHO LEVEL 6|DEVELOP PHOTORESIST|METAL PATTERN INSPECTION|METAL ETCH DRY|STRIP PHOTORESIST|CLEAN AFTER METAL ETCH|MEASURE LINE WIDTH|DEPOSIT PASSIVATION|CURE PASSIVATION|MEASURE PASSIVATION QUALITY|OPEN BOND PAD WINDOW|OPEN PAD WINDOW LITHO|DEVELOP PAD WINDOW|PASSIVATION ETCH PAD OPENING|STRIP PHOTORESIST|CLEAN PAD OPENING|MEASURE PAD OPENING|BACKSIDE GRIND|MEASURE WAFER THICKNESS|BACKSIDE ETCH CLEAN|BACKSIDE RINSE|BACKSIDE DRY|BACKSIDE METALLIZATION PREP|DEPOSIT BACKSIDE METAL|BACKSIDE ANNEAL|MEASURE BACKSIDE CONTACT|FINAL CLEAN|FINAL THICKNESS MEASURE|FINAL GEOMETRY CHECK|FINAL CD INSPECTION|FINAL PARTICLE INSPECTION|PARAMETRIC TEST|LEAKAGE TEST|BREAKDOWN VOLTAGE TEST|SWITCHING TEST|YIELD ANALYSIS|WAFER SORT TEST|LOT RELEASE|SHIP LOT|FINAL CD INSPECTION|FINAL PARTICLE INSPECTION|ELECTRICAL PARAMETRIC TEST|LEAKAGE TEST|BREAKDOWN VOLTAGE TEST|SWITCHING TEST|FINAL LOT RELEASE|SHIP LOT|FINAL CD INSPECTION|FINAL PARTICLE INSPECTION|PARAMETRIC TEST|SWITCHING TEST|WAFER SORT TEST|FINAL LOT RELEASE|SHIP LOT|FINAL CD INSPECTION|FINAL PARTICLE INSPECTION|PARAMETRIC TEST|SWITCHING TEST|FINAL LOT RELEASE|SHIP LOT
valid_0280,CURE PASSIVATION|MEASURE PASSIVATION QUALITY|OPEN BOND PAD WINDOW|OPEN PAD WINDOW LITHO|DEVELOP PAD WINDOW|PASSIVATION ETCH PAD OPENING|STRIP PHOTORESIST|CLEAN PAD OPENING|MEASURE PAD OPENING|BACKSIDE GRIND|MEASURE WAFER THICKNESS|BACKSIDE ETCH CLEAN|BACKSIDE RINSE|BACKSIDE DRY|BACKSIDE METALLIZATION PREP|DEPOSIT BACKSIDE METAL|BACKSIDE ANNEAL|MEASURE BACKSIDE CONTACT|FINAL CLEAN|FINAL THICKNESS MEASURE|FINAL GEOMETRY CHECK|FINAL CD INSPECTION|FINAL PARTICLE INSPECTION|PARAMETRIC TEST|LEAKAGE TEST|BREAKDOWN VOLTAGE TEST|SWITCHING TEST|YIELD ANALYSIS|WAFER SORT TEST|LOT RELEASE|SHIP LOT|FINAL CD INSPECTION|FINAL PARTICLE INSPECTION|ELECTRICAL PARAMETRIC TEST|LEAKAGE TEST|BREAKDOWN VOLTAGE TEST|SWITCHING TEST|FINAL LOT RELEASE|SHIP LOT|FINAL CD INSPECTION|FINAL PARTICLE INSPECTION|PARAMETRIC TEST|SWITCHING TEST|WAFER SORT TEST|FINAL LOT RELEASE|SHIP LOT|FINAL CD INSPECTION|FINAL PARTICLE INSPECTION|PARAMETRIC TEST|SWITCHING TEST|FINAL LOT RELEASE|SHIP LOT|FINAL CD INSPECTION|FINAL PARTICLE INSPECTION|PARAMETRIC TEST|SWITCHING TEST|FINAL LOT RELEASE|SHIP LOT|FINAL CD INSPECTION|FINAL PARTICLE INSPECTION|PARAMETRIC TEST|SWITCHING TEST|WAFER SORT TEST|LOT RELEASE|SHIP LOT|IMPLANT P BODY|BREAKDOWN VOLTAGE TEST|SWITCHING TEST|WAFER SORT TEST|FINAL LOT RELEASE|SHIP LOT|FINAL CD INSPECTION|FINAL PARTICLE INSPECTION|PARAMETRIC TEST|LEAKAGE TEST|BREAKDOWN VOLTAGE TEST|SWITCHING TEST|WAFER SORT TEST|FINAL LOT RELEASE|SHIP LOT
valid_0281,DENSIFY DIELECTRIC|MEASURE FILM THICKNESS|CMP DIELECTRIC|MEASURE SURFACE PLANARITY|SPIN COAT PHOTORESIST|SOFT BAKE|ALIGN MASK LEVEL 5|EXPOSE LITHO LEVEL 5|DEVELOP PHOTORESIST|VIA OPENING INSPECTION|VIA ETCH|STRIP PHOTORESIST|CLEAN AFTER VIA ETCH|MEASURE VIA CD|DEPOSIT BARRIER METAL|DEPOSIT METAL SEED|FILL VIA METAL|CMP METAL|MEASURE VIA RESISTANCE|DEPOSIT TOP METAL|ANNEAL METAL 1|SPIN COAT PHOTORESIST|SOFT BAKE|ALIGN MASK LEVEL 6|EXPOSE LITHO LEVEL 6|DEVELOP PHOTORESIST|METAL PATTERN INSPECTION|METAL ETCH DRY|STRIP RESIST|CLEAN AFTER METAL ETCH|MEASURE LINE WIDTH|DEPOSIT PASSIVATION|CURE PASSIVATION|MEASURE PASSIVATION QUALITY|OPEN BOND PAD WINDOW|OPEN PAD WINDOW LITHO|DEVELOP PAD WINDOW|PASSIVATION ETCH PAD OPENING|STRIP PHOTORESIST|CLEAN PAD OPENING|MEASURE PAD OPENING|BACKSIDE GRIND|MEASURE WAFER THICKNESS|BACKSIDE ETCH CLEAN|BACKSIDE RINSE|BACKSIDE DRY|BACKSIDE METALLIZATION PREP|DEPOSIT BACKSIDE METAL|BACKSIDE ANNEAL|MEASURE BACKSIDE CONTACT|FINAL CLEAN|FINAL THICKNESS MEASURE|FINAL GEOMETRY CHECK|FINAL CD INSPECTION|FINAL PARTICLE INSPECTION|PARAMETRIC TEST|LEAKAGE TEST|BREAKDOWN VOLTAGE TEST|SWITCHING TEST|YIELD ANALYSIS|WAFER SORT TEST|FINAL LOT RELEASE|SHIP LOT|FINAL CD INSPECTION|FINAL PARTICLE INSPECTION|PARAMETRIC TEST|SWITCHING TEST|WAFER SORT TEST|FINAL LOT RELEASE|SHIP LOT|FINAL CD INSPECTION|FINAL PARTICLE INSPECTION|PARAMETRIC TEST|SWITCHING TEST|FINAL LOT RELEASE|SHIP LOT|FINAL CD INSPECTION|FINAL PARTICLE INSPECTION|PARAMETRIC TEST|LEAKAGE TEST
valid_0282,CLEAN AFTER METAL ETCH|MEASURE LINE WIDTH|DEPOSIT PASSIVATION|CURE PASSIVATION|MEASURE PASSIVATION QUALITY|OPEN BOND PAD WINDOW|OPEN PAD WINDOW LITHO|DEVELOP PAD WINDOW|PASSIVATION ETCH PAD OPENING|STRIP PHOTORESIST|CLEAN PAD OPENING|MEASURE PAD OPENING|BACKSIDE GRIND|MEASURE WAFER THICKNESS|BACKSIDE ETCH CLEAN|BACKSIDE RINSE|BACKSIDE DRY|BACKSIDE METALLIZATION PREP|DEPOSIT BACKSIDE METAL|BACKSIDE ANNEAL|MEASURE BACKSIDE CONTACT|FINAL CLEAN|FINAL THICKNESS MEASURE|FINAL GEOMETRY CHECK|FINAL CD INSPECTION|FINAL PARTICLE INSPECTION|PARAMETRIC TEST|LEAKAGE TEST|BREAKDOWN VOLTAGE TEST|SWITCHING TEST|YIELD ANALYSIS|WAFER SORT TEST|FINAL LOT RELEASE|SHIP LOT|FINAL CD INSPECTION|FINAL PARTICLE INSPECTION|PARAMETRIC TEST|SWITCHING TEST|WAFER SORT TEST|FINAL LOT RELEASE|SHIP LOT|FINAL CD INSPECTION|FINAL PARTICLE INSPECTION|PARAMETRIC TEST|SWITCHING TEST|FINAL LOT RELEASE|SHIP LOT|FINAL CD INSPECTION|FINAL PARTICLE INSPECTION|PARAMETRIC TEST|SWITCHING TEST|FINAL LOT RELEASE|SHIP LOT|FINAL CD INSPECTION|FINAL PARTICLE INSPECTION|PARAMETRIC TEST|SWITCHING TEST|WAFER SORT TEST|FINAL LOT RELEASE|SHIP LOT|FINAL CD INSPECTION|FINAL PARTICLE INSPECTION|PARAMETRIC TEST|LEAKAGE TEST|BREAKDOWN VOLTAGE TEST|SWITCHING TEST|WAFER SORT TEST|FINAL LOT RELEASE|SHIP LOT|FINAL CD INSPECTION|FINAL PARTICLE INSPECTION|PARAMETRIC TEST|LEAKAGE TEST|BREAKDOWN VOLTAGE TEST|SWITCHING TEST|WAFER SORT TEST|FINAL LOT RELEASE|SHIP LOT|FINAL CD INSPECTION|FINAL PARTICLE INSPECTION
valid_0283,MEASURE SURFACE PLANARITY|SPIN COAT PHOTORESIST|SOFT BAKE|ALIGN MASK LEVEL 5|EXPOSE LITHO LEVEL 5|DEVELOP PHOTORESIST|VIA OPENING INSPECTION|VIA ETCH|STRIP PHOTORESIST|CLEAN AFTER VIA ETCH|MEASURE VIA CD|DEPOSIT BARRIER METAL|DEPOSIT METAL SEED|FILL VIA METAL|CMP METAL|MEASURE VIA RESISTANCE|DEPOSIT METAL 1|ANNEAL METAL 1|SPIN COAT PHOTORESIST|SOFT BAKE|ALIGN MASK LEVEL 6|EXPOSE LITHO LEVEL 6|DEVELOP PHOTORESIST|METAL PATTERN INSPECTION|METAL ETCH DRY|STRIP PHOTORESIST|CLEAN AFTER METAL ETCH|MEASURE LINE WIDTH|DEPOSIT PASSIVATION|CURE PASSIVATION|MEASURE PASSIVATION QUALITY|OPEN BOND PAD WINDOW|OPEN PAD WINDOW LITHO|DEVELOP PAD WINDOW|PASSIVATION ETCH PAD OPENING|STRIP PHOTORESIST|CLEAN PAD OPENING|MEASURE PAD OPENING|BACKSIDE GRIND|MEASURE WAFER THICKNESS|BACKSIDE ETCH CLEAN|BACKSIDE RINSE|BACKSIDE DRY|BACKSIDE METALLIZATION PREP|DEPOSIT BACKSIDE METAL|BACKSIDE ANNEAL|MEASURE BACKSIDE CONTACT|FINAL CLEAN|FINAL THICKNESS MEASURE|FINAL GEOMETRY CHECK|FINAL CD INSPECTION|FINAL PARTICLE INSPECTION|PARAMETRIC TEST|LEAKAGE TEST|BREAKDOWN VOLTAGE TEST|SWITCHING TEST|YIELD ANALYSIS|WAFER SORT TEST|LOT RELEASE|SHIP LOT|FINAL CD INSPECTION|FINAL PARTICLE INSPECTION|PARAMETRIC TEST|SWITCHING TEST|FINAL LOT RELEASE|SHIP LOT|IMPLANT P BODY|BREAKDOWN VOLTAGE TEST|SWITCHING TEST|WAFER SORT TEST|FINAL LOT RELEASE|SHIP LOT|FINAL CD INSPECTION|FINAL PARTICLE INSPECTION|PARAMETRIC TEST|SWITCHING TEST|FINAL LOT RELEASE|SHIP LOT|FINAL CD INSPECTION|FINAL PARTICLE INSPECTION
valid_0284,CURE PASSIVATION|MEASURE PASSIVATION QUALITY|OPEN BOND PAD WINDOW|OPEN PAD WINDOW LITHO|DEVELOP PAD WINDOW|PASSIVATION ETCH PAD OPENING|STRIP PHOTORESIST|CLEAN PAD OPENING|MEASURE PAD OPENING|BACKSIDE GRIND|MEASURE WAFER THICKNESS|BACKSIDE ETCH CLEAN|BACKSIDE RINSE|BACKSIDE DRY|BACKSIDE METALLIZATION PREP|DEPOSIT BACKSIDE METAL|BACKSIDE ANNEAL|MEASURE BACKSIDE CONTACT|FINAL CLEAN|FINAL THICKNESS MEASURE|FINAL GEOMETRY CHECK|FINAL CD INSPECTION|FINAL PARTICLE INSPECTION|PARAMETRIC TEST|LEAKAGE TEST|BREAKDOWN VOLTAGE TEST|SWITCHING TEST|YIELD ANALYSIS|WAFER SORT TEST|LOT RELEASE|SHIP LOT|FINAL CD INSPECTION|FINAL PARTICLE INSPECTION|PARAMETRIC TEST|SWITCHING TEST|FINAL LOT RELEASE|SHIP LOT|FINAL CD INSPECTION|FINAL PARTICLE INSPECTION|PARAMETRIC TEST|SWITCHING TEST|WAFER SORT TEST|FINAL LOT RELEASE|SHIP LOT|FINAL CD INSPECTION|FINAL PARTICLE INSPECTION|PARAMETRIC TEST|SWITCHING TEST|FINAL LOT RELEASE|SHIP LOT|FINAL CD INSPECTION|FINAL PARTICLE INSPECTION|PARAMETRIC TEST|LEAKAGE TEST|BREAKDOWN VOLTAGE TEST|SWITCHING TEST|FINAL LOT RELEASE|SHIP LOT|FINAL CD INSPECTION|FINAL PARTICLE INSPECTION|PARAMETRIC TEST|LEAKAGE TEST|BREAKDOWN VOLTAGE TEST|SWITCHING TEST|WAFER SORT TEST|LOT RELEASE|SHIP LOT|FINAL CD INSPECTION|FINAL PARTICLE INSPECTION|PARAMETRIC TEST|LEAKAGE TEST|BREAKDOWN VOLTAGE TEST|SWITCHING TEST|WAFER SORT TEST|FINAL LOT RELEASE|SHIP LOT|FINAL CD INSPECTION|FINAL PARTICLE INSPECTION|PARAMETRIC TEST|LEAKAGE TEST
valid_0285,MEASURE FILM THICKNESS|CMP DIELECTRIC|MEASURE SURFACE PLANARITY|SPIN COAT PHOTORESIST|SOFT BAKE|ALIGN MASK LEVEL 5|EXPOSE LITHO LEVEL 5|DEVELOP PHOTORESIST|VIA OPENING INSPECTION|VIA ETCH|STRIP PHOTORESIST|CLEAN AFTER VIA ETCH|MEASURE VIA CD|DEPOSIT BARRIER METAL|DEPOSIT METAL SEED|FILL VIA METAL|CMP METAL|MEASURE VIA RESISTANCE|DEPOSIT METAL 1|ANNEAL METAL 1|SPIN COAT PHOTORESIST|SOFT BAKE|ALIGN MASK LEVEL 6|EXPOSE LITHO LEVEL 6|DEVELOP PHOTORESIST|METAL PATTERN INSPECTION|METAL ETCH DRY|STRIP RESIST|CLEAN AFTER METAL ETCH|MEASURE LINE WIDTH|DEPOSIT PASSIVATION|CURE PASSIVATION|MEASURE PASSIVATION QUALITY|OPEN BOND PAD WINDOW|OPEN PAD WINDOW LITHO|DEVELOP PAD WINDOW|PASSIVATION ETCH PAD OPENING|STRIP PHOTORESIST|CLEAN PAD OPENING|MEASURE PAD OPENING|BACKSIDE GRIND|MEASURE WAFER THICKNESS|BACKSIDE ETCH CLEAN|BACKSIDE RINSE|BACKSIDE DRY|BACKSIDE METALLIZATION PREP|DEPOSIT BACKSIDE METAL|BACKSIDE ANNEAL|MEASURE BACKSIDE CONTACT|FINAL CLEAN|FINAL THICKNESS MEASURE|FINAL GEOMETRY CHECK|FINAL CD INSPECTION|FINAL PARTICLE INSPECTION|PARAMETRIC TEST|LEAKAGE TEST|BREAKDOWN VOLTAGE TEST|SWITCHING TEST|YIELD ANALYSIS|WAFER SORT TEST|LOT RELEASE|SHIP LOT|FINAL CD INSPECTION|FINAL PARTICLE INSPECTION|PARAMETRIC TEST|SWITCHING TEST|WAFER SORT TEST|LOT RELEASE|SHIP LOT|FINAL CD INSPECTION|FINAL PARTICLE INSPECTION|PARAMETRIC TEST|SWITCHING TEST|FINAL LOT RELEASE|SHIP LOT|FINAL CD INSPECTION|FINAL PARTICLE INSPECTION|PARAMETRIC TEST|LEAKAGE TEST|BREAKDOWN VOLTAGE TEST
valid_0286,DEPOSIT PASSIVATION|CURE PASSIVATION|MEASURE PASSIVATION QUALITY|OPEN BOND PAD WINDOW|OPEN PAD WINDOW LITHO|DEVELOP PAD WINDOW|PASSIVATION ETCH PAD OPENING|STRIP PHOTORESIST|CLEAN PAD OPENING|MEASURE PAD OPENING|BACKSIDE GRIND|MEASURE WAFER THICKNESS|BACKSIDE ETCH CLEAN|BACKSIDE RINSE|BACKSIDE DRY|BACKSIDE METALLIZATION PREP|DEPOSIT BACKSIDE METAL|BACKSIDE ANNEAL|MEASURE BACKSIDE CONTACT|FINAL CLEAN|FINAL THICKNESS MEASURE|FINAL GEOMETRY CHECK|FINAL CD INSPECTION|FINAL PARTICLE INSPECTION|PARAMETRIC TEST|LEAKAGE TEST|BREAKDOWN VOLTAGE TEST|SWITCHING TEST|YIELD ANALYSIS|WAFER SORT TEST|LOT RELEASE|SHIP LOT|FINAL CD INSPECTION|FINAL PARTICLE INSPECTION|PARAMETRIC TEST|SWITCHING TEST|WAFER SORT TEST|LOT RELEASE|SHIP LOT|FINAL CD INSPECTION|FINAL PARTICLE INSPECTION|PARAMETRIC TEST|SWITCHING TEST|FINAL LOT RELEASE|SHIP LOT|FINAL CD INSPECTION|FINAL PARTICLE INSPECTION|PARAMETRIC TEST|LEAKAGE TEST|BREAKDOWN VOLTAGE TEST|SWITCHING TEST|FINAL LOT RELEASE|SHIP LOT|FINAL CD INSPECTION|FINAL PARTICLE INSPECTION|PARAMETRIC TEST|SWITCHING TEST|WAFER SORT TEST|FINAL LOT RELEASE|SHIP LOT|FINAL CD INSPECTION|FINAL PARTICLE INSPECTION|PARAMETRIC TEST|LEAKAGE TEST|BREAKDOWN VOLTAGE TEST|SWITCHING TEST|WAFER SORT TEST|FINAL LOT RELEASE|SHIP LOT|FINAL CD INSPECTION|FINAL PARTICLE INSPECTION|PARAMETRIC TEST|LEAKAGE TEST|BREAKDOWN VOLTAGE TEST|SWITCHING TEST|WAFER SORT TEST|FINAL LOT RELEASE|SHIP LOT|FINAL CD INSPECTION|FINAL PARTICLE INSPECTION
valid_0287,EXPOSE LITHO LEVEL 5|DEVELOP PHOTORESIST|VIA OPENING INSPECTION|VIA ETCH|STRIP PHOTORESIST|CLEAN AFTER VIA ETCH|MEASURE VIA CD|DEPOSIT BARRIER METAL|DEPOSIT METAL SEED|FILL VIA METAL|CMP METAL|MEASURE VIA RESISTANCE|DEPOSIT TOP METAL|ANNEAL METAL 1|SPIN COAT PHOTORESIST|SOFT BAKE|ALIGN MASK LEVEL 6|EXPOSE LITHO LEVEL 6|DEVELOP PHOTORESIST|METAL PATTERN INSPECTION|METAL ETCH DRY|STRIP PHOTORESIST|CLEAN AFTER METAL ETCH|MEASURE LINE WIDTH|DEPOSIT PASSIVATION|CURE PASSIVATION|MEASURE PASSIVATION QUALITY|OPEN BOND PAD WINDOW|OPEN PAD WINDOW LITHO|DEVELOP PAD WINDOW|PASSIVATION ETCH PAD OPENING|STRIP PHOTORESIST|CLEAN PAD OPENING|MEASURE PAD OPENING|BACKSIDE GRIND|MEASURE WAFER THICKNESS|BACKSIDE ETCH CLEAN|BACKSIDE RINSE|BACKSIDE DRY|BACKSIDE METALLIZATION PREP|DEPOSIT BACKSIDE METAL|BACKSIDE ANNEAL|MEASURE BACKSIDE CONTACT|FINAL CLEAN|FINAL THICKNESS MEASURE|FINAL GEOMETRY CHECK|FINAL CD INSPECTION|FINAL PARTICLE INSPECTION|PARAMETRIC TEST|LEAKAGE TEST|BREAKDOWN VOLTAGE TEST|SWITCHING TEST|YIELD ANALYSIS|WAFER SORT TEST|FINAL LOT RELEASE|SHIP LOT|FINAL CD INSPECTION|FINAL PARTICLE INSPECTION|PARAMETRIC TEST|SWITCHING TEST|WAFER SORT TEST|LOT RELEASE|SHIP LOT|FINAL CD INSPECTION|FINAL PARTICLE INSPECTION|PARAMETRIC TEST|SWITCHING TEST|FINAL LOT RELEASE|SHIP LOT|FINAL CD INSPECTION|FINAL PARTICLE INSPECTION|PARAMETRIC TEST|SWITCHING TEST|FINAL LOT RELEASE|SHIP LOT|FINAL CD INSPECTION|FINAL PARTICLE INSPECTION|PARAMETRIC TEST|SWITCHING TEST|FINAL LOT RELEASE
valid_0288,MEASURE PASSIVATION QUALITY|OPEN BOND PAD WINDOW|OPEN PAD WINDOW LITHO|DEVELOP PAD WINDOW|PASSIVATION ETCH PAD OPENING|STRIP PHOTORESIST|CLEAN PAD OPENING|MEASURE PAD OPENING|BACKSIDE GRIND|MEASURE WAFER THICKNESS|BACKSIDE ETCH CLEAN|BACKSIDE RINSE|BACKSIDE DRY|BACKSIDE METALLIZATION PREP|DEPOSIT BACKSIDE METAL|BACKSIDE ANNEAL|MEASURE BACKSIDE CONTACT|FINAL CLEAN|FINAL THICKNESS MEASURE|FINAL GEOMETRY CHECK|FINAL CD INSPECTION|FINAL PARTICLE INSPECTION|PARAMETRIC TEST|LEAKAGE TEST|BREAKDOWN VOLTAGE TEST|SWITCHING TEST|YIELD ANALYSIS|WAFER SORT TEST|FINAL LOT RELEASE|SHIP LOT|FINAL CD INSPECTION|FINAL PARTICLE INSPECTION|PARAMETRIC TEST|SWITCHING TEST|WAFER SORT TEST|LOT RELEASE|SHIP LOT|FINAL CD INSPECTION|FINAL PARTICLE INSPECTION|PARAMETRIC TEST|SWITCHING TEST|FINAL LOT RELEASE|SHIP LOT|IMPLANT P BODY|BREAKDOWN VOLTAGE TEST|SWITCHING TEST|FINAL LOT RELEASE|SHIP LOT|FINAL CD INSPECTION|FINAL PARTICLE INSPECTION|PARAMETRIC TEST|SWITCHING TEST|FINAL LOT RELEASE|SHIP LOT|FINAL CD INSPECTION|FINAL PARTICLE INSPECTION|PARAMETRIC TEST|LEAKAGE TEST|BREAKDOWN VOLTAGE TEST|SWITCHING TEST|FINAL LOT RELEASE|SHIP LOT|FINAL CD INSPECTION|FINAL PARTICLE INSPECTION|PARAMETRIC TEST|SWITCHING TEST|WAFER SORT TEST|FINAL LOT RELEASE|SHIP LOT|IMPLANT P BODY|BREAKDOWN VOLTAGE TEST|SWITCHING TEST|WAFER SORT TEST|FINAL LOT RELEASE|SHIP LOT|FINAL CD INSPECTION|FINAL PARTICLE INSPECTION|PARAMETRIC TEST|LEAKAGE TEST|BREAKDOWN VOLTAGE TEST
valid_0289,SPIN COAT PHOTORESIST|SOFT BAKE|ALIGN MASK LEVEL 5|EXPOSE LITHO LEVEL 5|DEVELOP PHOTORESIST|VIA OPENING INSPECTION|VIA ETCH|STRIP PHOTORESIST|CLEAN AFTER VIA ETCH|MEASURE VIA CD|DEPOSIT BARRIER METAL|DEPOSIT METAL SEED|FILL VIA METAL|CMP METAL|MEASURE VIA RESISTANCE|DEPOSIT METAL 1|ANNEAL METAL 1|SPIN COAT PHOTORESIST|SOFT BAKE|ALIGN MASK LEVEL 6|EXPOSE LITHO LEVEL 6|DEVELOP PHOTORESIST|METAL PATTERN INSPECTION|METAL ETCH DRY|STRIP PHOTORESIST|CLEAN AFTER METAL ETCH|MEASURE LINE WIDTH|DEPOSIT PASSIVATION|CURE PASSIVATION|MEASURE PASSIVATION QUALITY|OPEN BOND PAD WINDOW|OPEN PAD WINDOW LITHO|DEVELOP PHOTORESIST|PASSIVATION ETCH PAD OPENING|STRIP PHOTORESIST|CLEAN PAD OPENING|MEASURE PAD OPENING|BACKSIDE GRIND|MEASURE WAFER THICKNESS|BACKSIDE ETCH CLEAN|BACKSIDE RINSE|BACKSIDE DRY|BACKSIDE METALLIZATION PREP|DEPOSIT BACKSIDE METAL|BACKSIDE ANNEAL|MEASURE BACKSIDE CONTACT|FINAL CLEAN|FINAL THICKNESS MEASURE|FINAL GEOMETRY CHECK|FINAL CD INSPECTION|FINAL PARTICLE INSPECTION|PARAMETRIC TEST|LEAKAGE TEST|BREAKDOWN VOLTAGE TEST|SWITCHING TEST|YIELD ANALYSIS|WAFER SORT TEST|LOT RELEASE|SHIP LOT|FINAL CD INSPECTION|FINAL PARTICLE INSPECTION|PARAMETRIC TEST|SWITCHING TEST|FINAL LOT RELEASE|SHIP LOT|FINAL CD INSPECTION|FINAL PARTICLE INSPECTION|PARAMETRIC TEST|SWITCHING TEST|WAFER SORT TEST|FINAL LOT RELEASE|SHIP LOT|FINAL CD INSPECTION|FINAL PARTICLE INSPECTION|PARAMETRIC TEST|SWITCHING TEST|FINAL LOT RELEASE|SHIP LOT|FINAL CD INSPECTION|FINAL PARTICLE INSPECTION
valid_0290,DEPOSIT PASSIVATION|CURE PASSIVATION|MEASURE PASSIVATION QUALITY|OPEN BOND PAD WINDOW|OPEN PAD WINDOW LITHO|DEVELOP PAD WINDOW|PASSIVATION ETCH PAD OPENING|STRIP PHOTORESIST|CLEAN PAD OPENING|MEASURE PAD OPENING|BACKSIDE GRIND|MEASURE WAFER THICKNESS|BACKSIDE ETCH CLEAN|BACKSIDE RINSE|BACKSIDE DRY|BACKSIDE METALLIZATION PREP|DEPOSIT BACKSIDE METAL|BACKSIDE ANNEAL|MEASURE BACKSIDE CONTACT|FINAL CLEAN|FINAL THICKNESS MEASURE|FINAL GEOMETRY CHECK|FINAL CD INSPECTION|FINAL PARTICLE INSPECTION|PARAMETRIC TEST|LEAKAGE TEST|BREAKDOWN VOLTAGE TEST|SWITCHING TEST|YIELD ANALYSIS|WAFER SORT TEST|LOT RELEASE|SHIP LOT|FINAL CD INSPECTION|FINAL PARTICLE INSPECTION|PARAMETRIC TEST|SWITCHING TEST|FINAL LOT RELEASE|SHIP LOT|FINAL CD INSPECTION|FINAL PARTICLE INSPECTION|PARAMETRIC TEST|SWITCHING TEST|WAFER SORT TEST|FINAL LOT RELEASE|SHIP LOT|FINAL CD INSPECTION|FINAL PARTICLE INSPECTION|PARAMETRIC TEST|LEAKAGE TEST|BREAKDOWN VOLTAGE TEST|SWITCHING TEST|FINAL LOT RELEASE|SHIP LOT|FINAL CD INSPECTION|FINAL PARTICLE INSPECTION|PARAMETRIC TEST|LEAKAGE TEST|BREAKDOWN VOLTAGE TEST|SWITCHING TEST|WAFER SORT TEST|FINAL LOT RELEASE|SHIP LOT|FINAL CD INSPECTION|FINAL PARTICLE INSPECTION|PARAMETRIC TEST|LEAKAGE TEST|BREAKDOWN VOLTAGE TEST|SWITCHING TEST|WAFER SORT TEST|FINAL LOT RELEASE|SHIP LOT|FINAL CD INSPECTION|FINAL PARTICLE INSPECTION|PARAMETRIC TEST|LEAKAGE TEST|BREAKDOWN VOLTAGE TEST|SWITCHING TEST|WAFER SORT TEST|FINAL LOT RELEASE|SHIP LOT
valid_0291,SPIN COAT PHOTORESIST|SOFT BAKE|ALIGN MASK LEVEL 5|EXPOSE LITHO LEVEL 5|DEVELOP PHOTORESIST|VIA OPENING INSPECTION|VIA ETCH|STRIP PHOTORESIST|CLEAN AFTER VIA ETCH|MEASURE VIA CD|DEPOSIT BARRIER METAL|DEPOSIT METAL SEED|FILL VIA METAL|CMP METAL|MEASURE VIA RESISTANCE|DEPOSIT METAL 1|ANNEAL METAL 1|SPIN COAT PHOTORESIST|SOFT BAKE|ALIGN MASK LEVEL 6|EXPOSE LITHO LEVEL 6|DEVELOP PHOTORESIST|METAL PATTERN INSPECTION|METAL ETCH DRY|STRIP PHOTORESIST|CLEAN AFTER METAL ETCH|MEASURE LINE WIDTH|DEPOSIT PASSIVATION|CURE PASSIVATION|MEASURE PASSIVATION QUALITY|OPEN BOND PAD WINDOW|OPEN PAD WINDOW LITHO|DEVELOP PHOTORESIST|PASSIVATION ETCH PAD OPENING|STRIP PHOTORESIST|CLEAN PAD OPENING|MEASURE PAD OPENING|BACKSIDE GRIND|MEASURE WAFER THICKNESS|BACKSIDE ETCH CLEAN|BACKSIDE RINSE|BACKSIDE DRY|BACKSIDE METALLIZATION PREP|DEPOSIT BACKSIDE METAL|BACKSIDE ANNEAL|MEASURE BACKSIDE CONTACT|FINAL CLEAN|FINAL THICKNESS MEASURE|FINAL GEOMETRY CHECK|FINAL CD INSPECTION|FINAL PARTICLE INSPECTION|PARAMETRIC TEST|LEAKAGE TEST|BREAKDOWN VOLTAGE TEST|SWITCHING TEST|YIELD ANALYSIS|WAFER SORT TEST|LOT RELEASE|SHIP LOT|FINAL CD INSPECTION|FINAL PARTICLE INSPECTION|PARAMETRIC TEST|SWITCHING TEST|FINAL LOT RELEASE|SHIP LOT|FINAL CD INSPECTION|FINAL PARTICLE INSPECTION|PARAMETRIC TEST|SWITCHING TEST|WAFER SORT TEST|FINAL LOT RELEASE|SHIP LOT|FINAL CD INSPECTION|FINAL PARTICLE INSPECTION|PARAMETRIC TEST|SWITCHING TEST|FINAL LOT RELEASE|SHIP LOT|FINAL CD INSPECTION|FINAL PARTICLE INSPECTION
valid_0292,CURE PASSIVATION|MEASURE PASSIVATION QUALITY|OPEN BOND PAD WINDOW|OPEN PAD WINDOW LITHO|DEVELOP PAD WINDOW|PASSIVATION ETCH PAD OPENING|STRIP PHOTORESIST|CLEAN PAD OPENING|MEASURE PAD OPENING|BACKSIDE GRIND|MEASURE WAFER THICKNESS|BACKSIDE ETCH CLEAN|BACKSIDE RINSE|BACKSIDE DRY|BACKSIDE METALLIZATION PREP|DEPOSIT BACKSIDE METAL|BACKSIDE ANNEAL|MEASURE BACKSIDE CONTACT|FINAL CLEAN|FINAL THICKNESS MEASURE|FINAL GEOMETRY CHECK|FINAL CD INSPECTION|FINAL PARTICLE INSPECTION|PARAMETRIC TEST|LEAKAGE TEST|BREAKDOWN VOLTAGE TEST|SWITCHING TEST|YIELD ANALYSIS|WAFER SORT TEST|LOT RELEASE|SHIP LOT|FINAL CD INSPECTION|FINAL PARTICLE INSPECTION|PARAMETRIC TEST|SWITCHING TEST|FINAL LOT RELEASE|SHIP LOT|FINAL CD INSPECTION|FINAL PARTICLE INSPECTION|PARAMETRIC TEST|SWITCHING TEST|WAFER SORT TEST|FINAL LOT RELEASE|SHIP LOT|FINAL CD INSPECTION|FINAL PARTICLE INSPECTION|PARAMETRIC TEST|SWITCHING TEST|FINAL LOT RELEASE|SHIP LOT|FINAL CD INSPECTION|FINAL PARTICLE INSPECTION|PARAMETRIC TEST|LEAKAGE TEST|BREAKDOWN VOLTAGE TEST|SWITCHING TEST|FINAL LOT RELEASE|SHIP LOT|FINAL CD INSPECTION|FINAL PARTICLE INSPECTION|PARAMETRIC TEST|LEAKAGE TEST|BREAKDOWN VOLTAGE TEST|SWITCHING TEST|WAFER SORT TEST|FINAL LOT RELEASE|SHIP LOT|FINAL CD INSPECTION|FINAL PARTICLE INSPECTION|PARAMETRIC TEST|LEAKAGE TEST|BREAKDOWN VOLTAGE TEST|SWITCHING TEST|WAFER SORT TEST|FINAL LOT RELEASE|SHIP LOT|FINAL CD INSPECTION|FINAL PARTICLE INSPECTION|PARAMETRIC TEST|LEAKAGE TEST
valid_0293,SPIN COAT PHOTORESIST|SOFT BAKE|ALIGN MASK LEVEL 5|EXPOSE LITHO LEVEL 5|DEVELOP PHOTORESIST|VIA OPENING INSPECTION|VIA ETCH|STRIP PHOTORESIST|CLEAN AFTER VIA ETCH|MEASURE VIA CD|DEPOSIT BARRIER METAL|DEPOSIT METAL SEED|FILL VIA METAL|CMP METAL|MEASURE VIA RESISTANCE|DEPOSIT METAL 1|ANNEAL METAL 1|SPIN COAT PHOTORESIST|SOFT BAKE|ALIGN MASK LEVEL 6|EXPOSE LITHO LEVEL 6|DEVELOP PHOTORESIST|METAL PATTERN INSPECTION|METAL ETCH DRY|STRIP PHOTORESIST|CLEAN AFTER METAL ETCH|MEASURE LINE WIDTH|DEPOSIT PASSIVATION|CURE PASSIVATION|MEASURE PASSIVATION QUALITY|OPEN BOND PAD WINDOW|OPEN PAD WINDOW LITHO|DEVELOP PAD WINDOW|PASSIVATION ETCH PAD OPENING|STRIP PHOTORESIST|CLEAN PAD OPENING|MEASURE PAD OPENING|BACKSIDE GRIND|MEASURE WAFER THICKNESS|BACKSIDE ETCH CLEAN|BACKSIDE RINSE|BACKSIDE DRY|BACKSIDE METALLIZATION PREP|DEPOSIT BACKSIDE METAL|BACKSIDE ANNEAL|MEASURE BACKSIDE CONTACT|FINAL CLEAN|FINAL THICKNESS MEASURE|FINAL GEOMETRY CHECK|FINAL CD INSPECTION|FINAL PARTICLE INSPECTION|PARAMETRIC TEST|LEAKAGE TEST|BREAKDOWN VOLTAGE TEST|SWITCHING TEST|YIELD ANALYSIS|WAFER SORT TEST|LOT RELEASE|SHIP LOT|FINAL CD INSPECTION|FINAL PARTICLE INSPECTION|PARAMETRIC TEST|SWITCHING TEST|FINAL LOT RELEASE|SHIP LOT|FINAL CD INSPECTION|FINAL PARTICLE INSPECTION|PARAMETRIC TEST|SWITCHING TEST|WAFER SORT TEST|FINAL LOT RELEASE|SHIP LOT|FINAL CD INSPECTION|FINAL PARTICLE INSPECTION|PARAMETRIC TEST|SWITCHING TEST|FINAL LOT RELEASE|SHIP LOT|FINAL CD INSPECTION|FINAL PARTICLE INSPECTION
valid_0294,DEPOSIT PASSIVATION|CURE PASSIVATION|MEASURE PASSIVATION QUALITY|OPEN BOND PAD WINDOW|OPEN PAD WINDOW LITHO|DEVELOP PAD WINDOW|PASSIVATION ETCH PAD OPENING|STRIP PHOTORESIST|CLEAN PAD OPENING|MEASURE PAD OPENING|BACKSIDE GRIND|MEASURE WAFER THICKNESS|BACKSIDE ETCH CLEAN|BACKSIDE RINSE|BACKSIDE DRY|BACKSIDE METALLIZATION PREP|DEPOSIT BACKSIDE METAL|BACKSIDE ANNEAL|MEASURE BACKSIDE CONTACT|FINAL CLEAN|FINAL THICKNESS MEASURE|FINAL GEOMETRY CHECK|FINAL CD INSPECTION|FINAL PARTICLE INSPECTION|PARAMETRIC TEST|LEAKAGE TEST|BREAKDOWN VOLTAGE TEST|SWITCHING TEST|YIELD ANALYSIS|WAFER SORT TEST|LOT RELEASE|SHIP LOT|FINAL CD INSPECTION|FINAL PARTICLE INSPECTION|PARAMETRIC TEST|SWITCHING TEST|WAFER SORT TEST|FINAL LOT RELEASE|SHIP LOT|FINAL CD INSPECTION|FINAL PARTICLE INSPECTION|PARAMETRIC TEST|SWITCHING TEST|FINAL LOT RELEASE|SHIP LOT|FINAL CD INSPECTION|FINAL PARTICLE INSPECTION|PARAMETRIC TEST|LEAKAGE TEST|BREAKDOWN VOLTAGE TEST|SWITCHING TEST|FINAL LOT RELEASE|SHIP LOT|FINAL CD INSPECTION|FINAL PARTICLE INSPECTION|PARAMETRIC TEST|SWITCHING TEST|WAFER SORT TEST|FINAL LOT RELEASE|SHIP LOT|FINAL CD INSPECTION|FINAL PARTICLE INSPECTION|PARAMETRIC TEST|LEAKAGE TEST|BREAKDOWN VOLTAGE TEST|SWITCHING TEST|WAFER SORT TEST|FINAL LOT RELEASE|SHIP LOT|FINAL CD INSPECTION|FINAL PARTICLE INSPECTION|PARAMETRIC TEST|LEAKAGE TEST|BREAKDOWN VOLTAGE TEST|SWITCHING TEST|WAFER SORT TEST|FINAL LOT RELEASE|SHIP LOT|FINAL CD INSPECTION|FINAL PARTICLE INSPECTION
valid_0295,MEASURE SURFACE PLANARITY|SPIN COAT PHOTORESIST|SOFT BAKE|ALIGN MASK LEVEL 5|EXPOSE LITHO LEVEL 5|DEVELOP PHOTORESIST|VIA OPENING INSPECTION|VIA ETCH|STRIP PHOTORESIST|CLEAN AFTER VIA ETCH|MEASURE VIA CD|DEPOSIT BARRIER METAL|DEPOSIT METAL SEED|FILL VIA METAL|CMP METAL|MEASURE VIA RESISTANCE|DEPOSIT TOP METAL|ANNEAL METAL 1|SPIN COAT PHOTORESIST|SOFT BAKE|ALIGN MASK LEVEL 6|EXPOSE LITHO LEVEL 6|DEVELOP PHOTORESIST|METAL PATTERN INSPECTION|METAL ETCH DRY|STRIP PHOTORESIST|CLEAN AFTER METAL ETCH|MEASURE LINE WIDTH|DEPOSIT PASSIVATION|CURE PASSIVATION|MEASURE PASSIVATION QUALITY|OPEN BOND PAD WINDOW|OPEN PAD WINDOW LITHO|DEVELOP PAD WINDOW|PASSIVATION ETCH PAD OPENING|STRIP PHOTORESIST|CLEAN PAD OPENING|MEASURE PAD OPENING|BACKSIDE GRIND|MEASURE WAFER THICKNESS|BACKSIDE ETCH CLEAN|BACKSIDE RINSE|BACKSIDE DRY|BACKSIDE METALLIZATION PREP|DEPOSIT BACKSIDE METAL|BACKSIDE ANNEAL|MEASURE BACKSIDE CONTACT|FINAL CLEAN|FINAL THICKNESS MEASURE|FINAL GEOMETRY CHECK|FINAL CD INSPECTION|FINAL PARTICLE INSPECTION|PARAMETRIC TEST|LEAKAGE TEST|BREAKDOWN VOLTAGE TEST|SWITCHING TEST|YIELD ANALYSIS|WAFER SORT TEST|LOT RELEASE|SHIP LOT|FINAL CD INSPECTION|FINAL PARTICLE INSPECTION|PARAMETRIC TEST|SWITCHING TEST|FINAL LOT RELEASE|SHIP LOT|FINAL CD INSPECTION|FINAL PARTICLE INSPECTION|PARAMETRIC TEST|SWITCHING TEST|WAFER SORT TEST|FINAL LOT RELEASE|SHIP LOT|FINAL CD INSPECTION|FINAL PARTICLE INSPECTION|PARAMETRIC TEST|SWITCHING TEST|FINAL LOT RELEASE|SHIP LOT|FINAL CD INSPECTION
valid_0296,CURE PASSIVATION|MEASURE PASSIVATION QUALITY|OPEN BOND PAD WINDOW|OPEN PAD WINDOW LITHO|DEVELOP PAD WINDOW|PASSIVATION ETCH PAD OPENING|STRIP PHOTORESIST|CLEAN PAD OPENING|MEASURE PAD OPENING|BACKSIDE GRIND|MEASURE WAFER THICKNESS|BACKSIDE ETCH CLEAN|BACKSIDE RINSE|BACKSIDE DRY|BACKSIDE METALLIZATION PREP|DEPOSIT BACKSIDE METAL|BACKSIDE ANNEAL|MEASURE BACKSIDE CONTACT|FINAL CLEAN|FINAL THICKNESS MEASURE|FINAL GEOMETRY CHECK|FINAL CD INSPECTION|FINAL PARTICLE INSPECTION|PARAMETRIC TEST|LEAKAGE TEST|BREAKDOWN VOLTAGE TEST|SWITCHING TEST|YIELD ANALYSIS|WAFER SORT TEST|LOT RELEASE|SHIP LOT|FINAL CD INSPECTION|FINAL PARTICLE INSPECTION|PARAMETRIC TEST|SWITCHING TEST|FINAL LOT RELEASE|SHIP LOT|FINAL CD INSPECTION|FINAL PARTICLE INSPECTION|PARAMETRIC TEST|SWITCHING TEST|WAFER SORT TEST|FINAL LOT RELEASE|SHIP LOT|FINAL CD INSPECTION|FINAL PARTICLE INSPECTION|PARAMETRIC TEST|SWITCHING TEST|FINAL LOT RELEASE|SHIP LOT|FINAL CD INSPECTION|FINAL PARTICLE INSPECTION|PARAMETRIC TEST|LEAKAGE TEST|BREAKDOWN VOLTAGE TEST|SWITCHING TEST|FINAL LOT RELEASE|SHIP LOT|FINAL CD INSPECTION|FINAL PARTICLE INSPECTION|PARAMETRIC TEST|SWITCHING TEST|WAFER SORT TEST|LOT RELEASE|SHIP LOT|IMPLANT P BODY|BREAKDOWN VOLTAGE TEST|SWITCHING TEST|WAFER SORT TEST|FINAL LOT RELEASE|SHIP LOT|FINAL CD INSPECTION|FINAL PARTICLE INSPECTION|PARAMETRIC TEST|LEAKAGE TEST|BREAKDOWN VOLTAGE TEST|SWITCHING TEST|WAFER SORT TEST|FINAL LOT RELEASE|SHIP LOT
valid_0297,MEASURE FILM THICKNESS|CMP DIELECTRIC|MEASURE SURFACE PLANARITY|SPIN COAT PHOTORESIST|SOFT BAKE|ALIGN MASK LEVEL 5|EXPOSE LITHO LEVEL 5|DEVELOP PHOTORESIST|VIA OPENING INSPECTION|VIA ETCH|STRIP PHOTORESIST|CLEAN AFTER VIA ETCH|MEASURE VIA CD|DEPOSIT BARRIER METAL|DEPOSIT METAL SEED|FILL VIA METAL|CMP METAL|MEASURE VIA RESISTANCE|DEPOSIT METAL 1|ANNEAL METAL 1|SPIN COAT PHOTORESIST|SOFT BAKE|ALIGN MASK LEVEL 6|EXPOSE LITHO LEVEL 6|DEVELOP PHOTORESIST|METAL PATTERN INSPECTION|METAL ETCH DRY|STRIP PHOTORESIST|CLEAN AFTER METAL ETCH|MEASURE LINE WIDTH|DEPOSIT PASSIVATION|CURE PASSIVATION|MEASURE PASSIVATION QUALITY|OPEN BOND PAD WINDOW|OPEN PAD WINDOW LITHO|DEVELOP PHOTORESIST|PASSIVATION ETCH PAD OPENING|STRIP PHOTORESIST|CLEAN PAD OPENING|MEASURE PAD OPENING|BACKSIDE GRIND|MEASURE WAFER THICKNESS|BACKSIDE ETCH CLEAN|BACKSIDE RINSE|BACKSIDE DRY|BACKSIDE METALLIZATION PREP|DEPOSIT BACKSIDE METAL|BACKSIDE ANNEAL|MEASURE BACKSIDE CONTACT|FINAL CLEAN|FINAL THICKNESS MEASURE|FINAL GEOMETRY CHECK|FINAL CD INSPECTION|FINAL PARTICLE INSPECTION|PARAMETRIC TEST|LEAKAGE TEST|BREAKDOWN VOLTAGE TEST|SWITCHING TEST|YIELD ANALYSIS|WAFER SORT TEST|LOT RELEASE|SHIP LOT|FINAL CD INSPECTION|FINAL PARTICLE INSPECTION|PARAMETRIC TEST|SWITCHING TEST|FINAL LOT RELEASE|SHIP LOT|FINAL CD INSPECTION|FINAL PARTICLE INSPECTION|PARAMETRIC TEST|SWITCHING TEST|WAFER SORT TEST|FINAL LOT RELEASE|SHIP LOT|FINAL CD INSPECTION|FINAL PARTICLE INSPECTION|PARAMETRIC TEST|SWITCHING TEST|FINAL LOT RELEASE
valid_0298,MEASURE LINE WIDTH|DEPOSIT PASSIVATION|CURE PASSIVATION|MEASURE PASSIVATION QUALITY|OPEN BOND PAD WINDOW|OPEN PAD WINDOW LITHO|DEVELOP PHOTORESIST|PASSIVATION ETCH PAD OPENING|STRIP PHOTORESIST|CLEAN PAD OPENING|MEASURE PAD OPENING|BACKSIDE GRIND|MEASURE WAFER THICKNESS|BACKSIDE ETCH CLEAN|BACKSIDE RINSE|BACKSIDE DRY|BACKSIDE METALLIZATION PREP|DEPOSIT BACKSIDE METAL|BACKSIDE ANNEAL|MEASURE BACKSIDE CONTACT|FINAL CLEAN|FINAL THICKNESS MEASURE|FINAL GEOMETRY CHECK|FINAL CD INSPECTION|FINAL PARTICLE INSPECTION|PARAMETRIC TEST|LEAKAGE TEST|BREAKDOWN VOLTAGE TEST|SWITCHING TEST|YIELD ANALYSIS|WAFER SORT TEST|LOT RELEASE|SHIP LOT|FINAL CD INSPECTION|FINAL PARTICLE INSPECTION|PARAMETRIC TEST|SWITCHING TEST|FINAL LOT RELEASE|SHIP LOT|FINAL CD INSPECTION|FINAL PARTICLE INSPECTION|PARAMETRIC TEST|SWITCHING TEST|WAFER SORT TEST|FINAL LOT RELEASE|SHIP LOT|FINAL CD INSPECTION|FINAL PARTICLE INSPECTION|PARAMETRIC TEST|SWITCHING TEST|FINAL LOT RELEASE|SHIP LOT|FINAL CD INSPECTION|FINAL PARTICLE INSPECTION|PARAMETRIC TEST|LEAKAGE TEST|BREAKDOWN VOLTAGE TEST|SWITCHING TEST|FINAL LOT RELEASE|SHIP LOT|FINAL CD INSPECTION|FINAL PARTICLE INSPECTION|PARAMETRIC TEST|SWITCHING TEST|WAFER SORT TEST|LOT RELEASE|SHIP LOT|IMPLANT P BODY|LEAKAGE TEST|BREAKDOWN VOLTAGE TEST|SWITCHING TEST|WAFER SORT TEST|FINAL LOT RELEASE|SHIP LOT|FINAL CD INSPECTION|FINAL PARTICLE INSPECTION|PARAMETRIC TEST|LEAKAGE TEST|BREAKDOWN VOLTAGE TEST|SWITCHING TEST
valid_0299,MEASURE SURFACE PLANARITY|SPIN COAT PHOTORESIST|SOFT BAKE|ALIGN MASK LEVEL 5|EXPOSE LITHO LEVEL 5|DEVELOP PHOTORESIST|VIA OPENING INSPECTION|VIA ETCH|STRIP PHOTORESIST|CLEAN AFTER VIA ETCH|MEASURE VIA CD|DEPOSIT BARRIER METAL|DEPOSIT METAL SEED|FILL VIA METAL|CMP METAL|MEASURE VIA RESISTANCE|DEPOSIT METAL 1|ANNEAL METAL 1|SPIN COAT PHOTORESIST|SOFT BAKE|ALIGN MASK LEVEL 6|EXPOSE LITHO LEVEL 6|DEVELOP PHOTORESIST|METAL PATTERN INSPECTION|METAL ETCH DRY|STRIP PHOTORESIST|CLEAN AFTER METAL ETCH|MEASURE LINE WIDTH|DEPOSIT PASSIVATION|CURE PASSIVATION|MEASURE PASSIVATION QUALITY|OPEN BOND PAD WINDOW|OPEN PAD WINDOW LITHO|DEVELOP PAD WINDOW|PASSIVATION ETCH PAD OPENING|STRIP PHOTORESIST|CLEAN PAD OPENING|MEASURE PAD OPENING|BACKSIDE GRIND|MEASURE WAFER THICKNESS|BACKSIDE ETCH CLEAN|BACKSIDE RINSE|BACKSIDE DRY|BACKSIDE METALLIZATION PREP|DEPOSIT BACKSIDE METAL|BACKSIDE ANNEAL|MEASURE BACKSIDE CONTACT|FINAL CLEAN|FINAL THICKNESS MEASURE|FINAL GEOMETRY CHECK|FINAL CD INSPECTION|FINAL PARTICLE INSPECTION|PARAMETRIC TEST|LEAKAGE TEST|BREAKDOWN VOLTAGE TEST|SWITCHING TEST|YIELD ANALYSIS|WAFER SORT TEST|LOT RELEASE|SHIP LOT|FINAL CD INSPECTION|FINAL PARTICLE INSPECTION|PARAMETRIC TEST|SWITCHING TEST|FINAL LOT RELEASE|SHIP LOT|FINAL CD INSPECTION|FINAL PARTICLE INSPECTION|PARAMETRIC TEST|SWITCHING TEST|WAFER SORT TEST|FINAL LOT RELEASE|SHIP LOT|FINAL CD INSPECTION|FINAL PARTICLE INSPECTION|PARAMETRIC TEST|SWITCHING TEST|FINAL LOT RELEASE|SHIP LOT|FINAL CD INSPECTION
valid_0300,CURE PASSIVATION|MEASURE PASSIVATION QUALITY|OPEN BOND PAD WINDOW|OPEN PAD WINDOW LITHO|DEVELOP PAD WINDOW|PASSIVATION ETCH PAD OPENING|STRIP PHOTORESIST|CLEAN PAD OPENING|MEASURE PAD OPENING|BACKSIDE GRIND|MEASURE WAFER THICKNESS|BACKSIDE ETCH CLEAN|BACKSIDE RINSE|BACKSIDE DRY|BACKSIDE METALLIZATION PREP|DEPOSIT BACKSIDE METAL|BACKSIDE ANNEAL|MEASURE BACKSIDE CONTACT|FINAL CLEAN|FINAL THICKNESS MEASURE|FINAL GEOMETRY CHECK|FINAL CD INSPECTION|FINAL PARTICLE INSPECTION|PARAMETRIC TEST|LEAKAGE TEST|BREAKDOWN VOLTAGE TEST|SWITCHING TEST|YIELD ANALYSIS|WAFER SORT TEST|LOT RELEASE|SHIP LOT|FINAL CD INSPECTION|FINAL PARTICLE INSPECTION|PARAMETRIC TEST|SWITCHING TEST|FINAL LOT RELEASE|SHIP LOT|FINAL CD INSPECTION|FINAL PARTICLE INSPECTION|PARAMETRIC TEST|SWITCHING TEST|WAFER SORT TEST|FINAL LOT RELEASE|SHIP LOT|FINAL CD INSPECTION|FINAL PARTICLE INSPECTION|PARAMETRIC TEST|LEAKAGE TEST|BREAKDOWN VOLTAGE TEST|SWITCHING TEST|FINAL LOT RELEASE|SHIP LOT|FINAL CD INSPECTION|FINAL PARTICLE INSPECTION|PARAMETRIC TEST|LEAKAGE TEST|BREAKDOWN VOLTAGE TEST|SWITCHING TEST|WAFER SORT TEST|FINAL LOT RELEASE|SHIP LOT|IMPLANT P BODY|BREAKDOWN VOLTAGE TEST|SWITCHING TEST|WAFER SORT TEST|FINAL LOT RELEASE|SHIP LOT|FINAL CD INSPECTION|FINAL PARTICLE INSPECTION|PARAMETRIC TEST|LEAKAGE TEST|BREAKDOWN VOLTAGE TEST|SWITCHING TEST|WAFER SORT TEST|FINAL LOT RELEASE|SHIP LOT|FINAL CD INSPECTION|FINAL PARTICLE INSPECTION|PARAMETRIC TEST|LEAKAGE TEST
valid_0301,MEASURE SURFACE PLANARITY|SPIN COAT PHOTORESIST|SOFT BAKE|ALIGN MASK LEVEL 5|EXPOSE LITHO LEVEL 5|DEVELOP PHOTORESIST|VIA OPENING INSPECTION|VIA ETCH|STRIP PHOTORESIST|CLEAN AFTER VIA ETCH|MEASURE VIA CD|DEPOSIT BARRIER METAL|DEPOSIT METAL SEED|FILL VIA METAL|CMP METAL|MEASURE VIA RESISTANCE|DEPOSIT TOP METAL|ANNEAL METAL 1|SPIN COAT PHOTORESIST|SOFT BAKE|ALIGN MASK LEVEL 6|EXPOSE LITHO LEVEL 6|DEVELOP PHOTORESIST|METAL PATTERN INSPECTION|METAL ETCH DRY|STRIP PHOTORESIST|CLEAN AFTER METAL ETCH|MEASURE LINE WIDTH|DEPOSIT PASSIVATION|CURE PASSIVATION|MEASURE PASSIVATION QUALITY|OPEN BOND PAD WINDOW|OPEN PAD WINDOW LITHO|DEVELOP PHOTORESIST|PASSIVATION ETCH PAD OPENING|STRIP PHOTORESIST|CLEAN PAD OPENING|MEASURE PAD OPENING|BACKSIDE GRIND|MEASURE WAFER THICKNESS|BACKSIDE ETCH CLEAN|BACKSIDE RINSE|BACKSIDE DRY|BACKSIDE METALLIZATION PREP|DEPOSIT BACKSIDE METAL|BACKSIDE ANNEAL|MEASURE BACKSIDE CONTACT|FINAL CLEAN|FINAL THICKNESS MEASURE|FINAL GEOMETRY CHECK|FINAL CD INSPECTION|FINAL PARTICLE INSPECTION|PARAMETRIC TEST|LEAKAGE TEST|BREAKDOWN VOLTAGE TEST|SWITCHING TEST|YIELD ANALYSIS|WAFER SORT TEST|LOT RELEASE|SHIP LOT|FINAL CD INSPECTION|FINAL PARTICLE INSPECTION|PARAMETRIC TEST|SWITCHING TEST|FINAL LOT RELEASE|SHIP LOT|FINAL CD INSPECTION|FINAL PARTICLE INSPECTION|PARAMETRIC TEST|SWITCHING TEST|WAFER SORT TEST|FINAL LOT RELEASE|SHIP LOT|FINAL CD INSPECTION|FINAL PARTICLE INSPECTION|PARAMETRIC TEST|SWITCHING TEST|FINAL LOT RELEASE|SHIP LOT|FINAL CD INSPECTION
valid_0302,CURE PASSIVATION|MEASURE PASSIVATION QUALITY|OPEN BOND PAD WINDOW|OPEN PAD WINDOW LITHO|DEVELOP PHOTORESIST|PASSIVATION ETCH PAD OPENING|STRIP PHOTORESIST|CLEAN PAD OPENING|MEASURE PAD OPENING|BACKSIDE GRIND|MEASURE WAFER THICKNESS|BACKSIDE ETCH CLEAN|BACKSIDE RINSE|BACKSIDE DRY|BACKSIDE METALLIZATION PREP|DEPOSIT BACKSIDE METAL|BACKSIDE ANNEAL|MEASURE BACKSIDE CONTACT|FINAL CLEAN|FINAL THICKNESS MEASURE|FINAL GEOMETRY CHECK|FINAL CD INSPECTION|FINAL PARTICLE INSPECTION|PARAMETRIC TEST|LEAKAGE TEST|BREAKDOWN VOLTAGE TEST|SWITCHING TEST|YIELD ANALYSIS|WAFER SORT TEST|LOT RELEASE|SHIP LOT|FINAL CD INSPECTION|FINAL PARTICLE INSPECTION|PARAMETRIC TEST|SWITCHING TEST|FINAL LOT RELEASE|SHIP LOT|FINAL CD INSPECTION|FINAL PARTICLE INSPECTION|PARAMETRIC TEST|SWITCHING TEST|WAFER SORT TEST|FINAL LOT RELEASE|SHIP LOT|FINAL CD INSPECTION|FINAL PARTICLE INSPECTION|PARAMETRIC TEST|SWITCHING TEST|FINAL LOT RELEASE|SHIP LOT|FINAL CD INSPECTION|FINAL PARTICLE INSPECTION|PARAMETRIC TEST|LEAKAGE TEST|BREAKDOWN VOLTAGE TEST|SWITCHING TEST|FINAL LOT RELEASE|SHIP LOT|FINAL CD INSPECTION|FINAL PARTICLE INSPECTION|PARAMETRIC TEST|SWITCHING TEST|WAFER SORT TEST|LOT RELEASE|SHIP LOT|IMPLANT P BODY|BREAKDOWN VOLTAGE TEST|SWITCHING TEST|WAFER SORT TEST|FINAL LOT RELEASE|SHIP LOT|FINAL CD INSPECTION|FINAL PARTICLE INSPECTION|PARAMETRIC TEST|LEAKAGE TEST|BREAKDOWN VOLTAGE TEST|SWITCHING TEST|WAFER SORT TEST|FINAL LOT RELEASE|SHIP LOT
valid_0303,MEASURE FILM THICKNESS|CMP DIELECTRIC|MEASURE SURFACE PLANARITY|SPIN COAT PHOTORESIST|SOFT BAKE|ALIGN MASK LEVEL 5|EXPOSE LITHO LEVEL 5|DEVELOP PHOTORESIST|VIA OPENING INSPECTION|VIA ETCH|STRIP PHOTORESIST|CLEAN AFTER VIA ETCH|MEASURE VIA CD|DEPOSIT BARRIER METAL|DEPOSIT METAL SEED|FILL VIA METAL|CMP METAL|MEASURE VIA RESISTANCE|DEPOSIT METAL 1|ANNEAL METAL 1|SPIN COAT PHOTORESIST|SOFT BAKE|ALIGN MASK LEVEL 6|EXPOSE LITHO LEVEL 6|DEVELOP PHOTORESIST|METAL PATTERN INSPECTION|METAL ETCH DRY|STRIP RESIST|CLEAN AFTER METAL ETCH|MEASURE LINE WIDTH|DEPOSIT PASSIVATION|CURE PASSIVATION|MEASURE PASSIVATION QUALITY|OPEN BOND PAD WINDOW|OPEN PAD WINDOW LITHO|DEVELOP PAD WINDOW|PASSIVATION ETCH PAD OPENING|STRIP PHOTORESIST|CLEAN PAD OPENING|MEASURE PAD OPENING|BACKSIDE GRIND|MEASURE WAFER THICKNESS|BACKSIDE ETCH CLEAN|BACKSIDE RINSE|BACKSIDE DRY|BACKSIDE METALLIZATION PREP|DEPOSIT BACKSIDE METAL|BACKSIDE ANNEAL|MEASURE BACKSIDE CONTACT|FINAL CLEAN|FINAL THICKNESS MEASURE|FINAL GEOMETRY CHECK|FINAL CD INSPECTION|FINAL PARTICLE INSPECTION|PARAMETRIC TEST|LEAKAGE TEST|BREAKDOWN VOLTAGE TEST|SWITCHING TEST|YIELD ANALYSIS|WAFER SORT TEST|LOT RELEASE|SHIP LOT|FINAL CD INSPECTION|FINAL PARTICLE INSPECTION|PARAMETRIC TEST|SWITCHING TEST|WAFER SORT TEST|LOT RELEASE|SHIP LOT|FINAL CD INSPECTION|FINAL PARTICLE INSPECTION|PARAMETRIC TEST|SWITCHING TEST|FINAL LOT RELEASE|SHIP LOT|FINAL CD INSPECTION|FINAL PARTICLE INSPECTION|PARAMETRIC TEST|LEAKAGE TEST|BREAKDOWN VOLTAGE TEST
valid_0304,MEASURE LINE WIDTH|DEPOSIT PASSIVATION|CURE PASSIVATION|MEASURE PASSIVATION QUALITY|OPEN BOND PAD WINDOW|OPEN PAD WINDOW LITHO|DEVELOP PAD WINDOW|PASSIVATION ETCH PAD OPENING|STRIP PHOTORESIST|CLEAN PAD OPENING|MEASURE PAD OPENING|BACKSIDE GRIND|MEASURE WAFER THICKNESS|BACKSIDE ETCH CLEAN|BACKSIDE RINSE|BACKSIDE DRY|BACKSIDE METALLIZATION PREP|DEPOSIT BACKSIDE METAL|BACKSIDE ANNEAL|MEASURE BACKSIDE CONTACT|FINAL CLEAN|FINAL THICKNESS MEASURE|FINAL GEOMETRY CHECK|FINAL CD INSPECTION|FINAL PARTICLE INSPECTION|PARAMETRIC TEST|LEAKAGE TEST|BREAKDOWN VOLTAGE TEST|SWITCHING TEST|YIELD ANALYSIS|WAFER SORT TEST|LOT RELEASE|SHIP LOT|FINAL CD INSPECTION|FINAL PARTICLE INSPECTION|PARAMETRIC TEST|SWITCHING TEST|WAFER SORT TEST|FINAL LOT RELEASE|SHIP LOT|FINAL CD INSPECTION|FINAL PARTICLE INSPECTION|PARAMETRIC TEST|SWITCHING TEST|FINAL LOT RELEASE|SHIP LOT|FINAL CD INSPECTION|FINAL PARTICLE INSPECTION|PARAMETRIC TEST|LEAKAGE TEST|BREAKDOWN VOLTAGE TEST|SWITCHING TEST|FINAL LOT RELEASE|SHIP LOT|FINAL CD INSPECTION|FINAL PARTICLE INSPECTION|PARAMETRIC TEST|SWITCHING TEST|WAFER SORT TEST|FINAL LOT RELEASE|SHIP LOT|FINAL CD INSPECTION|FINAL PARTICLE INSPECTION|PARAMETRIC TEST|LEAKAGE TEST|BREAKDOWN VOLTAGE TEST|SWITCHING TEST|WAFER SORT TEST|FINAL LOT RELEASE|SHIP LOT|FINAL CD INSPECTION|FINAL PARTICLE INSPECTION|PARAMETRIC TEST|LEAKAGE TEST|BREAKDOWN VOLTAGE TEST|SWITCHING TEST|WAFER SORT TEST|FINAL LOT RELEASE|SHIP LOT|FINAL CD INSPECTION
valid_0305,SPIN COAT PHOTORESIST|SOFT BAKE|ALIGN MASK LEVEL 5|EXPOSE LITHO LEVEL 5|DEVELOP PHOTORESIST|VIA OPENING INSPECTION|VIA ETCH|STRIP PHOTORESIST|CLEAN AFTER VIA ETCH|MEASURE VIA CD|DEPOSIT BARRIER METAL|DEPOSIT METAL SEED|FILL VIA METAL|CMP METAL|MEASURE VIA RESISTANCE|DEPOSIT TOP METAL|ANNEAL METAL 1|SPIN COAT PHOTORESIST|SOFT BAKE|ALIGN MASK LEVEL 6|EXPOSE LITHO LEVEL 6|DEVELOP PHOTORESIST|METAL PATTERN INSPECTION|METAL ETCH DRY|STRIP PHOTORESIST|CLEAN AFTER METAL ETCH|MEASURE LINE WIDTH|DEPOSIT PASSIVATION|CURE PASSIVATION|MEASURE PASSIVATION QUALITY|OPEN BOND PAD WINDOW|OPEN PAD WINDOW LITHO|DEVELOP PAD WINDOW|PASSIVATION ETCH PAD OPENING|STRIP PHOTORESIST|CLEAN PAD OPENING|MEASURE PAD OPENING|BACKSIDE GRIND|MEASURE WAFER THICKNESS|BACKSIDE ETCH CLEAN|BACKSIDE RINSE|BACKSIDE DRY|BACKSIDE METALLIZATION PREP|DEPOSIT BACKSIDE METAL|BACKSIDE ANNEAL|MEASURE BACKSIDE CONTACT|FINAL CLEAN|FINAL THICKNESS MEASURE|FINAL GEOMETRY CHECK|FINAL CD INSPECTION|FINAL PARTICLE INSPECTION|PARAMETRIC TEST|LEAKAGE TEST|BREAKDOWN VOLTAGE TEST|SWITCHING TEST|YIELD ANALYSIS|WAFER SORT TEST|LOT RELEASE|SHIP LOT|FINAL CD INSPECTION|FINAL PARTICLE INSPECTION|PARAMETRIC TEST|SWITCHING TEST|FINAL LOT RELEASE|SHIP LOT|FINAL CD INSPECTION|FINAL PARTICLE INSPECTION|PARAMETRIC TEST|SWITCHING TEST|FINAL LOT RELEASE|SHIP LOT|FINAL CD INSPECTION|FINAL PARTICLE INSPECTION|PARAMETRIC TEST|SWITCHING TEST|WAFER SORT TEST|FINAL LOT RELEASE|SHIP LOT|FINAL CD INSPECTION|FINAL PARTICLE INSPECTION
valid_0306,MEASURE PASSIVATION QUALITY|OPEN BOND PAD WINDOW|OPEN PAD WINDOW LITHO|DEVELOP PAD WINDOW|PASSIVATION ETCH PAD OPENING|STRIP PHOTORESIST|CLEAN PAD OPENING|MEASURE PAD OPENING|BACKSIDE GRIND|MEASURE WAFER THICKNESS|BACKSIDE ETCH CLEAN|BACKSIDE RINSE|BACKSIDE DRY|BACKSIDE METALLIZATION PREP|DEPOSIT BACKSIDE METAL|BACKSIDE ANNEAL|MEASURE BACKSIDE CONTACT|FINAL CLEAN|FINAL THICKNESS MEASURE|FINAL GEOMETRY CHECK|FINAL CD INSPECTION|FINAL PARTICLE INSPECTION|PARAMETRIC TEST|LEAKAGE TEST|BREAKDOWN VOLTAGE TEST|SWITCHING TEST|YIELD ANALYSIS|WAFER SORT TEST|LOT RELEASE|SHIP LOT|FINAL CD INSPECTION|FINAL PARTICLE INSPECTION|PARAMETRIC TEST|SWITCHING TEST|FINAL LOT RELEASE|SHIP LOT|FINAL CD INSPECTION|FINAL PARTICLE INSPECTION|PARAMETRIC TEST|SWITCHING TEST|FINAL LOT RELEASE|SHIP LOT|FINAL CD INSPECTION|FINAL PARTICLE INSPECTION|PARAMETRIC TEST|SWITCHING TEST|WAFER SORT TEST|FINAL LOT RELEASE|SHIP LOT|FINAL CD INSPECTION|FINAL PARTICLE INSPECTION|PARAMETRIC TEST|LEAKAGE TEST|BREAKDOWN VOLTAGE TEST|SWITCHING TEST|FINAL LOT RELEASE|SHIP LOT|FINAL CD INSPECTION|FINAL PARTICLE INSPECTION|PARAMETRIC TEST|SWITCHING TEST|FINAL LOT RELEASE|SHIP LOT|FINAL CD INSPECTION|FINAL PARTICLE INSPECTION|PARAMETRIC TEST|LEAKAGE TEST|BREAKDOWN VOLTAGE TEST|SWITCHING TEST|WAFER SORT TEST|FINAL LOT RELEASE|SHIP LOT|FINAL CD INSPECTION|FINAL PARTICLE INSPECTION|PARAMETRIC TEST|LEAKAGE TEST|BREAKDOWN VOLTAGE TEST|SWITCHING TEST|WAFER SORT TEST|FINAL LOT RELEASE
valid_0307,MEASURE SURFACE PLANARITY|SPIN COAT PHOTORESIST|SOFT BAKE|ALIGN MASK LEVEL 5|EXPOSE LITHO LEVEL 5|DEVELOP PHOTORESIST|VIA OPENING INSPECTION|VIA ETCH|STRIP PHOTORESIST|CLEAN AFTER VIA ETCH|MEASURE VIA CD|DEPOSIT BARRIER METAL|DEPOSIT METAL SEED|FILL VIA METAL|CMP METAL|MEASURE VIA RESISTANCE|DEPOSIT TOP METAL|ANNEAL METAL 1|SPIN COAT PHOTORESIST|SOFT BAKE|ALIGN MASK LEVEL 6|EXPOSE LITHO LEVEL 6|DEVELOP PHOTORESIST|METAL PATTERN INSPECTION|METAL ETCH DRY|STRIP PHOTORESIST|CLEAN AFTER METAL ETCH|MEASURE LINE WIDTH|DEPOSIT PASSIVATION|CURE PASSIVATION|MEASURE PASSIVATION QUALITY|OPEN BOND PAD WINDOW|OPEN PAD WINDOW LITHO|DEVELOP PHOTORESIST|PASSIVATION ETCH PAD OPENING|STRIP PHOTORESIST|CLEAN PAD OPENING|MEASURE PAD OPENING|BACKSIDE GRIND|MEASURE WAFER THICKNESS|BACKSIDE ETCH CLEAN|BACKSIDE RINSE|BACKSIDE DRY|BACKSIDE METALLIZATION PREP|DEPOSIT BACKSIDE METAL|BACKSIDE ANNEAL|MEASURE BACKSIDE CONTACT|FINAL CLEAN|FINAL THICKNESS MEASURE|FINAL GEOMETRY CHECK|FINAL CD INSPECTION|FINAL PARTICLE INSPECTION|PARAMETRIC TEST|LEAKAGE TEST|BREAKDOWN VOLTAGE TEST|SWITCHING TEST|YIELD ANALYSIS|WAFER SORT TEST|LOT RELEASE|SHIP LOT|FINAL CD INSPECTION|FINAL PARTICLE INSPECTION|PARAMETRIC TEST|SWITCHING TEST|FINAL LOT RELEASE|SHIP LOT|FINAL CD INSPECTION|FINAL PARTICLE INSPECTION|PARAMETRIC TEST|SWITCHING TEST|WAFER SORT TEST|FINAL LOT RELEASE|SHIP LOT|FINAL CD INSPECTION|FINAL PARTICLE INSPECTION|PARAMETRIC TEST|SWITCHING TEST|FINAL LOT RELEASE|SHIP LOT|FINAL CD INSPECTION
valid_0308,CURE PASSIVATION|MEASURE PASSIVATION QUALITY|OPEN BOND PAD WINDOW|OPEN PAD WINDOW LITHO|DEVELOP PHOTORESIST|PASSIVATION ETCH PAD OPENING|STRIP PHOTORESIST|CLEAN PAD OPENING|MEASURE PAD OPENING|BACKSIDE GRIND|MEASURE WAFER THICKNESS|BACKSIDE ETCH CLEAN|BACKSIDE RINSE|BACKSIDE DRY|BACKSIDE METALLIZATION PREP|DEPOSIT BACKSIDE METAL|BACKSIDE ANNEAL|MEASURE BACKSIDE CONTACT|FINAL CLEAN|FINAL THICKNESS MEASURE|FINAL GEOMETRY CHECK|FINAL CD INSPECTION|FINAL PARTICLE INSPECTION|PARAMETRIC TEST|LEAKAGE TEST|BREAKDOWN VOLTAGE TEST|SWITCHING TEST|YIELD ANALYSIS|WAFER SORT TEST|LOT RELEASE|SHIP LOT|FINAL CD INSPECTION|FINAL PARTICLE INSPECTION|PARAMETRIC TEST|SWITCHING TEST|FINAL LOT RELEASE|SHIP LOT|FINAL CD INSPECTION|FINAL PARTICLE INSPECTION|PARAMETRIC TEST|SWITCHING TEST|WAFER SORT TEST|FINAL LOT RELEASE|SHIP LOT|FINAL CD INSPECTION|FINAL PARTICLE INSPECTION|PARAMETRIC TEST|SWITCHING TEST|FINAL LOT RELEASE|SHIP LOT|FINAL CD INSPECTION|FINAL PARTICLE INSPECTION|PARAMETRIC TEST|LEAKAGE TEST|BREAKDOWN VOLTAGE TEST|SWITCHING TEST|FINAL LOT RELEASE|SHIP LOT|FINAL CD INSPECTION|FINAL PARTICLE INSPECTION|PARAMETRIC TEST|SWITCHING TEST|WAFER SORT TEST|LOT RELEASE|SHIP LOT|IMPLANT P BODY|LEAKAGE TEST|BREAKDOWN VOLTAGE TEST|SWITCHING TEST|WAFER SORT TEST|FINAL LOT RELEASE|SHIP LOT|FINAL CD INSPECTION|FINAL PARTICLE INSPECTION|PARAMETRIC TEST|LEAKAGE TEST|BREAKDOWN VOLTAGE TEST|SWITCHING TEST|WAFER SORT TEST|FINAL LOT RELEASE
valid_0309,SPIN COAT PHOTORESIST|SOFT BAKE|ALIGN MASK LEVEL 5|EXPOSE LITHO LEVEL 5|DEVELOP PHOTORESIST|VIA OPENING INSPECTION|VIA ETCH|STRIP PHOTORESIST|CLEAN AFTER VIA ETCH|MEASURE VIA CD|DEPOSIT BARRIER METAL|DEPOSIT METAL SEED|FILL VIA METAL|CMP METAL|MEASURE VIA RESISTANCE|DEPOSIT TOP METAL|ANNEAL METAL 1|SPIN COAT PHOTORESIST|SOFT BAKE|ALIGN MASK LEVEL 6|EXPOSE LITHO LEVEL 6|DEVELOP PHOTORESIST|METAL PATTERN INSPECTION|METAL ETCH DRY|STRIP PHOTORESIST|CLEAN AFTER METAL ETCH|MEASURE LINE WIDTH|DEPOSIT PASSIVATION|CURE PASSIVATION|MEASURE PASSIVATION QUALITY|OPEN BOND PAD WINDOW|OPEN PAD WINDOW LITHO|DEVELOP PAD WINDOW|PASSIVATION ETCH PAD OPENING|STRIP PHOTORESIST|CLEAN PAD OPENING|MEASURE PAD OPENING|BACKSIDE GRIND|MEASURE WAFER THICKNESS|BACKSIDE ETCH CLEAN|BACKSIDE RINSE|BACKSIDE DRY|BACKSIDE METALLIZATION PREP|DEPOSIT BACKSIDE METAL|BACKSIDE ANNEAL|MEASURE BACKSIDE CONTACT|FINAL CLEAN|FINAL THICKNESS MEASURE|FINAL GEOMETRY CHECK|FINAL CD INSPECTION|FINAL PARTICLE INSPECTION|PARAMETRIC TEST|LEAKAGE TEST|BREAKDOWN VOLTAGE TEST|SWITCHING TEST|YIELD ANALYSIS|WAFER SORT TEST|LOT RELEASE|SHIP LOT|FINAL CD INSPECTION|FINAL PARTICLE INSPECTION|PARAMETRIC TEST|SWITCHING TEST|FINAL LOT RELEASE|SHIP LOT|FINAL CD INSPECTION|FINAL PARTICLE INSPECTION|PARAMETRIC TEST|SWITCHING TEST|FINAL LOT RELEASE|SHIP LOT|FINAL CD INSPECTION|FINAL PARTICLE INSPECTION|PARAMETRIC TEST|SWITCHING TEST|WAFER SORT TEST|FINAL LOT RELEASE|SHIP LOT|FINAL CD INSPECTION|FINAL PARTICLE INSPECTION
valid_0310,CURE PASSIVATION|MEASURE PASSIVATION QUALITY|OPEN BOND PAD WINDOW|OPEN PAD WINDOW LITHO|DEVELOP PAD WINDOW|PASSIVATION ETCH PAD OPENING|STRIP PHOTORESIST|CLEAN PAD OPENING|MEASURE PAD OPENING|BACKSIDE GRIND|MEASURE WAFER THICKNESS|BACKSIDE ETCH CLEAN|BACKSIDE RINSE|BACKSIDE DRY|BACKSIDE METALLIZATION PREP|DEPOSIT BACKSIDE METAL|BACKSIDE ANNEAL|MEASURE BACKSIDE CONTACT|FINAL CLEAN|FINAL THICKNESS MEASURE|FINAL GEOMETRY CHECK|FINAL CD INSPECTION|FINAL PARTICLE INSPECTION|PARAMETRIC TEST|LEAKAGE TEST|BREAKDOWN VOLTAGE TEST|SWITCHING TEST|YIELD ANALYSIS|WAFER SORT TEST|LOT RELEASE|SHIP LOT|FINAL CD INSPECTION|FINAL PARTICLE INSPECTION|PARAMETRIC TEST|SWITCHING TEST|FINAL LOT RELEASE|SHIP LOT|FINAL CD INSPECTION|FINAL PARTICLE INSPECTION|PARAMETRIC TEST|SWITCHING TEST|FINAL LOT RELEASE|SHIP LOT|FINAL CD INSPECTION|FINAL PARTICLE INSPECTION|PARAMETRIC TEST|SWITCHING TEST|FINAL LOT RELEASE|SHIP LOT|FINAL CD INSPECTION|FINAL PARTICLE INSPECTION|PARAMETRIC TEST|LEAKAGE TEST|BREAKDOWN VOLTAGE TEST|SWITCHING TEST|FINAL LOT RELEASE|SHIP LOT|FINAL CD INSPECTION|FINAL PARTICLE INSPECTION|PARAMETRIC TEST|SWITCHING TEST|WAFER SORT TEST|FINAL LOT RELEASE|SHIP LOT|FINAL CD INSPECTION|FINAL PARTICLE INSPECTION|PARAMETRIC TEST|LEAKAGE TEST|BREAKDOWN VOLTAGE TEST|SWITCHING TEST|WAFER SORT TEST|FINAL LOT RELEASE|SHIP LOT|FINAL CD INSPECTION|FINAL PARTICLE INSPECTION|PARAMETRIC TEST|LEAKAGE TEST|BREAKDOWN VOLTAGE TEST|SWITCHING TEST|WAFER SORT TEST
valid_0311,MEASURE SURFACE PLANARITY|SPIN COAT PHOTORESIST|SOFT BAKE|ALIGN MASK LEVEL 5|EXPOSE LITHO LEVEL 5|DEVELOP PHOTORESIST|VIA OPENING INSPECTION|VIA ETCH|STRIP PHOTORESIST|CLEAN AFTER VIA ETCH|MEASURE VIA CD|DEPOSIT BARRIER METAL|DEPOSIT METAL SEED|FILL VIA METAL|CMP METAL|MEASURE VIA RESISTANCE|DEPOSIT TOP METAL|ANNEAL METAL 1|SPIN COAT PHOTORESIST|SOFT BAKE|ALIGN MASK LEVEL 6|EXPOSE LITHO LEVEL 6|DEVELOP PHOTORESIST|METAL PATTERN INSPECTION|METAL ETCH DRY|STRIP PHOTORESIST|CLEAN AFTER METAL ETCH|MEASURE LINE WIDTH|DEPOSIT PASSIVATION|CURE PASSIVATION|MEASURE PASSIVATION QUALITY|OPEN BOND PAD WINDOW|OPEN PAD WINDOW LITHO|DEVELOP PAD WINDOW|PASSIVATION ETCH PAD OPENING|STRIP PHOTORESIST|CLEAN PAD OPENING|MEASURE PAD OPENING|BACKSIDE GRIND|MEASURE WAFER THICKNESS|BACKSIDE ETCH CLEAN|BACKSIDE RINSE|BACKSIDE DRY|BACKSIDE METALLIZATION PREP|DEPOSIT BACKSIDE METAL|BACKSIDE ANNEAL|MEASURE BACKSIDE CONTACT|FINAL CLEAN|FINAL THICKNESS MEASURE|FINAL GEOMETRY CHECK|FINAL CD INSPECTION|FINAL PARTICLE INSPECTION|PARAMETRIC TEST|LEAKAGE TEST|BREAKDOWN VOLTAGE TEST|SWITCHING TEST|YIELD ANALYSIS|WAFER SORT TEST|LOT RELEASE|SHIP LOT|FINAL CD INSPECTION|FINAL PARTICLE INSPECTION|PARAMETRIC TEST|SWITCHING TEST|FINAL LOT RELEASE|SHIP LOT|FINAL CD INSPECTION|FINAL PARTICLE INSPECTION|PARAMETRIC TEST|SWITCHING TEST|WAFER SORT TEST|FINAL LOT RELEASE|SHIP LOT|FINAL CD INSPECTION|FINAL PARTICLE INSPECTION|PARAMETRIC TEST|SWITCHING TEST|FINAL LOT RELEASE|SHIP LOT|FINAL CD INSPECTION
valid_0312,CURE PASSIVATION|MEASURE PASSIVATION QUALITY|OPEN BOND PAD WINDOW|OPEN PAD WINDOW LITHO|DEVELOP PHOTORESIST|PASSIVATION ETCH PAD OPENING|STRIP PHOTORESIST|CLEAN PAD OPENING|MEASURE PAD OPENING|BACKSIDE GRIND|MEASURE WAFER THICKNESS|BACKSIDE ETCH CLEAN|BACKSIDE RINSE|BACKSIDE DRY|BACKSIDE METALLIZATION PREP|DEPOSIT BACKSIDE METAL|BACKSIDE ANNEAL|MEASURE BACKSIDE CONTACT|FINAL CLEAN|FINAL THICKNESS MEASURE|FINAL GEOMETRY CHECK|FINAL CD INSPECTION|FINAL PARTICLE INSPECTION|PARAMETRIC TEST|LEAKAGE TEST|BREAKDOWN VOLTAGE TEST|SWITCHING TEST|YIELD ANALYSIS|WAFER SORT TEST|LOT RELEASE|SHIP LOT|FINAL CD INSPECTION|FINAL PARTICLE INSPECTION|PARAMETRIC TEST|SWITCHING TEST|FINAL LOT RELEASE|SHIP LOT|FINAL CD INSPECTION|FINAL PARTICLE INSPECTION|PARAMETRIC TEST|SWITCHING TEST|WAFER SORT TEST|FINAL LOT RELEASE|SHIP LOT|FINAL CD INSPECTION|FINAL PARTICLE INSPECTION|PARAMETRIC TEST|SWITCHING TEST|FINAL LOT RELEASE|SHIP LOT|FINAL CD INSPECTION|FINAL PARTICLE INSPECTION|PARAMETRIC TEST|LEAKAGE TEST|BREAKDOWN VOLTAGE TEST|SWITCHING TEST|FINAL LOT RELEASE|SHIP LOT|FINAL CD INSPECTION|FINAL PARTICLE INSPECTION|PARAMETRIC TEST|SWITCHING TEST|WAFER SORT TEST|LOT RELEASE|SHIP LOT|IMPLANT P BODY|BREAKDOWN VOLTAGE TEST|SWITCHING TEST|WAFER SORT TEST|FINAL LOT RELEASE|SHIP LOT|FINAL CD INSPECTION|FINAL PARTICLE INSPECTION|PARAMETRIC TEST|LEAKAGE TEST|BREAKDOWN VOLTAGE TEST|SWITCHING TEST|WAFER SORT TEST|FINAL LOT RELEASE|SHIP LOT
valid_0313,CMP DIELECTRIC|MEASURE SURFACE PLANARITY|SPIN COAT PHOTORESIST|SOFT BAKE|ALIGN MASK LEVEL 5|EXPOSE LITHO LEVEL 5|DEVELOP PHOTORESIST|VIA OPENING INSPECTION|VIA ETCH|STRIP PHOTORESIST|CLEAN AFTER VIA ETCH|MEASURE VIA CD|DEPOSIT BARRIER METAL|DEPOSIT METAL SEED|FILL VIA METAL|CMP METAL|MEASURE VIA RESISTANCE|DEPOSIT METAL 1|ANNEAL METAL 1|SPIN COAT PHOTORESIST|SOFT BAKE|ALIGN MASK LEVEL 6|EXPOSE LITHO LEVEL 6|DEVELOP PHOTORESIST|METAL PATTERN INSPECTION|METAL ETCH DRY|STRIP PHOTORESIST|CLEAN AFTER METAL ETCH|MEASURE LINE WIDTH|DEPOSIT PASSIVATION|CURE PASSIVATION|MEASURE PASSIVATION QUALITY|OPEN BOND PAD WINDOW|OPEN PAD WINDOW LITHO|DEVELOP PAD WINDOW|PASSIVATION ETCH PAD OPENING|STRIP PHOTORESIST|CLEAN PAD OPENING|MEASURE PAD OPENING|BACKSIDE GRIND|MEASURE WAFER THICKNESS|BACKSIDE ETCH CLEAN|BACKSIDE RINSE|BACKSIDE DRY|BACKSIDE METALLIZATION PREP|DEPOSIT BACKSIDE METAL|BACKSIDE ANNEAL|MEASURE BACKSIDE CONTACT|FINAL CLEAN|FINAL THICKNESS MEASURE|FINAL GEOMETRY CHECK|FINAL CD INSPECTION|FINAL PARTICLE INSPECTION|PARAMETRIC TEST|LEAKAGE TEST|BREAKDOWN VOLTAGE TEST|SWITCHING TEST|YIELD ANALYSIS|WAFER SORT TEST|LOT RELEASE|SHIP LOT|FINAL CD INSPECTION|FINAL PARTICLE INSPECTION|PARAMETRIC TEST|SWITCHING TEST|FINAL LOT RELEASE|SHIP LOT|FINAL CD INSPECTION|FINAL PARTICLE INSPECTION|PARAMETRIC TEST|SWITCHING TEST|WAFER SORT TEST|FINAL LOT RELEASE|SHIP LOT|FINAL CD INSPECTION|FINAL PARTICLE INSPECTION|PARAMETRIC TEST|SWITCHING TEST|FINAL LOT RELEASE|SHIP LOT
valid_0314,DEPOSIT PASSIVATION|CURE PASSIVATION|MEASURE PASSIVATION QUALITY|OPEN BOND PAD WINDOW|OPEN PAD WINDOW LITHO|DEVELOP PAD WINDOW|PASSIVATION ETCH PAD OPENING|STRIP PHOTORESIST|CLEAN PAD OPENING|MEASURE PAD OPENING|BACKSIDE GRIND|MEASURE WAFER THICKNESS|BACKSIDE ETCH CLEAN|BACKSIDE RINSE|BACKSIDE DRY|BACKSIDE METALLIZATION PREP|DEPOSIT BACKSIDE METAL|BACKSIDE ANNEAL|MEASURE BACKSIDE CONTACT|FINAL CLEAN|FINAL THICKNESS MEASURE|FINAL GEOMETRY CHECK|FINAL CD INSPECTION|FINAL PARTICLE INSPECTION|PARAMETRIC TEST|LEAKAGE TEST|BREAKDOWN VOLTAGE TEST|SWITCHING TEST|YIELD ANALYSIS|WAFER SORT TEST|LOT RELEASE|SHIP LOT|FINAL CD INSPECTION|FINAL PARTICLE INSPECTION|PARAMETRIC TEST|SWITCHING TEST|FINAL LOT RELEASE|SHIP LOT|IMPLANT P BODY|BREAKDOWN VOLTAGE TEST|SWITCHING TEST|WAFER SORT TEST|FINAL LOT RELEASE|SHIP LOT|FINAL CD INSPECTION|FINAL PARTICLE INSPECTION|PARAMETRIC TEST|SWITCHING TEST|FINAL LOT RELEASE|SHIP LOT|FINAL CD INSPECTION|FINAL PARTICLE INSPECTION|PARAMETRIC TEST|LEAKAGE TEST|BREAKDOWN VOLTAGE TEST|SWITCHING TEST|FINAL LOT RELEASE|SHIP LOT|FINAL CD INSPECTION|FINAL PARTICLE INSPECTION|PARAMETRIC TEST|SWITCHING TEST|WAFER SORT TEST|LOT RELEASE|SHIP LOT|IMPLANT P BODY|BREAKDOWN VOLTAGE TEST|SWITCHING TEST|WAFER SORT TEST|FINAL LOT RELEASE|SHIP LOT|FINAL CD INSPECTION|FINAL PARTICLE INSPECTION|PARAMETRIC TEST|LEAKAGE TEST|BREAKDOWN VOLTAGE TEST|SWITCHING TEST|WAFER SORT TEST|FINAL LOT RELEASE|SHIP LOT
valid_0315,SPIN COAT PHOTORESIST|SOFT BAKE|ALIGN MASK LEVEL 5|EXPOSE LITHO LEVEL 5|DEVELOP PHOTORESIST|VIA OPENING INSPECTION|VIA ETCH|STRIP PHOTORESIST|CLEAN AFTER VIA ETCH|MEASURE VIA CD|DEPOSIT BARRIER METAL|DEPOSIT METAL SEED|FILL VIA METAL|CMP METAL|MEASURE VIA RESISTANCE|DEPOSIT METAL 1|ANNEAL METAL 1|SPIN COAT PHOTORESIST|SOFT BAKE|ALIGN MASK LEVEL 6|EXPOSE LITHO LEVEL 6|DEVELOP PHOTORESIST|METAL PATTERN INSPECTION|METAL ETCH DRY|STRIP PHOTORESIST|CLEAN AFTER METAL ETCH|MEASURE LINE WIDTH|DEPOSIT PASSIVATION|CURE PASSIVATION|MEASURE PASSIVATION QUALITY|OPEN BOND PAD WINDOW|OPEN PAD WINDOW LITHO|DEVELOP PAD WINDOW|PASSIVATION ETCH PAD OPENING|STRIP PHOTORESIST|CLEAN PAD OPENING|MEASURE PAD OPENING|BACKSIDE GRIND|MEASURE WAFER THICKNESS|BACKSIDE ETCH CLEAN|BACKSIDE RINSE|BACKSIDE DRY|BACKSIDE METALLIZATION PREP|DEPOSIT BACKSIDE METAL|BACKSIDE ANNEAL|MEASURE BACKSIDE CONTACT|FINAL CLEAN|FINAL THICKNESS MEASURE|FINAL GEOMETRY CHECK|FINAL CD INSPECTION|FINAL PARTICLE INSPECTION|PARAMETRIC TEST|LEAKAGE TEST|BREAKDOWN VOLTAGE TEST|SWITCHING TEST|YIELD ANALYSIS|WAFER SORT TEST|LOT RELEASE|SHIP LOT|FINAL CD INSPECTION|FINAL PARTICLE INSPECTION|PARAMETRIC TEST|SWITCHING TEST|FINAL LOT RELEASE|SHIP LOT|FINAL CD INSPECTION|FINAL PARTICLE INSPECTION|PARAMETRIC TEST|SWITCHING TEST|FINAL LOT RELEASE|SHIP LOT|FINAL CD INSPECTION|FINAL PARTICLE INSPECTION|PARAMETRIC TEST|SWITCHING TEST|FINAL LOT RELEASE|SHIP LOT|FINAL CD INSPECTION|FINAL PARTICLE INSPECTION|PARAMETRIC TEST
valid_0316,MEASURE LINE WIDTH|DEPOSIT PASSIVATION|CURE PASSIVATION|MEASURE PASSIVATION QUALITY|OPEN BOND PAD WINDOW|OPEN PAD WINDOW LITHO|DEVELOP PAD WINDOW|PASSIVATION ETCH PAD OPENING|STRIP PHOTORESIST|CLEAN PAD OPENING|MEASURE PAD OPENING|BACKSIDE GRIND|MEASURE WAFER THICKNESS|BACKSIDE ETCH CLEAN|BACKSIDE RINSE|BACKSIDE DRY|BACKSIDE METALLIZATION PREP|DEPOSIT BACKSIDE METAL|BACKSIDE ANNEAL|MEASURE BACKSIDE CONTACT|FINAL CLEAN|FINAL THICKNESS MEASURE|FINAL GEOMETRY CHECK|FINAL CD INSPECTION|FINAL PARTICLE INSPECTION|PARAMETRIC TEST|LEAKAGE TEST|BREAKDOWN VOLTAGE TEST|SWITCHING TEST|YIELD ANALYSIS|WAFER SORT TEST|LOT RELEASE|SHIP LOT|FINAL CD INSPECTION|FINAL PARTICLE INSPECTION|PARAMETRIC TEST|SWITCHING TEST|FINAL LOT RELEASE|SHIP LOT|FINAL CD INSPECTION|FINAL PARTICLE INSPECTION|PARAMETRIC TEST|SWITCHING TEST|WAFER SORT TEST|FINAL LOT RELEASE|SHIP LOT|FINAL CD INSPECTION|FINAL PARTICLE INSPECTION|PARAMETRIC TEST|SWITCHING TEST|FINAL LOT RELEASE|SHIP LOT|FINAL CD INSPECTION|FINAL PARTICLE INSPECTION|PARAMETRIC TEST|LEAKAGE TEST|BREAKDOWN VOLTAGE TEST|SWITCHING TEST|FINAL LOT RELEASE|SHIP LOT|FINAL CD INSPECTION|FINAL PARTICLE INSPECTION|PARAMETRIC TEST|LEAKAGE TEST|BREAKDOWN VOLTAGE TEST|SWITCHING TEST|WAFER SORT TEST|FINAL LOT RELEASE|SHIP LOT|FINAL CD INSPECTION|FINAL PARTICLE INSPECTION|PARAMETRIC TEST|LEAKAGE TEST|BREAKDOWN VOLTAGE TEST|SWITCHING TEST|WAFER SORT TEST|FINAL LOT RELEASE|SHIP LOT|FINAL CD INSPECTION|FINAL PARTICLE INSPECTION
valid_0317,MEASURE FILM THICKNESS|CMP DIELECTRIC|MEASURE SURFACE PLANARITY|SPIN COAT PHOTORESIST|SOFT BAKE|ALIGN MASK LEVEL 5|EXPOSE LITHO LEVEL 5|DEVELOP PHOTORESIST|VIA OPENING INSPECTION|VIA ETCH|STRIP PHOTORESIST|CLEAN AFTER VIA ETCH|MEASURE VIA CD|DEPOSIT BARRIER METAL|DEPOSIT METAL SEED|FILL VIA METAL|CMP METAL|MEASURE VIA RESISTANCE|DEPOSIT METAL 1|ANNEAL METAL 1|SPIN COAT PHOTORESIST|SOFT BAKE|ALIGN MASK LEVEL 6|EXPOSE LITHO LEVEL 6|DEVELOP PHOTORESIST|METAL PATTERN INSPECTION|METAL ETCH DRY|STRIP PHOTORESIST|CLEAN AFTER METAL ETCH|MEASURE LINE WIDTH|DEPOSIT PASSIVATION|CURE PASSIVATION|MEASURE PASSIVATION QUALITY|OPEN BOND PAD WINDOW|OPEN PAD WINDOW LITHO|DEVELOP PAD WINDOW|PASSIVATION ETCH PAD OPENING|STRIP PHOTORESIST|CLEAN PAD OPENING|MEASURE PAD OPENING|BACKSIDE GRIND|MEASURE WAFER THICKNESS|BACKSIDE ETCH CLEAN|BACKSIDE RINSE|BACKSIDE DRY|BACKSIDE METALLIZATION PREP|DEPOSIT BACKSIDE METAL|BACKSIDE ANNEAL|MEASURE BACKSIDE CONTACT|FINAL CLEAN|FINAL THICKNESS MEASURE|FINAL GEOMETRY CHECK|FINAL CD INSPECTION|FINAL PARTICLE INSPECTION|PARAMETRIC TEST|LEAKAGE TEST|BREAKDOWN VOLTAGE TEST|SWITCHING TEST|YIELD ANALYSIS|WAFER SORT TEST|LOT RELEASE|SHIP LOT|FINAL CD INSPECTION|FINAL PARTICLE INSPECTION|PARAMETRIC TEST|SWITCHING TEST|FINAL LOT RELEASE|SHIP LOT|FINAL CD INSPECTION|FINAL PARTICLE INSPECTION|PARAMETRIC TEST|SWITCHING TEST|WAFER SORT TEST|FINAL LOT RELEASE|SHIP LOT|FINAL CD INSPECTION|FINAL PARTICLE INSPECTION|PARAMETRIC TEST|SWITCHING TEST|FINAL LOT RELEASE
valid_0318,MEASURE PASSIVATION QUALITY|OPEN BOND PAD WINDOW|OPEN PAD WINDOW LITHO|DEVELOP PAD WINDOW|PASSIVATION ETCH PAD OPENING|STRIP PHOTORESIST|CLEAN PAD OPENING|MEASURE PAD OPENING|BACKSIDE GRIND|MEASURE WAFER THICKNESS|BACKSIDE ETCH CLEAN|BACKSIDE RINSE|BACKSIDE DRY|BACKSIDE METALLIZATION PREP|DEPOSIT BACKSIDE METAL|BACKSIDE ANNEAL|MEASURE BACKSIDE CONTACT|FINAL CLEAN|FINAL THICKNESS MEASURE|FINAL GEOMETRY CHECK|FINAL CD INSPECTION|FINAL PARTICLE INSPECTION|PARAMETRIC TEST|LEAKAGE TEST|BREAKDOWN VOLTAGE TEST|SWITCHING TEST|YIELD ANALYSIS|WAFER SORT TEST|LOT RELEASE|SHIP LOT|FINAL CD INSPECTION|FINAL PARTICLE INSPECTION|ELECTRICAL PARAMETRIC TEST|LEAKAGE TEST|BREAKDOWN VOLTAGE TEST|SWITCHING TEST|FINAL LOT RELEASE|SHIP LOT|FINAL CD INSPECTION|FINAL PARTICLE INSPECTION|PARAMETRIC TEST|SWITCHING TEST|WAFER SORT TEST|FINAL LOT RELEASE|SHIP LOT|FINAL CD INSPECTION|FINAL PARTICLE INSPECTION|PARAMETRIC TEST|SWITCHING TEST|FINAL LOT RELEASE|SHIP LOT|FINAL CD INSPECTION|FINAL PARTICLE INSPECTION|PARAMETRIC TEST|SWITCHING TEST|FINAL LOT RELEASE|SHIP LOT|FINAL CD INSPECTION|FINAL PARTICLE INSPECTION|PARAMETRIC TEST|SWITCHING TEST|WAFER SORT TEST|LOT RELEASE|SHIP LOT|IMPLANT P BODY|BREAKDOWN VOLTAGE TEST|SWITCHING TEST|WAFER SORT TEST|FINAL LOT RELEASE|SHIP LOT|FINAL CD INSPECTION|FINAL PARTICLE INSPECTION|PARAMETRIC TEST|LEAKAGE TEST|BREAKDOWN VOLTAGE TEST|SWITCHING TEST|WAFER SORT TEST|FINAL LOT RELEASE|SHIP LOT|FINAL CD INSPECTION
valid_0319,MEASURE SURFACE PLANARITY|SPIN COAT PHOTORESIST|SOFT BAKE|ALIGN MASK LEVEL 5|EXPOSE LITHO LEVEL 5|DEVELOP PHOTORESIST|VIA OPENING INSPECTION|VIA ETCH|STRIP PHOTORESIST|CLEAN AFTER VIA ETCH|MEASURE VIA CD|DEPOSIT BARRIER METAL|DEPOSIT METAL SEED|FILL VIA METAL|CMP METAL|MEASURE VIA RESISTANCE|DEPOSIT METAL 1|ANNEAL METAL 1|SPIN COAT PHOTORESIST|SOFT BAKE|ALIGN MASK LEVEL 6|EXPOSE LITHO LEVEL 6|DEVELOP PHOTORESIST|METAL PATTERN INSPECTION|METAL ETCH DRY|STRIP RESIST|CLEAN AFTER METAL ETCH|MEASURE LINE WIDTH|DEPOSIT PASSIVATION|CURE PASSIVATION|MEASURE PASSIVATION QUALITY|OPEN BOND PAD WINDOW|OPEN PAD WINDOW LITHO|DEVELOP PAD WINDOW|PASSIVATION ETCH PAD OPENING|STRIP PHOTORESIST|CLEAN PAD OPENING|MEASURE PAD OPENING|BACKSIDE GRIND|MEASURE WAFER THICKNESS|BACKSIDE ETCH CLEAN|BACKSIDE RINSE|BACKSIDE DRY|BACKSIDE METALLIZATION PREP|DEPOSIT BACKSIDE METAL|BACKSIDE ANNEAL|MEASURE BACKSIDE CONTACT|FINAL CLEAN|FINAL THICKNESS MEASURE|FINAL GEOMETRY CHECK|FINAL CD INSPECTION|FINAL PARTICLE INSPECTION|PARAMETRIC TEST|LEAKAGE TEST|BREAKDOWN VOLTAGE TEST|SWITCHING TEST|YIELD ANALYSIS|WAFER SORT TEST|LOT RELEASE|SHIP LOT|FINAL CD INSPECTION|FINAL PARTICLE INSPECTION|PARAMETRIC TEST|SWITCHING TEST|WAFER SORT TEST|LOT RELEASE|SHIP LOT|FINAL CD INSPECTION|FINAL PARTICLE INSPECTION|PARAMETRIC TEST|SWITCHING TEST|FINAL LOT RELEASE|SHIP LOT|FINAL CD INSPECTION|FINAL PARTICLE INSPECTION|PARAMETRIC TEST|LEAKAGE TEST|BREAKDOWN VOLTAGE TEST|SWITCHING TEST|FINAL LOT RELEASE
valid_0320,CURE PASSIVATION|MEASURE PASSIVATION QUALITY|OPEN BOND PAD WINDOW|OPEN PAD WINDOW LITHO|DEVELOP PAD WINDOW|PASSIVATION ETCH PAD OPENING|STRIP PHOTORESIST|CLEAN PAD OPENING|MEASURE PAD OPENING|BACKSIDE GRIND|MEASURE WAFER THICKNESS|BACKSIDE ETCH CLEAN|BACKSIDE RINSE|BACKSIDE DRY|BACKSIDE METALLIZATION PREP|DEPOSIT BACKSIDE METAL|BACKSIDE ANNEAL|MEASURE BACKSIDE CONTACT|FINAL CLEAN|FINAL THICKNESS MEASURE|FINAL GEOMETRY CHECK|FINAL CD INSPECTION|FINAL PARTICLE INSPECTION|PARAMETRIC TEST|LEAKAGE TEST|BREAKDOWN VOLTAGE TEST|SWITCHING TEST|YIELD ANALYSIS|WAFER SORT TEST|FINAL LOT RELEASE|SHIP LOT|FINAL CD INSPECTION|FINAL PARTICLE INSPECTION|PARAMETRIC TEST|SWITCHING TEST|WAFER SORT TEST|FINAL LOT RELEASE|SHIP LOT|FINAL CD INSPECTION|FINAL PARTICLE INSPECTION|PARAMETRIC TEST|SWITCHING TEST|FINAL LOT RELEASE|SHIP LOT|FINAL CD INSPECTION|FINAL PARTICLE INSPECTION|PARAMETRIC TEST|LEAKAGE TEST|BREAKDOWN VOLTAGE TEST|SWITCHING TEST|FINAL LOT RELEASE|SHIP LOT|FINAL CD INSPECTION|FINAL PARTICLE INSPECTION|PARAMETRIC TEST|SWITCHING TEST|WAFER SORT TEST|FINAL LOT RELEASE|SHIP LOT|IMPLANT P BODY|BREAKDOWN VOLTAGE TEST|SWITCHING TEST|WAFER SORT TEST|FINAL LOT RELEASE|SHIP LOT|FINAL CD INSPECTION|FINAL PARTICLE INSPECTION|PARAMETRIC TEST|LEAKAGE TEST|BREAKDOWN VOLTAGE TEST|SWITCHING TEST|WAFER SORT TEST|FINAL LOT RELEASE|SHIP LOT|FINAL CD INSPECTION|FINAL PARTICLE INSPECTION|PARAMETRIC TEST|LEAKAGE TEST|BREAKDOWN VOLTAGE TEST|SWITCHING TEST
valid_0321,SPIN COAT PHOTORESIST|SOFT BAKE|ALIGN MASK LEVEL 5|EXPOSE LITHO LEVEL 5|DEVELOP PHOTORESIST|VIA OPENING INSPECTION|VIA ETCH|STRIP PHOTORESIST|CLEAN AFTER VIA ETCH|MEASURE VIA CD|DEPOSIT BARRIER METAL|DEPOSIT METAL SEED|FILL VIA METAL|CMP METAL|MEASURE VIA RESISTANCE|DEPOSIT TOP METAL|ANNEAL METAL 1|SPIN COAT PHOTORESIST|SOFT BAKE|ALIGN MASK LEVEL 6|EXPOSE LITHO LEVEL 6|DEVELOP PHOTORESIST|METAL PATTERN INSPECTION|METAL ETCH DRY|STRIP PHOTORESIST|CLEAN AFTER METAL ETCH|MEASURE LINE WIDTH|DEPOSIT PASSIVATION|CURE PASSIVATION|MEASURE PASSIVATION QUALITY|OPEN BOND PAD WINDOW|OPEN PAD WINDOW LITHO|DEVELOP PHOTORESIST|PASSIVATION ETCH PAD OPENING|STRIP PHOTORESIST|CLEAN PAD OPENING|MEASURE PAD OPENING|BACKSIDE GRIND|MEASURE WAFER THICKNESS|BACKSIDE ETCH CLEAN|BACKSIDE RINSE|BACKSIDE DRY|BACKSIDE METALLIZATION PREP|DEPOSIT BACKSIDE METAL|BACKSIDE ANNEAL|MEASURE BACKSIDE CONTACT|FINAL CLEAN|FINAL THICKNESS MEASURE|FINAL GEOMETRY CHECK|FINAL CD INSPECTION|FINAL PARTICLE INSPECTION|PARAMETRIC TEST|LEAKAGE TEST|BREAKDOWN VOLTAGE TEST|SWITCHING TEST|YIELD ANALYSIS|WAFER SORT TEST|LOT RELEASE|SHIP LOT|FINAL CD INSPECTION|FINAL PARTICLE INSPECTION|PARAMETRIC TEST|SWITCHING TEST|FINAL LOT RELEASE|SHIP LOT|FINAL CD INSPECTION|FINAL PARTICLE INSPECTION|PARAMETRIC TEST|SWITCHING TEST|WAFER SORT TEST|FINAL LOT RELEASE|SHIP LOT|FINAL CD INSPECTION|FINAL PARTICLE INSPECTION|PARAMETRIC TEST|SWITCHING TEST|FINAL LOT RELEASE|SHIP LOT|FINAL CD INSPECTION|FINAL PARTICLE INSPECTION
valid_0322,CURE PASSIVATION|MEASURE PASSIVATION QUALITY|OPEN BOND PAD WINDOW|OPEN PAD WINDOW LITHO|DEVELOP PHOTORESIST|PASSIVATION ETCH PAD OPENING|STRIP PHOTORESIST|CLEAN PAD OPENING|MEASURE PAD OPENING|BACKSIDE GRIND|MEASURE WAFER THICKNESS|BACKSIDE ETCH CLEAN|BACKSIDE RINSE|BACKSIDE DRY|BACKSIDE METALLIZATION PREP|DEPOSIT BACKSIDE METAL|BACKSIDE ANNEAL|MEASURE BACKSIDE CONTACT|FINAL CLEAN|FINAL THICKNESS MEASURE|FINAL GEOMETRY CHECK|FINAL CD INSPECTION|FINAL PARTICLE INSPECTION|PARAMETRIC TEST|LEAKAGE TEST|BREAKDOWN VOLTAGE TEST|SWITCHING TEST|YIELD ANALYSIS|WAFER SORT TEST|LOT RELEASE|SHIP LOT|FINAL CD INSPECTION|FINAL PARTICLE INSPECTION|PARAMETRIC TEST|SWITCHING TEST|FINAL LOT RELEASE|SHIP LOT|FINAL CD INSPECTION|FINAL PARTICLE INSPECTION|PARAMETRIC TEST|SWITCHING TEST|WAFER SORT TEST|FINAL LOT RELEASE|SHIP LOT|FINAL CD INSPECTION|FINAL PARTICLE INSPECTION|PARAMETRIC TEST|SWITCHING TEST|FINAL LOT RELEASE|SHIP LOT|FINAL CD INSPECTION|FINAL PARTICLE INSPECTION|PARAMETRIC TEST|LEAKAGE TEST|BREAKDOWN VOLTAGE TEST|SWITCHING TEST|FINAL LOT RELEASE|SHIP LOT|FINAL CD INSPECTION|FINAL PARTICLE INSPECTION|PARAMETRIC TEST|LEAKAGE TEST|BREAKDOWN VOLTAGE TEST|SWITCHING TEST|WAFER SORT TEST|FINAL LOT RELEASE|SHIP LOT|IMPLANT P BODY|LEAKAGE TEST|BREAKDOWN VOLTAGE TEST|SWITCHING TEST|WAFER SORT TEST|FINAL LOT RELEASE|SHIP LOT|FINAL CD INSPECTION|FINAL PARTICLE INSPECTION|PARAMETRIC TEST|LEAKAGE TEST|BREAKDOWN VOLTAGE TEST|SWITCHING TEST
valid_0323,SOFT BAKE|ALIGN MASK LEVEL 5|EXPOSE LITHO LEVEL 5|DEVELOP PHOTORESIST|VIA OPENING INSPECTION|VIA ETCH|STRIP PHOTORESIST|CLEAN AFTER VIA ETCH|MEASURE VIA CD|DEPOSIT BARRIER METAL|DEPOSIT METAL SEED|FILL VIA METAL|CMP METAL|MEASURE VIA RESISTANCE|DEPOSIT METAL 1|ANNEAL METAL|SPIN COAT PHOTORESIST|SOFT BAKE|ALIGN MASK LEVEL 6|EXPOSE LITHO LEVEL 6|DEVELOP PHOTORESIST|METAL PATTERN INSPECTION|METAL ETCH DRY|STRIP PHOTORESIST|CLEAN AFTER METAL ETCH|MEASURE LINE WIDTH|DEPOSIT PASSIVATION|CURE PASSIVATION|MEASURE PASSIVATION QUALITY|OPEN BOND PAD WINDOW|OPEN PAD WINDOW LITHO|DEVELOP PAD WINDOW|PASSIVATION ETCH PAD OPENING|STRIP PHOTORESIST|CLEAN PAD OPENING|MEASURE PAD OPENING|BACKSIDE GRIND|MEASURE WAFER THICKNESS|BACKSIDE ETCH CLEAN|BACKSIDE RINSE|BACKSIDE DRY|BACKSIDE METALLIZATION PREP|DEPOSIT BACKSIDE METAL|BACKSIDE ANNEAL|MEASURE BACKSIDE CONTACT|FINAL CLEAN|FINAL THICKNESS MEASURE|FINAL GEOMETRY CHECK|FINAL CD INSPECTION|FINAL PARTICLE INSPECTION|PARAMETRIC TEST|LEAKAGE TEST|BREAKDOWN VOLTAGE TEST|SWITCHING TEST|YIELD ANALYSIS|WAFER SORT TEST|FINAL LOT RELEASE|SHIP LOT|FINAL CD INSPECTION|FINAL PARTICLE INSPECTION|PARAMETRIC TEST|SWITCHING TEST|FINAL LOT RELEASE|SHIP LOT|FINAL CD INSPECTION|FINAL PARTICLE INSPECTION|PARAMETRIC TEST|SWITCHING TEST|FINAL LOT RELEASE|SHIP LOT|FINAL CD INSPECTION|FINAL PARTICLE INSPECTION|PARAMETRIC TEST|SWITCHING TEST|WAFER SORT TEST|FINAL LOT RELEASE|SHIP LOT|FINAL CD INSPECTION|FINAL PARTICLE INSPECTION|PARAMETRIC TEST
valid_0324,OPEN BOND PAD WINDOW|OPEN PAD WINDOW LITHO|DEVELOP PAD WINDOW|PASSIVATION ETCH PAD OPENING|STRIP PHOTORESIST|CLEAN PAD OPENING|MEASURE PAD OPENING|BACKSIDE GRIND|MEASURE WAFER THICKNESS|BACKSIDE ETCH CLEAN|BACKSIDE RINSE|BACKSIDE DRY|BACKSIDE METALLIZATION PREP|DEPOSIT BACKSIDE METAL|BACKSIDE ANNEAL|MEASURE BACKSIDE CONTACT|FINAL CLEAN|FINAL THICKNESS MEASURE|FINAL GEOMETRY CHECK|FINAL CD INSPECTION|FINAL PARTICLE INSPECTION|PARAMETRIC TEST|LEAKAGE TEST|BREAKDOWN VOLTAGE TEST|SWITCHING TEST|YIELD ANALYSIS|WAFER SORT TEST|FINAL LOT RELEASE|SHIP LOT|FINAL CD INSPECTION|FINAL PARTICLE INSPECTION|PARAMETRIC TEST|SWITCHING TEST|WAFER SORT TEST|LOT RELEASE|SHIP LOT|FINAL CD INSPECTION|FINAL PARTICLE INSPECTION|PARAMETRIC TEST|SWITCHING TEST|FINAL LOT RELEASE|SHIP LOT|IMPLANT P BODY|BREAKDOWN VOLTAGE TEST|SWITCHING TEST|FINAL LOT RELEASE|SHIP LOT|FINAL CD INSPECTION|FINAL PARTICLE INSPECTION|PARAMETRIC TEST|SWITCHING TEST|FINAL LOT RELEASE|SHIP LOT|FINAL CD INSPECTION|FINAL PARTICLE INSPECTION|PARAMETRIC TEST|LEAKAGE TEST|BREAKDOWN VOLTAGE TEST|SWITCHING TEST|FINAL LOT RELEASE|SHIP LOT|FINAL CD INSPECTION|FINAL PARTICLE INSPECTION|PARAMETRIC TEST|SWITCHING TEST|WAFER SORT TEST|FINAL LOT RELEASE|SHIP LOT|FINAL CD INSPECTION|FINAL PARTICLE INSPECTION|PARAMETRIC TEST|LEAKAGE TEST|BREAKDOWN VOLTAGE TEST|SWITCHING TEST|WAFER SORT TEST|FINAL LOT RELEASE|SHIP LOT|FINAL CD INSPECTION|FINAL PARTICLE INSPECTION|PARAMETRIC TEST
valid_0325,CMP DIELECTRIC|MEASURE SURFACE PLANARITY|SPIN COAT PHOTORESIST|SOFT BAKE|ALIGN MASK LEVEL 5|EXPOSE LITHO LEVEL 5|DEVELOP PHOTORESIST|VIA OPENING INSPECTION|VIA ETCH|STRIP PHOTORESIST|CLEAN AFTER VIA ETCH|MEASURE VIA CD|DEPOSIT BARRIER METAL|DEPOSIT METAL SEED|FILL VIA METAL|CMP METAL|MEASURE VIA RESISTANCE|DEPOSIT TOP METAL|ANNEAL METAL 1|SPIN COAT PHOTORESIST|SOFT BAKE|ALIGN MASK LEVEL 6|EXPOSE LITHO LEVEL 6|DEVELOP PHOTORESIST|METAL PATTERN INSPECTION|METAL ETCH DRY|STRIP RESIST|CLEAN AFTER METAL ETCH|MEASURE LINE WIDTH|DEPOSIT PASSIVATION|CURE PASSIVATION|MEASURE PASSIVATION QUALITY|OPEN BOND PAD WINDOW|OPEN PAD WINDOW LITHO|DEVELOP PAD WINDOW|PASSIVATION ETCH PAD OPENING|STRIP PHOTORESIST|CLEAN PAD OPENING|MEASURE PAD OPENING|BACKSIDE GRIND|MEASURE WAFER THICKNESS|BACKSIDE ETCH CLEAN|BACKSIDE RINSE|BACKSIDE DRY|BACKSIDE METALLIZATION PREP|DEPOSIT BACKSIDE METAL|BACKSIDE ANNEAL|MEASURE BACKSIDE CONTACT|FINAL CLEAN|FINAL THICKNESS MEASURE|FINAL GEOMETRY CHECK|FINAL CD INSPECTION|FINAL PARTICLE INSPECTION|PARAMETRIC TEST|LEAKAGE TEST|BREAKDOWN VOLTAGE TEST|SWITCHING TEST|YIELD ANALYSIS|WAFER SORT TEST|LOT RELEASE|SHIP LOT|FINAL CD INSPECTION|FINAL PARTICLE INSPECTION|PARAMETRIC TEST|SWITCHING TEST|WAFER SORT TEST|FINAL LOT RELEASE|SHIP LOT|FINAL CD INSPECTION|FINAL PARTICLE INSPECTION|PARAMETRIC TEST|SWITCHING TEST|FINAL LOT RELEASE|SHIP LOT|FINAL CD INSPECTION|FINAL PARTICLE INSPECTION|PARAMETRIC TEST|LEAKAGE TEST|BREAKDOWN VOLTAGE TEST|SWITCHING TEST
valid_0326,DEPOSIT PASSIVATION|CURE PASSIVATION|MEASURE PASSIVATION QUALITY|OPEN BOND PAD WINDOW|OPEN PAD WINDOW LITHO|DEVELOP PAD WINDOW|PASSIVATION ETCH PAD OPENING|STRIP PHOTORESIST|CLEAN PAD OPENING|MEASURE PAD OPENING|BACKSIDE GRIND|MEASURE WAFER THICKNESS|BACKSIDE ETCH CLEAN|BACKSIDE RINSE|BACKSIDE DRY|BACKSIDE METALLIZATION PREP|DEPOSIT BACKSIDE METAL|BACKSIDE ANNEAL|MEASURE BACKSIDE CONTACT|FINAL CLEAN|FINAL THICKNESS MEASURE|FINAL GEOMETRY CHECK|FINAL CD INSPECTION|FINAL PARTICLE INSPECTION|PARAMETRIC TEST|LEAKAGE TEST|BREAKDOWN VOLTAGE TEST|SWITCHING TEST|YIELD ANALYSIS|WAFER SORT TEST|FINAL LOT RELEASE|SHIP LOT|FINAL CD INSPECTION|FINAL PARTICLE INSPECTION|PARAMETRIC TEST|SWITCHING TEST|WAFER SORT TEST|FINAL LOT RELEASE|SHIP LOT|FINAL CD INSPECTION|FINAL PARTICLE INSPECTION|PARAMETRIC TEST|SWITCHING TEST|FINAL LOT RELEASE|SHIP LOT|FINAL CD INSPECTION|FINAL PARTICLE INSPECTION|PARAMETRIC TEST|SWITCHING TEST|FINAL LOT RELEASE|SHIP LOT|FINAL CD INSPECTION|FINAL PARTICLE INSPECTION|PARAMETRIC TEST|SWITCHING TEST|WAFER SORT TEST|FINAL LOT RELEASE|SHIP LOT|FINAL CD INSPECTION|FINAL PARTICLE INSPECTION|PARAMETRIC TEST|LEAKAGE TEST|BREAKDOWN VOLTAGE TEST|SWITCHING TEST|WAFER SORT TEST|FINAL LOT RELEASE|SHIP LOT|FINAL CD INSPECTION|FINAL PARTICLE INSPECTION|PARAMETRIC TEST|LEAKAGE TEST|BREAKDOWN VOLTAGE TEST|SWITCHING TEST|WAFER SORT TEST|FINAL LOT RELEASE|SHIP LOT|FINAL CD INSPECTION|FINAL PARTICLE INSPECTION|PARAMETRIC TEST|LEAKAGE TEST
valid_0327,SPIN COAT PHOTORESIST|SOFT BAKE|ALIGN MASK LEVEL 5|EXPOSE LITHO LEVEL 5|DEVELOP PHOTORESIST|VIA OPENING INSPECTION|VIA ETCH|STRIP PHOTORESIST|CLEAN AFTER VIA ETCH|MEASURE VIA CD|DEPOSIT BARRIER METAL|DEPOSIT METAL SEED|FILL VIA METAL|CMP METAL|MEASURE VIA RESISTANCE|DEPOSIT METAL 1|ANNEAL METAL 1|SPIN COAT PHOTORESIST|SOFT BAKE|ALIGN MASK LEVEL 6|EXPOSE LITHO LEVEL 6|DEVELOP PHOTORESIST|METAL PATTERN INSPECTION|METAL ETCH DRY|STRIP RESIST|CLEAN AFTER METAL ETCH|MEASURE LINE WIDTH|DEPOSIT PASSIVATION|CURE PASSIVATION|MEASURE PASSIVATION QUALITY|OPEN BOND PAD WINDOW|OPEN PAD WINDOW LITHO|DEVELOP PAD WINDOW|PASSIVATION ETCH PAD OPENING|STRIP PHOTORESIST|CLEAN PAD OPENING|MEASURE PAD OPENING|BACKSIDE GRIND|MEASURE WAFER THICKNESS|BACKSIDE ETCH CLEAN|BACKSIDE RINSE|BACKSIDE DRY|BACKSIDE METALLIZATION PREP|DEPOSIT BACKSIDE METAL|BACKSIDE ANNEAL|MEASURE BACKSIDE CONTACT|FINAL CLEAN|FINAL THICKNESS MEASURE|FINAL GEOMETRY CHECK|FINAL CD INSPECTION|FINAL PARTICLE INSPECTION|PARAMETRIC TEST|LEAKAGE TEST|BREAKDOWN VOLTAGE TEST|SWITCHING TEST|YIELD ANALYSIS|WAFER SORT TEST|LOT RELEASE|SHIP LOT|FINAL CD INSPECTION|FINAL PARTICLE INSPECTION|PARAMETRIC TEST|SWITCHING TEST|FINAL LOT RELEASE|SHIP LOT|FINAL CD INSPECTION|FINAL PARTICLE INSPECTION|PARAMETRIC TEST|SWITCHING TEST|WAFER SORT TEST|FINAL LOT RELEASE|SHIP LOT|FINAL CD INSPECTION|FINAL PARTICLE INSPECTION|PARAMETRIC TEST|LEAKAGE TEST|BREAKDOWN VOLTAGE TEST|SWITCHING TEST|FINAL LOT RELEASE|SHIP LOT
valid_0328,CURE PASSIVATION|MEASURE PASSIVATION QUALITY|OPEN BOND PAD WINDOW|OPEN PAD WINDOW LITHO|DEVELOP PAD WINDOW|PASSIVATION ETCH PAD OPENING|STRIP PHOTORESIST|CLEAN PAD OPENING|MEASURE PAD OPENING|BACKSIDE GRIND|MEASURE WAFER THICKNESS|BACKSIDE ETCH CLEAN|BACKSIDE RINSE|BACKSIDE DRY|BACKSIDE METALLIZATION PREP|DEPOSIT BACKSIDE METAL|BACKSIDE ANNEAL|MEASURE BACKSIDE CONTACT|FINAL CLEAN|FINAL THICKNESS MEASURE|FINAL GEOMETRY CHECK|FINAL CD INSPECTION|FINAL PARTICLE INSPECTION|PARAMETRIC TEST|LEAKAGE TEST|BREAKDOWN VOLTAGE TEST|SWITCHING TEST|YIELD ANALYSIS|WAFER SORT TEST|FINAL LOT RELEASE|SHIP LOT|FINAL CD INSPECTION|FINAL PARTICLE INSPECTION|PARAMETRIC TEST|SWITCHING TEST|WAFER SORT TEST|FINAL LOT RELEASE|SHIP LOT|FINAL CD INSPECTION|FINAL PARTICLE INSPECTION|PARAMETRIC TEST|SWITCHING TEST|FINAL LOT RELEASE|SHIP LOT|FINAL CD INSPECTION|FINAL PARTICLE INSPECTION|PARAMETRIC TEST|LEAKAGE TEST|BREAKDOWN VOLTAGE TEST|SWITCHING TEST|FINAL LOT RELEASE|SHIP LOT|FINAL CD INSPECTION|FINAL PARTICLE INSPECTION|PARAMETRIC TEST|SWITCHING TEST|WAFER SORT TEST|FINAL LOT RELEASE|SHIP LOT|IMPLANT P BODY|BREAKDOWN VOLTAGE TEST|SWITCHING TEST|WAFER SORT TEST|FINAL LOT RELEASE|SHIP LOT|FINAL CD INSPECTION|FINAL PARTICLE INSPECTION|PARAMETRIC TEST|LEAKAGE TEST|BREAKDOWN VOLTAGE TEST|SWITCHING TEST|WAFER SORT TEST|FINAL LOT RELEASE|SHIP LOT|FINAL CD INSPECTION|FINAL PARTICLE INSPECTION|PARAMETRIC TEST|LEAKAGE TEST|BREAKDOWN VOLTAGE TEST|SWITCHING TEST
valid_0329,MEASURE SURFACE PLANARITY|SPIN COAT PHOTORESIST|SOFT BAKE|ALIGN MASK LEVEL 5|EXPOSE LITHO LEVEL 5|DEVELOP PHOTORESIST|VIA OPENING INSPECTION|VIA ETCH|STRIP PHOTORESIST|CLEAN AFTER VIA ETCH|MEASURE VIA CD|DEPOSIT BARRIER METAL|DEPOSIT METAL SEED|FILL VIA METAL|CMP METAL|MEASURE VIA RESISTANCE|DEPOSIT TOP METAL|ANNEAL METAL 1|SPIN COAT PHOTORESIST|SOFT BAKE|ALIGN MASK LEVEL 6|EXPOSE LITHO LEVEL 6|DEVELOP PHOTORESIST|METAL PATTERN INSPECTION|METAL ETCH DRY|STRIP PHOTORESIST|CLEAN AFTER METAL ETCH|MEASURE LINE WIDTH|DEPOSIT PASSIVATION|CURE PASSIVATION|MEASURE PASSIVATION QUALITY|OPEN BOND PAD WINDOW|OPEN PAD WINDOW LITHO|DEVELOP PAD WINDOW|PASSIVATION ETCH PAD OPENING|STRIP PHOTORESIST|CLEAN PAD OPENING|MEASURE PAD OPENING|BACKSIDE GRIND|MEASURE WAFER THICKNESS|BACKSIDE ETCH CLEAN|BACKSIDE RINSE|BACKSIDE DRY|BACKSIDE METALLIZATION PREP|DEPOSIT BACKSIDE METAL|BACKSIDE ANNEAL|MEASURE BACKSIDE CONTACT|FINAL CLEAN|FINAL THICKNESS MEASURE|FINAL GEOMETRY CHECK|FINAL CD INSPECTION|FINAL PARTICLE INSPECTION|PARAMETRIC TEST|LEAKAGE TEST|BREAKDOWN VOLTAGE TEST|SWITCHING TEST|YIELD ANALYSIS|WAFER SORT TEST|LOT RELEASE|SHIP LOT|FINAL CD INSPECTION|FINAL PARTICLE INSPECTION|PARAMETRIC TEST|SWITCHING TEST|FINAL LOT RELEASE|SHIP LOT|FINAL CD INSPECTION|FINAL PARTICLE INSPECTION|PARAMETRIC TEST|SWITCHING TEST|FINAL LOT RELEASE|SHIP LOT|FINAL CD INSPECTION|FINAL PARTICLE INSPECTION|PARAMETRIC TEST|SWITCHING TEST|FINAL LOT RELEASE|SHIP LOT|FINAL CD INSPECTION|FINAL PARTICLE INSPECTION
valid_0330,MEASURE PASSIVATION QUALITY|OPEN BOND PAD WINDOW|OPEN PAD WINDOW LITHO|DEVELOP PAD WINDOW|PASSIVATION ETCH PAD OPENING|STRIP PHOTORESIST|CLEAN PAD OPENING|MEASURE PAD OPENING|BACKSIDE GRIND|MEASURE WAFER THICKNESS|BACKSIDE ETCH CLEAN|BACKSIDE RINSE|BACKSIDE DRY|BACKSIDE METALLIZATION PREP|DEPOSIT BACKSIDE METAL|BACKSIDE ANNEAL|MEASURE BACKSIDE CONTACT|FINAL CLEAN|FINAL THICKNESS MEASURE|FINAL GEOMETRY CHECK|FINAL CD INSPECTION|FINAL PARTICLE INSPECTION|PARAMETRIC TEST|LEAKAGE TEST|BREAKDOWN VOLTAGE TEST|SWITCHING TEST|YIELD ANALYSIS|WAFER SORT TEST|LOT RELEASE|SHIP LOT|FINAL CD INSPECTION|FINAL PARTICLE INSPECTION|PARAMETRIC TEST|SWITCHING TEST|FINAL LOT RELEASE|SHIP LOT|FINAL CD INSPECTION|FINAL PARTICLE INSPECTION|PARAMETRIC TEST|SWITCHING TEST|FINAL LOT RELEASE|SHIP LOT|FINAL CD INSPECTION|FINAL PARTICLE INSPECTION|PARAMETRIC TEST|SWITCHING TEST|WAFER SORT TEST|FINAL LOT RELEASE|SHIP LOT|FINAL CD INSPECTION|FINAL PARTICLE INSPECTION|PARAMETRIC TEST|LEAKAGE TEST|BREAKDOWN VOLTAGE TEST|SWITCHING TEST|FINAL LOT RELEASE|SHIP LOT|FINAL CD INSPECTION|FINAL PARTICLE INSPECTION|PARAMETRIC TEST|SWITCHING TEST|WAFER SORT TEST|FINAL LOT RELEASE|SHIP LOT|FINAL CD INSPECTION|FINAL PARTICLE INSPECTION|PARAMETRIC TEST|LEAKAGE TEST|BREAKDOWN VOLTAGE TEST|SWITCHING TEST|WAFER SORT TEST|FINAL LOT RELEASE|SHIP LOT|FINAL CD INSPECTION|FINAL PARTICLE INSPECTION|PARAMETRIC TEST|LEAKAGE TEST|BREAKDOWN VOLTAGE TEST|SWITCHING TEST|WAFER SORT TEST
valid_0331,MEASURE SURFACE PLANARITY|SPIN COAT PHOTORESIST|SOFT BAKE|ALIGN MASK LEVEL 5|EXPOSE LITHO LEVEL 5|DEVELOP PHOTORESIST|VIA OPENING INSPECTION|VIA ETCH|STRIP PHOTORESIST|CLEAN AFTER VIA ETCH|MEASURE VIA CD|DEPOSIT BARRIER METAL|DEPOSIT METAL SEED|FILL VIA METAL|CMP METAL|MEASURE VIA RESISTANCE|DEPOSIT TOP METAL|ANNEAL METAL 1|SPIN COAT PHOTORESIST|SOFT BAKE|ALIGN MASK LEVEL 6|EXPOSE LITHO LEVEL 6|DEVELOP PHOTORESIST|METAL PATTERN INSPECTION|METAL ETCH DRY|STRIP PHOTORESIST|CLEAN AFTER METAL ETCH|MEASURE LINE WIDTH|DEPOSIT PASSIVATION|CURE PASSIVATION|MEASURE PASSIVATION QUALITY|OPEN BOND PAD WINDOW|OPEN PAD WINDOW LITHO|DEVELOP PAD WINDOW|PASSIVATION ETCH PAD OPENING|STRIP PHOTORESIST|CLEAN PAD OPENING|MEASURE PAD OPENING|BACKSIDE GRIND|MEASURE WAFER THICKNESS|BACKSIDE ETCH CLEAN|BACKSIDE RINSE|BACKSIDE DRY|BACKSIDE METALLIZATION PREP|DEPOSIT BACKSIDE METAL|BACKSIDE ANNEAL|MEASURE BACKSIDE CONTACT|FINAL CLEAN|FINAL THICKNESS MEASURE|FINAL GEOMETRY CHECK|FINAL CD INSPECTION|FINAL PARTICLE INSPECTION|PARAMETRIC TEST|LEAKAGE TEST|BREAKDOWN VOLTAGE TEST|SWITCHING TEST|YIELD ANALYSIS|WAFER SORT TEST|FINAL LOT RELEASE|SHIP LOT|FINAL CD INSPECTION|FINAL PARTICLE INSPECTION|PARAMETRIC TEST|SWITCHING TEST|FINAL LOT RELEASE|SHIP LOT|FINAL CD INSPECTION|FINAL PARTICLE INSPECTION|PARAMETRIC TEST|SWITCHING TEST|FINAL LOT RELEASE|SHIP LOT|FINAL CD INSPECTION|FINAL PARTICLE INSPECTION|PARAMETRIC TEST|SWITCHING TEST|WAFER SORT TEST|FINAL LOT RELEASE|SHIP LOT|FINAL CD INSPECTION
valid_0332,CURE PASSIVATION|MEASURE PASSIVATION QUALITY|OPEN BOND PAD WINDOW|OPEN PAD WINDOW LITHO|DEVELOP PAD WINDOW|PASSIVATION ETCH PAD OPENING|STRIP PHOTORESIST|CLEAN PAD OPENING|MEASURE PAD OPENING|BACKSIDE GRIND|MEASURE WAFER THICKNESS|BACKSIDE ETCH CLEAN|BACKSIDE RINSE|BACKSIDE DRY|BACKSIDE METALLIZATION PREP|DEPOSIT BACKSIDE METAL|BACKSIDE ANNEAL|MEASURE BACKSIDE CONTACT|FINAL CLEAN|FINAL THICKNESS MEASURE|FINAL GEOMETRY CHECK|FINAL CD INSPECTION|FINAL PARTICLE INSPECTION|PARAMETRIC TEST|LEAKAGE TEST|BREAKDOWN VOLTAGE TEST|SWITCHING TEST|YIELD ANALYSIS|WAFER SORT TEST|FINAL LOT RELEASE|SHIP LOT|FINAL CD INSPECTION|FINAL PARTICLE INSPECTION|PARAMETRIC TEST|SWITCHING TEST|FINAL LOT RELEASE|SHIP LOT|FINAL CD INSPECTION|FINAL PARTICLE INSPECTION|PARAMETRIC TEST|SWITCHING TEST|FINAL LOT RELEASE|SHIP LOT|FINAL CD INSPECTION|FINAL PARTICLE INSPECTION|PARAMETRIC TEST|SWITCHING TEST|WAFER SORT TEST|FINAL LOT RELEASE|SHIP LOT|FINAL CD INSPECTION|FINAL PARTICLE INSPECTION|PARAMETRIC TEST|LEAKAGE TEST|BREAKDOWN VOLTAGE TEST|SWITCHING TEST|FINAL LOT RELEASE|SHIP LOT|FINAL CD INSPECTION|FINAL PARTICLE INSPECTION|PARAMETRIC TEST|SWITCHING TEST|FINAL LOT RELEASE|SHIP LOT|FINAL CD INSPECTION|FINAL PARTICLE INSPECTION|PARAMETRIC TEST|LEAKAGE TEST|BREAKDOWN VOLTAGE TEST|SWITCHING TEST|WAFER SORT TEST|FINAL LOT RELEASE|SHIP LOT|FINAL CD INSPECTION|FINAL PARTICLE INSPECTION|PARAMETRIC TEST|LEAKAGE TEST|BREAKDOWN VOLTAGE TEST|SWITCHING TEST|WAFER SORT TEST
valid_0333,DENSIFY DIELECTRIC|MEASURE FILM THICKNESS|CMP DIELECTRIC|MEASURE SURFACE PLANARITY|SPIN COAT PHOTORESIST|SOFT BAKE|ALIGN MASK LEVEL 5|EXPOSE LITHO LEVEL 5|DEVELOP PHOTORESIST|VIA OPENING INSPECTION|VIA ETCH|STRIP PHOTORESIST|CLEAN AFTER VIA ETCH|MEASURE VIA CD|DEPOSIT BARRIER METAL|DEPOSIT METAL SEED|FILL VIA METAL|CMP METAL|MEASURE VIA RESISTANCE|DEPOSIT METAL 1|ANNEAL METAL 1|SPIN COAT PHOTORESIST|SOFT BAKE|ALIGN MASK LEVEL 6|EXPOSE LITHO LEVEL 6|DEVELOP PHOTORESIST|METAL PATTERN INSPECTION|METAL ETCH DRY|STRIP RESIST|CLEAN AFTER METAL ETCH|MEASURE LINE WIDTH|DEPOSIT PASSIVATION|CURE PASSIVATION|MEASURE PASSIVATION QUALITY|OPEN BOND PAD WINDOW|OPEN PAD WINDOW LITHO|DEVELOP PAD WINDOW|PASSIVATION ETCH PAD OPENING|STRIP PHOTORESIST|CLEAN PAD OPENING|MEASURE PAD OPENING|BACKSIDE GRIND|MEASURE WAFER THICKNESS|BACKSIDE ETCH CLEAN|BACKSIDE RINSE|BACKSIDE DRY|BACKSIDE METALLIZATION PREP|DEPOSIT BACKSIDE METAL|BACKSIDE ANNEAL|MEASURE BACKSIDE CONTACT|FINAL CLEAN|FINAL THICKNESS MEASURE|FINAL GEOMETRY CHECK|FINAL CD INSPECTION|FINAL PARTICLE INSPECTION|PARAMETRIC TEST|LEAKAGE TEST|BREAKDOWN VOLTAGE TEST|SWITCHING TEST|YIELD ANALYSIS|WAFER SORT TEST|LOT RELEASE|SHIP LOT|FINAL CD INSPECTION|FINAL PARTICLE INSPECTION|PARAMETRIC TEST|SWITCHING TEST|FINAL LOT RELEASE|SHIP LOT|FINAL CD INSPECTION|FINAL PARTICLE INSPECTION|PARAMETRIC TEST|SWITCHING TEST|WAFER SORT TEST|FINAL LOT RELEASE|SHIP LOT|FINAL CD INSPECTION|FINAL PARTICLE INSPECTION|PARAMETRIC TEST|SWITCHING TEST
valid_0334,MEASURE LINE WIDTH|DEPOSIT PASSIVATION|CURE PASSIVATION|MEASURE PASSIVATION QUALITY|OPEN BOND PAD WINDOW|OPEN PAD WINDOW LITHO|DEVELOP PAD WINDOW|PASSIVATION ETCH PAD OPENING|STRIP PHOTORESIST|CLEAN PAD OPENING|MEASURE PAD OPENING|BACKSIDE GRIND|MEASURE WAFER THICKNESS|BACKSIDE ETCH CLEAN|BACKSIDE RINSE|BACKSIDE DRY|BACKSIDE METALLIZATION PREP|DEPOSIT BACKSIDE METAL|BACKSIDE ANNEAL|MEASURE BACKSIDE CONTACT|FINAL CLEAN|FINAL THICKNESS MEASURE|FINAL GEOMETRY CHECK|FINAL CD INSPECTION|FINAL PARTICLE INSPECTION|PARAMETRIC TEST|LEAKAGE TEST|BREAKDOWN VOLTAGE TEST|SWITCHING TEST|YIELD ANALYSIS|WAFER SORT TEST|LOT RELEASE|SHIP LOT|FINAL CD INSPECTION|FINAL PARTICLE INSPECTION|PARAMETRIC TEST|SWITCHING TEST|FINAL LOT RELEASE|SHIP LOT|FINAL CD INSPECTION|FINAL PARTICLE INSPECTION|PARAMETRIC TEST|SWITCHING TEST|WAFER SORT TEST|FINAL LOT RELEASE|SHIP LOT|FINAL CD INSPECTION|FINAL PARTICLE INSPECTION|PARAMETRIC TEST|SWITCHING TEST|FINAL LOT RELEASE|SHIP LOT|FINAL CD INSPECTION|FINAL PARTICLE INSPECTION|PARAMETRIC TEST|LEAKAGE TEST|BREAKDOWN VOLTAGE TEST|SWITCHING TEST|FINAL LOT RELEASE|SHIP LOT|FINAL CD INSPECTION|FINAL PARTICLE INSPECTION|PARAMETRIC TEST|LEAKAGE TEST|BREAKDOWN VOLTAGE TEST|SWITCHING TEST|WAFER SORT TEST|FINAL LOT RELEASE|SHIP LOT|FINAL CD INSPECTION|FINAL PARTICLE INSPECTION|PARAMETRIC TEST|LEAKAGE TEST|BREAKDOWN VOLTAGE TEST|SWITCHING TEST|WAFER SORT TEST|FINAL LOT RELEASE|SHIP LOT|FINAL CD INSPECTION|FINAL PARTICLE INSPECTION
valid_0335,CMP DIELECTRIC|MEASURE SURFACE PLANARITY|SPIN COAT PHOTORESIST|SOFT BAKE|ALIGN MASK LEVEL 5|EXPOSE LITHO LEVEL 5|DEVELOP PHOTORESIST|VIA OPENING INSPECTION|VIA ETCH|STRIP PHOTORESIST|CLEAN AFTER VIA ETCH|MEASURE VIA CD|DEPOSIT BARRIER METAL|DEPOSIT METAL SEED|FILL VIA METAL|CMP METAL|MEASURE VIA RESISTANCE|DEPOSIT METAL 1|ANNEAL METAL 1|SPIN COAT PHOTORESIST|SOFT BAKE|ALIGN MASK LEVEL 6|EXPOSE LITHO LEVEL 6|DEVELOP PHOTORESIST|METAL PATTERN INSPECTION|METAL ETCH DRY|STRIP PHOTORESIST|CLEAN AFTER METAL ETCH|MEASURE LINE WIDTH|DEPOSIT PASSIVATION|CURE PASSIVATION|MEASURE PASSIVATION QUALITY|OPEN BOND PAD WINDOW|OPEN PAD WINDOW LITHO|DEVELOP PHOTORESIST|PASSIVATION ETCH PAD OPENING|STRIP PHOTORESIST|CLEAN PAD OPENING|MEASURE PAD OPENING|BACKSIDE GRIND|MEASURE WAFER THICKNESS|BACKSIDE ETCH CLEAN|BACKSIDE RINSE|BACKSIDE DRY|BACKSIDE METALLIZATION PREP|DEPOSIT BACKSIDE METAL|BACKSIDE ANNEAL|MEASURE BACKSIDE CONTACT|FINAL CLEAN|FINAL THICKNESS MEASURE|FINAL GEOMETRY CHECK|FINAL CD INSPECTION|FINAL PARTICLE INSPECTION|PARAMETRIC TEST|LEAKAGE TEST|BREAKDOWN VOLTAGE TEST|SWITCHING TEST|YIELD ANALYSIS|WAFER SORT TEST|LOT RELEASE|SHIP LOT|FINAL CD INSPECTION|FINAL PARTICLE INSPECTION|PARAMETRIC TEST|SWITCHING TEST|FINAL LOT RELEASE|SHIP LOT|IMPLANT P BODY|BREAKDOWN VOLTAGE TEST|SWITCHING TEST|WAFER SORT TEST|FINAL LOT RELEASE|SHIP LOT|FINAL CD INSPECTION|FINAL PARTICLE INSPECTION|PARAMETRIC TEST|SWITCHING TEST|FINAL LOT RELEASE|SHIP LOT|FINAL CD INSPECTION
valid_0336,MEASURE PASSIVATION QUALITY|OPEN BOND PAD WINDOW|OPEN PAD WINDOW LITHO|DEVELOP PAD WINDOW|PASSIVATION ETCH PAD OPENING|STRIP PHOTORESIST|CLEAN PAD OPENING|MEASURE PAD OPENING|BACKSIDE GRIND|MEASURE WAFER THICKNESS|BACKSIDE ETCH CLEAN|BACKSIDE RINSE|BACKSIDE DRY|BACKSIDE METALLIZATION PREP|DEPOSIT BACKSIDE METAL|BACKSIDE ANNEAL|MEASURE BACKSIDE CONTACT|FINAL CLEAN|FINAL THICKNESS MEASURE|FINAL GEOMETRY CHECK|FINAL CD INSPECTION|FINAL PARTICLE INSPECTION|PARAMETRIC TEST|LEAKAGE TEST|BREAKDOWN VOLTAGE TEST|SWITCHING TEST|YIELD ANALYSIS|WAFER SORT TEST|LOT RELEASE|SHIP LOT|FINAL CD INSPECTION|FINAL PARTICLE INSPECTION|PARAMETRIC TEST|SWITCHING TEST|FINAL LOT RELEASE|SHIP LOT|FINAL CD INSPECTION|FINAL PARTICLE INSPECTION|PARAMETRIC TEST|SWITCHING TEST|WAFER SORT TEST|FINAL LOT RELEASE|SHIP LOT|FINAL CD INSPECTION|FINAL PARTICLE INSPECTION|PARAMETRIC TEST|SWITCHING TEST|FINAL LOT RELEASE|SHIP LOT|FINAL CD INSPECTION|FINAL PARTICLE INSPECTION|PARAMETRIC TEST|LEAKAGE TEST|BREAKDOWN VOLTAGE TEST|SWITCHING TEST|FINAL LOT RELEASE|SHIP LOT|FINAL CD INSPECTION|FINAL PARTICLE INSPECTION|PARAMETRIC TEST|SWITCHING TEST|WAFER SORT TEST|LOT RELEASE|SHIP LOT|IMPLANT P BODY|BREAKDOWN VOLTAGE TEST|SWITCHING TEST|WAFER SORT TEST|FINAL LOT RELEASE|SHIP LOT|FINAL CD INSPECTION|FINAL PARTICLE INSPECTION|PARAMETRIC TEST|LEAKAGE TEST|BREAKDOWN VOLTAGE TEST|SWITCHING TEST|WAFER SORT TEST|FINAL LOT RELEASE|SHIP LOT|FINAL CD INSPECTION
valid_0337,CMP DIELECTRIC|MEASURE SURFACE PLANARITY|SPIN COAT PHOTORESIST|SOFT BAKE|ALIGN MASK LEVEL 5|EXPOSE LITHO LEVEL 5|DEVELOP PHOTORESIST|VIA OPENING INSPECTION|VIA ETCH|STRIP PHOTORESIST|CLEAN AFTER VIA ETCH|MEASURE VIA CD|DEPOSIT BARRIER METAL|DEPOSIT METAL SEED|FILL VIA METAL|CMP METAL|MEASURE VIA RESISTANCE|DEPOSIT METAL 1|ANNEAL METAL 1|SPIN COAT PHOTORESIST|SOFT BAKE|ALIGN MASK LEVEL 6|EXPOSE LITHO LEVEL 6|DEVELOP PHOTORESIST|METAL PATTERN INSPECTION|METAL ETCH DRY|STRIP RESIST|CLEAN AFTER METAL ETCH|MEASURE LINE WIDTH|DEPOSIT PASSIVATION|CURE PASSIVATION|MEASURE PASSIVATION QUALITY|OPEN BOND PAD WINDOW|OPEN PAD WINDOW LITHO|DEVELOP PAD WINDOW|PASSIVATION ETCH PAD OPENING|STRIP PHOTORESIST|CLEAN PAD OPENING|MEASURE PAD OPENING|BACKSIDE GRIND|MEASURE WAFER THICKNESS|BACKSIDE ETCH CLEAN|BACKSIDE RINSE|BACKSIDE DRY|BACKSIDE METALLIZATION PREP|DEPOSIT BACKSIDE METAL|BACKSIDE ANNEAL|MEASURE BACKSIDE CONTACT|FINAL CLEAN|FINAL THICKNESS MEASURE|FINAL GEOMETRY CHECK|FINAL CD INSPECTION|FINAL PARTICLE INSPECTION|PARAMETRIC TEST|LEAKAGE TEST|BREAKDOWN VOLTAGE TEST|SWITCHING TEST|YIELD ANALYSIS|WAFER SORT TEST|LOT RELEASE|SHIP LOT|FINAL CD INSPECTION|FINAL PARTICLE INSPECTION|PARAMETRIC TEST|SWITCHING TEST|FINAL LOT RELEASE|SHIP LOT|FINAL CD INSPECTION|FINAL PARTICLE INSPECTION|PARAMETRIC TEST|SWITCHING TEST|WAFER SORT TEST|FINAL LOT RELEASE|SHIP LOT|FINAL CD INSPECTION|FINAL PARTICLE INSPECTION|PARAMETRIC TEST|SWITCHING TEST|FINAL LOT RELEASE|SHIP LOT
valid_0338,DEPOSIT PASSIVATION|CURE PASSIVATION|MEASURE PASSIVATION QUALITY|OPEN BOND PAD WINDOW|OPEN PAD WINDOW LITHO|DEVELOP PAD WINDOW|PASSIVATION ETCH PAD OPENING|STRIP PHOTORESIST|CLEAN PAD OPENING|MEASURE PAD OPENING|BACKSIDE GRIND|MEASURE WAFER THICKNESS|BACKSIDE ETCH CLEAN|BACKSIDE RINSE|BACKSIDE DRY|BACKSIDE METALLIZATION PREP|DEPOSIT BACKSIDE METAL|BACKSIDE ANNEAL|MEASURE BACKSIDE CONTACT|FINAL CLEAN|FINAL THICKNESS MEASURE|FINAL GEOMETRY CHECK|FINAL CD INSPECTION|FINAL PARTICLE INSPECTION|PARAMETRIC TEST|LEAKAGE TEST|BREAKDOWN VOLTAGE TEST|SWITCHING TEST|YIELD ANALYSIS|WAFER SORT TEST|LOT RELEASE|SHIP LOT|FINAL CD INSPECTION|FINAL PARTICLE INSPECTION|PARAMETRIC TEST|SWITCHING TEST|WAFER SORT TEST|LOT RELEASE|SHIP LOT|FINAL CD INSPECTION|FINAL PARTICLE INSPECTION|PARAMETRIC TEST|SWITCHING TEST|FINAL LOT RELEASE|SHIP LOT|FINAL CD INSPECTION|FINAL PARTICLE INSPECTION|PARAMETRIC TEST|LEAKAGE TEST|BREAKDOWN VOLTAGE TEST|SWITCHING TEST|FINAL LOT RELEASE|SHIP LOT|FINAL CD INSPECTION|FINAL PARTICLE INSPECTION|PARAMETRIC TEST|SWITCHING TEST|WAFER SORT TEST|FINAL LOT RELEASE|SHIP LOT|FINAL CD INSPECTION|FINAL PARTICLE INSPECTION|PARAMETRIC TEST|LEAKAGE TEST|BREAKDOWN VOLTAGE TEST|SWITCHING TEST|WAFER SORT TEST|FINAL LOT RELEASE|SHIP LOT|FINAL CD INSPECTION|FINAL PARTICLE INSPECTION|PARAMETRIC TEST|LEAKAGE TEST|BREAKDOWN VOLTAGE TEST|SWITCHING TEST|WAFER SORT TEST|FINAL LOT RELEASE|SHIP LOT|FINAL CD INSPECTION|FINAL PARTICLE INSPECTION
valid_0339,SOFT BAKE|ALIGN MASK LEVEL 5|EXPOSE LITHO LEVEL 5|DEVELOP PHOTORESIST|VIA OPENING INSPECTION|VIA ETCH|STRIP PHOTORESIST|CLEAN AFTER VIA ETCH|MEASURE VIA CD|DEPOSIT BARRIER METAL|DEPOSIT METAL SEED|FILL VIA METAL|CMP METAL|MEASURE VIA RESISTANCE|DEPOSIT TOP METAL|ANNEAL METAL 1|SPIN COAT PHOTORESIST|SOFT BAKE|ALIGN MASK LEVEL 6|EXPOSE LITHO LEVEL 6|DEVELOP PHOTORESIST|METAL PATTERN INSPECTION|METAL ETCH DRY|STRIP PHOTORESIST|CLEAN AFTER METAL ETCH|MEASURE LINE WIDTH|DEPOSIT PASSIVATION|CURE PASSIVATION|MEASURE PASSIVATION QUALITY|OPEN BOND PAD WINDOW|OPEN PAD WINDOW LITHO|DEVELOP PAD WINDOW|PASSIVATION ETCH PAD OPENING|STRIP PHOTORESIST|CLEAN PAD OPENING|MEASURE PAD OPENING|BACKSIDE GRIND|MEASURE WAFER THICKNESS|BACKSIDE ETCH CLEAN|BACKSIDE RINSE|BACKSIDE DRY|BACKSIDE METALLIZATION PREP|DEPOSIT BACKSIDE METAL|BACKSIDE ANNEAL|MEASURE BACKSIDE CONTACT|FINAL CLEAN|FINAL THICKNESS MEASURE|FINAL GEOMETRY CHECK|FINAL CD INSPECTION|FINAL PARTICLE INSPECTION|PARAMETRIC TEST|LEAKAGE TEST|BREAKDOWN VOLTAGE TEST|SWITCHING TEST|YIELD ANALYSIS|WAFER SORT TEST|LOT RELEASE|SHIP LOT|FINAL CD INSPECTION|FINAL PARTICLE INSPECTION|PARAMETRIC TEST|SWITCHING TEST|FINAL LOT RELEASE|SHIP LOT|FINAL CD INSPECTION|FINAL PARTICLE INSPECTION|PARAMETRIC TEST|SWITCHING TEST|FINAL LOT RELEASE|SHIP LOT|FINAL CD INSPECTION|FINAL PARTICLE INSPECTION|PARAMETRIC TEST|SWITCHING TEST|WAFER SORT TEST|FINAL LOT RELEASE|SHIP LOT|FINAL CD INSPECTION|FINAL PARTICLE INSPECTION|PARAMETRIC TEST
valid_0340,CURE PASSIVATION|MEASURE PASSIVATION QUALITY|OPEN BOND PAD WINDOW|OPEN PAD WINDOW LITHO|DEVELOP PHOTORESIST|PASSIVATION ETCH PAD OPENING|STRIP PHOTORESIST|CLEAN PAD OPENING|MEASURE PAD OPENING|BACKSIDE GRIND|MEASURE WAFER THICKNESS|BACKSIDE ETCH CLEAN|BACKSIDE RINSE|BACKSIDE DRY|BACKSIDE METALLIZATION PREP|DEPOSIT BACKSIDE METAL|BACKSIDE ANNEAL|MEASURE BACKSIDE CONTACT|FINAL CLEAN|FINAL THICKNESS MEASURE|FINAL GEOMETRY CHECK|FINAL CD INSPECTION|FINAL PARTICLE INSPECTION|PARAMETRIC TEST|LEAKAGE TEST|BREAKDOWN VOLTAGE TEST|SWITCHING TEST|YIELD ANALYSIS|WAFER SORT TEST|LOT RELEASE|SHIP LOT|FINAL CD INSPECTION|FINAL PARTICLE INSPECTION|PARAMETRIC TEST|SWITCHING TEST|FINAL LOT RELEASE|SHIP LOT|FINAL CD INSPECTION|FINAL PARTICLE INSPECTION|PARAMETRIC TEST|SWITCHING TEST|WAFER SORT TEST|FINAL LOT RELEASE|SHIP LOT|FINAL CD INSPECTION|FINAL PARTICLE INSPECTION|PARAMETRIC TEST|SWITCHING TEST|FINAL LOT RELEASE|SHIP LOT|FINAL CD INSPECTION|FINAL PARTICLE INSPECTION|PARAMETRIC TEST|LEAKAGE TEST|BREAKDOWN VOLTAGE TEST|SWITCHING TEST|FINAL LOT RELEASE|SHIP LOT|FINAL CD INSPECTION|FINAL PARTICLE INSPECTION|PARAMETRIC TEST|SWITCHING TEST|WAFER SORT TEST|LOT RELEASE|SHIP LOT|IMPLANT P BODY|BREAKDOWN VOLTAGE TEST|SWITCHING TEST|WAFER SORT TEST|FINAL LOT RELEASE|SHIP LOT|FINAL CD INSPECTION|FINAL PARTICLE INSPECTION|PARAMETRIC TEST|LEAKAGE TEST|BREAKDOWN VOLTAGE TEST|SWITCHING TEST|WAFER SORT TEST|FINAL LOT RELEASE|SHIP LOT
valid_0341,SPIN COAT PHOTORESIST|SOFT BAKE|ALIGN MASK LEVEL 5|EXPOSE LITHO LEVEL 5|DEVELOP PHOTORESIST|VIA OPENING INSPECTION|VIA ETCH|STRIP PHOTORESIST|CLEAN AFTER VIA ETCH|MEASURE VIA CD|DEPOSIT BARRIER METAL|DEPOSIT METAL SEED|FILL VIA METAL|CMP METAL|MEASURE VIA RESISTANCE|DEPOSIT METAL 1|ANNEAL METAL|SPIN COAT PHOTORESIST|SOFT BAKE|ALIGN MASK LEVEL 6|EXPOSE LITHO LEVEL 6|DEVELOP PHOTORESIST|METAL PATTERN INSPECTION|METAL ETCH DRY|STRIP PHOTORESIST|CLEAN AFTER METAL ETCH|MEASURE LINE WIDTH|DEPOSIT PASSIVATION|CURE PASSIVATION|MEASURE PASSIVATION QUALITY|OPEN BOND PAD WINDOW|OPEN PAD WINDOW LITHO|DEVELOP PAD WINDOW|PASSIVATION ETCH PAD OPENING|STRIP PHOTORESIST|CLEAN PAD OPENING|MEASURE PAD OPENING|BACKSIDE GRIND|MEASURE WAFER THICKNESS|BACKSIDE ETCH CLEAN|BACKSIDE RINSE|BACKSIDE DRY|BACKSIDE METALLIZATION PREP|DEPOSIT BACKSIDE METAL|BACKSIDE ANNEAL|MEASURE BACKSIDE CONTACT|FINAL CLEAN|FINAL THICKNESS MEASURE|FINAL GEOMETRY CHECK|FINAL CD INSPECTION|FINAL PARTICLE INSPECTION|PARAMETRIC TEST|LEAKAGE TEST|BREAKDOWN VOLTAGE TEST|SWITCHING TEST|YIELD ANALYSIS|WAFER SORT TEST|FINAL LOT RELEASE|SHIP LOT|FINAL CD INSPECTION|FINAL PARTICLE INSPECTION|PARAMETRIC TEST|SWITCHING TEST|FINAL LOT RELEASE|SHIP LOT|FINAL CD INSPECTION|FINAL PARTICLE INSPECTION|PARAMETRIC TEST|SWITCHING TEST|FINAL LOT RELEASE|SHIP LOT|IMPLANT P BODY|BREAKDOWN VOLTAGE TEST|SWITCHING TEST|WAFER SORT TEST|FINAL LOT RELEASE|SHIP LOT|FINAL CD INSPECTION|FINAL PARTICLE INSPECTION|PARAMETRIC TEST
valid_0342,OPEN BOND PAD WINDOW|OPEN PAD WINDOW LITHO|DEVELOP PAD WINDOW|PASSIVATION ETCH PAD OPENING|STRIP PHOTORESIST|CLEAN PAD OPENING|MEASURE PAD OPENING|BACKSIDE GRIND|MEASURE WAFER THICKNESS|BACKSIDE ETCH CLEAN|BACKSIDE RINSE|BACKSIDE DRY|BACKSIDE METALLIZATION PREP|DEPOSIT BACKSIDE METAL|BACKSIDE ANNEAL|MEASURE BACKSIDE CONTACT|FINAL CLEAN|FINAL THICKNESS MEASURE|FINAL GEOMETRY CHECK|FINAL CD INSPECTION|FINAL PARTICLE INSPECTION|PARAMETRIC TEST|LEAKAGE TEST|BREAKDOWN VOLTAGE TEST|SWITCHING TEST|YIELD ANALYSIS|WAFER SORT TEST|FINAL LOT RELEASE|SHIP LOT|FINAL CD INSPECTION|FINAL PARTICLE INSPECTION|PARAMETRIC TEST|SWITCHING TEST|WAFER SORT TEST|LOT RELEASE|SHIP LOT|FINAL CD INSPECTION|FINAL PARTICLE INSPECTION|PARAMETRIC TEST|SWITCHING TEST|FINAL LOT RELEASE|SHIP LOT|IMPLANT P BODY|BREAKDOWN VOLTAGE TEST|SWITCHING TEST|FINAL LOT RELEASE|SHIP LOT|FINAL CD INSPECTION|FINAL PARTICLE INSPECTION|PARAMETRIC TEST|SWITCHING TEST|FINAL LOT RELEASE|SHIP LOT|FINAL CD INSPECTION|FINAL PARTICLE INSPECTION|PARAMETRIC TEST|LEAKAGE TEST|BREAKDOWN VOLTAGE TEST|SWITCHING TEST|FINAL LOT RELEASE|SHIP LOT|FINAL CD INSPECTION|FINAL PARTICLE INSPECTION|PARAMETRIC TEST|SWITCHING TEST|WAFER SORT TEST|FINAL LOT RELEASE|SHIP LOT|FINAL CD INSPECTION|FINAL PARTICLE INSPECTION|PARAMETRIC TEST|LEAKAGE TEST|BREAKDOWN VOLTAGE TEST|SWITCHING TEST|WAFER SORT TEST|FINAL LOT RELEASE|SHIP LOT|FINAL CD INSPECTION|FINAL PARTICLE INSPECTION|PARAMETRIC TEST
valid_0343,SPIN COAT PHOTORESIST|SOFT BAKE|ALIGN MASK LEVEL 5|EXPOSE LITHO LEVEL 5|DEVELOP PHOTORESIST|VIA OPENING INSPECTION|VIA ETCH|STRIP PHOTORESIST|CLEAN AFTER VIA ETCH|MEASURE VIA CD|DEPOSIT BARRIER METAL|DEPOSIT METAL SEED|FILL VIA METAL|CMP METAL|MEASURE VIA RESISTANCE|DEPOSIT TOP METAL|ANNEAL METAL 1|SPIN COAT PHOTORESIST|SOFT BAKE|ALIGN MASK LEVEL 6|EXPOSE LITHO LEVEL 6|DEVELOP PHOTORESIST|METAL PATTERN INSPECTION|METAL ETCH DRY|STRIP PHOTORESIST|CLEAN AFTER METAL ETCH|MEASURE LINE WIDTH|DEPOSIT PASSIVATION|CURE PASSIVATION|MEASURE PASSIVATION QUALITY|OPEN BOND PAD WINDOW|OPEN PAD WINDOW LITHO|DEVELOP PAD WINDOW|PASSIVATION ETCH PAD OPENING|STRIP PHOTORESIST|CLEAN PAD OPENING|MEASURE PAD OPENING|BACKSIDE GRIND|MEASURE WAFER THICKNESS|BACKSIDE ETCH CLEAN|BACKSIDE RINSE|BACKSIDE DRY|BACKSIDE METALLIZATION PREP|DEPOSIT BACKSIDE METAL|BACKSIDE ANNEAL|MEASURE BACKSIDE CONTACT|FINAL CLEAN|FINAL THICKNESS MEASURE|FINAL GEOMETRY CHECK|FINAL CD INSPECTION|FINAL PARTICLE INSPECTION|PARAMETRIC TEST|LEAKAGE TEST|BREAKDOWN VOLTAGE TEST|SWITCHING TEST|YIELD ANALYSIS|WAFER SORT TEST|LOT RELEASE|SHIP LOT|FINAL CD INSPECTION|FINAL PARTICLE INSPECTION|PARAMETRIC TEST|SWITCHING TEST|FINAL LOT RELEASE|SHIP LOT|FINAL CD INSPECTION|FINAL PARTICLE INSPECTION|PARAMETRIC TEST|SWITCHING TEST|FINAL LOT RELEASE|SHIP LOT|FINAL CD INSPECTION|FINAL PARTICLE INSPECTION|PARAMETRIC TEST|SWITCHING TEST|FINAL LOT RELEASE|SHIP LOT|FINAL CD INSPECTION|FINAL PARTICLE INSPECTION|PARAMETRIC TEST
valid_0344,MEASURE PASSIVATION QUALITY|OPEN BOND PAD WINDOW|OPEN PAD WINDOW LITHO|DEVELOP PAD WINDOW|PASSIVATION ETCH PAD OPENING|STRIP PHOTORESIST|CLEAN PAD OPENING|MEASURE PAD OPENING|BACKSIDE GRIND|MEASURE WAFER THICKNESS|BACKSIDE ETCH CLEAN|BACKSIDE RINSE|BACKSIDE DRY|BACKSIDE METALLIZATION PREP|DEPOSIT BACKSIDE METAL|BACKSIDE ANNEAL|MEASURE BACKSIDE CONTACT|FINAL CLEAN|FINAL THICKNESS MEASURE|FINAL GEOMETRY CHECK|FINAL CD INSPECTION|FINAL PARTICLE INSPECTION|PARAMETRIC TEST|LEAKAGE TEST|BREAKDOWN VOLTAGE TEST|SWITCHING TEST|YIELD ANALYSIS|WAFER SORT TEST|LOT RELEASE|SHIP LOT|FINAL CD INSPECTION|FINAL PARTICLE INSPECTION|PARAMETRIC TEST|SWITCHING TEST|FINAL LOT RELEASE|SHIP LOT|FINAL CD INSPECTION|FINAL PARTICLE INSPECTION|PARAMETRIC TEST|SWITCHING TEST|WAFER SORT TEST|FINAL LOT RELEASE|SHIP LOT|FINAL CD INSPECTION|FINAL PARTICLE INSPECTION|PARAMETRIC TEST|SWITCHING TEST|FINAL LOT RELEASE|SHIP LOT|FINAL CD INSPECTION|FINAL PARTICLE INSPECTION|PARAMETRIC TEST|LEAKAGE TEST|BREAKDOWN VOLTAGE TEST|SWITCHING TEST|FINAL LOT RELEASE|SHIP LOT|FINAL CD INSPECTION|FINAL PARTICLE INSPECTION|PARAMETRIC TEST|SWITCHING TEST|WAFER SORT TEST|LOT RELEASE|SHIP LOT|IMPLANT P BODY|BREAKDOWN VOLTAGE TEST|SWITCHING TEST|WAFER SORT TEST|FINAL LOT RELEASE|SHIP LOT|FINAL CD INSPECTION|FINAL PARTICLE INSPECTION|PARAMETRIC TEST|LEAKAGE TEST|BREAKDOWN VOLTAGE TEST|SWITCHING TEST|WAFER SORT TEST|FINAL LOT RELEASE|SHIP LOT|FINAL CD INSPECTION
valid_0345,SPIN COAT PHOTORESIST|SOFT BAKE|ALIGN MASK LEVEL 5|EXPOSE LITHO LEVEL 5|DEVELOP PHOTORESIST|VIA OPENING INSPECTION|VIA ETCH|STRIP PHOTORESIST|CLEAN AFTER VIA ETCH|MEASURE VIA CD|DEPOSIT BARRIER METAL|DEPOSIT METAL SEED|FILL VIA METAL|CMP METAL|MEASURE VIA RESISTANCE|DEPOSIT TOP METAL|ANNEAL METAL 1|SPIN COAT PHOTORESIST|SOFT BAKE|ALIGN MASK LEVEL 6|EXPOSE LITHO LEVEL 6|DEVELOP PHOTORESIST|METAL PATTERN INSPECTION|METAL ETCH DRY|STRIP PHOTORESIST|CLEAN AFTER METAL ETCH|MEASURE LINE WIDTH|DEPOSIT PASSIVATION|CURE PASSIVATION|MEASURE PASSIVATION QUALITY|OPEN BOND PAD WINDOW|OPEN PAD WINDOW LITHO|DEVELOP PAD WINDOW|PASSIVATION ETCH PAD OPENING|STRIP PHOTORESIST|CLEAN PAD OPENING|MEASURE PAD OPENING|BACKSIDE GRIND|MEASURE WAFER THICKNESS|BACKSIDE ETCH CLEAN|BACKSIDE RINSE|BACKSIDE DRY|BACKSIDE METALLIZATION PREP|DEPOSIT BACKSIDE METAL|BACKSIDE ANNEAL|MEASURE BACKSIDE CONTACT|FINAL CLEAN|FINAL THICKNESS MEASURE|FINAL GEOMETRY CHECK|FINAL CD INSPECTION|FINAL PARTICLE INSPECTION|PARAMETRIC TEST|LEAKAGE TEST|BREAKDOWN VOLTAGE TEST|SWITCHING TEST|YIELD ANALYSIS|WAFER SORT TEST|LOT RELEASE|SHIP LOT|FINAL CD INSPECTION|FINAL PARTICLE INSPECTION|PARAMETRIC TEST|SWITCHING TEST|FINAL LOT RELEASE|SHIP LOT|FINAL CD INSPECTION|FINAL PARTICLE INSPECTION|PARAMETRIC TEST|SWITCHING TEST|FINAL LOT RELEASE|SHIP LOT|FINAL CD INSPECTION|FINAL PARTICLE INSPECTION|PARAMETRIC TEST|SWITCHING TEST|FINAL LOT RELEASE|SHIP LOT|FINAL CD INSPECTION|FINAL PARTICLE INSPECTION|PARAMETRIC TEST
valid_0346,MEASURE PASSIVATION QUALITY|OPEN BOND PAD WINDOW|OPEN PAD WINDOW LITHO|DEVELOP PAD WINDOW|PASSIVATION ETCH PAD OPENING|STRIP PHOTORESIST|CLEAN PAD OPENING|MEASURE PAD OPENING|BACKSIDE GRIND|MEASURE WAFER THICKNESS|BACKSIDE ETCH CLEAN|BACKSIDE RINSE|BACKSIDE DRY|BACKSIDE METALLIZATION PREP|DEPOSIT BACKSIDE METAL|BACKSIDE ANNEAL|MEASURE BACKSIDE CONTACT|FINAL CLEAN|FINAL THICKNESS MEASURE|FINAL GEOMETRY CHECK|FINAL CD INSPECTION|FINAL PARTICLE INSPECTION|PARAMETRIC TEST|LEAKAGE TEST|BREAKDOWN VOLTAGE TEST|SWITCHING TEST|YIELD ANALYSIS|WAFER SORT TEST|LOT RELEASE|SHIP LOT|FINAL CD INSPECTION|FINAL PARTICLE INSPECTION|PARAMETRIC TEST|SWITCHING TEST|FINAL LOT RELEASE|SHIP LOT|FINAL CD INSPECTION|FINAL PARTICLE INSPECTION|PARAMETRIC TEST|SWITCHING TEST|FINAL LOT RELEASE|SHIP LOT|FINAL CD INSPECTION|FINAL PARTICLE INSPECTION|PARAMETRIC TEST|SWITCHING TEST|FINAL LOT RELEASE|SHIP LOT|FINAL CD INSPECTION|FINAL PARTICLE INSPECTION|PARAMETRIC TEST|LEAKAGE TEST|BREAKDOWN VOLTAGE TEST|SWITCHING TEST|FINAL LOT RELEASE|SHIP LOT|FINAL CD INSPECTION|FINAL PARTICLE INSPECTION|PARAMETRIC TEST|SWITCHING TEST|WAFER SORT TEST|FINAL LOT RELEASE|SHIP LOT|FINAL CD INSPECTION|FINAL PARTICLE INSPECTION|PARAMETRIC TEST|LEAKAGE TEST|BREAKDOWN VOLTAGE TEST|SWITCHING TEST|WAFER SORT TEST|FINAL LOT RELEASE|SHIP LOT|FINAL CD INSPECTION|FINAL PARTICLE INSPECTION|PARAMETRIC TEST|LEAKAGE TEST|BREAKDOWN VOLTAGE TEST|SWITCHING TEST|WAFER SORT TEST|FINAL LOT RELEASE
valid_0347,CMP DIELECTRIC|MEASURE SURFACE PLANARITY|SPIN COAT PHOTORESIST|SOFT BAKE|ALIGN MASK LEVEL 5|EXPOSE LITHO LEVEL 5|DEVELOP PHOTORESIST|VIA OPENING INSPECTION|VIA ETCH|STRIP PHOTORESIST|CLEAN AFTER VIA ETCH|MEASURE VIA CD|DEPOSIT BARRIER METAL|DEPOSIT METAL SEED|FILL VIA METAL|CMP METAL|MEASURE VIA RESISTANCE|DEPOSIT METAL 1|ANNEAL METAL 1|SPIN COAT PHOTORESIST|SOFT BAKE|ALIGN MASK LEVEL 6|EXPOSE LITHO LEVEL 6|DEVELOP PHOTORESIST|METAL PATTERN INSPECTION|METAL ETCH DRY|STRIP PHOTORESIST|CLEAN AFTER METAL ETCH|MEASURE LINE WIDTH|DEPOSIT PASSIVATION|CURE PASSIVATION|MEASURE PASSIVATION QUALITY|OPEN BOND PAD WINDOW|OPEN PAD WINDOW LITHO|DEVELOP PAD WINDOW|PASSIVATION ETCH PAD OPENING|STRIP PHOTORESIST|CLEAN PAD OPENING|MEASURE PAD OPENING|BACKSIDE GRIND|MEASURE WAFER THICKNESS|BACKSIDE ETCH CLEAN|BACKSIDE RINSE|BACKSIDE DRY|BACKSIDE METALLIZATION PREP|DEPOSIT BACKSIDE METAL|BACKSIDE ANNEAL|MEASURE BACKSIDE CONTACT|FINAL CLEAN|FINAL THICKNESS MEASURE|FINAL GEOMETRY CHECK|FINAL CD INSPECTION|FINAL PARTICLE INSPECTION|PARAMETRIC TEST|LEAKAGE TEST|BREAKDOWN VOLTAGE TEST|SWITCHING TEST|YIELD ANALYSIS|WAFER SORT TEST|LOT RELEASE|SHIP LOT|FINAL CD INSPECTION|FINAL PARTICLE INSPECTION|PARAMETRIC TEST|SWITCHING TEST|FINAL LOT RELEASE|SHIP LOT|FINAL CD INSPECTION|FINAL PARTICLE INSPECTION|PARAMETRIC TEST|SWITCHING TEST|WAFER SORT TEST|FINAL LOT RELEASE|SHIP LOT|FINAL CD INSPECTION|FINAL PARTICLE INSPECTION|PARAMETRIC TEST|SWITCHING TEST|FINAL LOT RELEASE|SHIP LOT
valid_0348,DEPOSIT PASSIVATION|CURE PASSIVATION|MEASURE PASSIVATION QUALITY|OPEN BOND PAD WINDOW|OPEN PAD WINDOW LITHO|DEVELOP PAD WINDOW|PASSIVATION ETCH PAD OPENING|STRIP PHOTORESIST|CLEAN PAD OPENING|MEASURE PAD OPENING|BACKSIDE GRIND|MEASURE WAFER THICKNESS|BACKSIDE ETCH CLEAN|BACKSIDE RINSE|BACKSIDE DRY|BACKSIDE METALLIZATION PREP|DEPOSIT BACKSIDE METAL|BACKSIDE ANNEAL|MEASURE BACKSIDE CONTACT|FINAL CLEAN|FINAL THICKNESS MEASURE|FINAL GEOMETRY CHECK|FINAL CD INSPECTION|FINAL PARTICLE INSPECTION|PARAMETRIC TEST|LEAKAGE TEST|BREAKDOWN VOLTAGE TEST|SWITCHING TEST|YIELD ANALYSIS|WAFER SORT TEST|LOT RELEASE|SHIP LOT|FINAL CD INSPECTION|FINAL PARTICLE INSPECTION|PARAMETRIC TEST|SWITCHING TEST|FINAL LOT RELEASE|SHIP LOT|FINAL CD INSPECTION|FINAL PARTICLE INSPECTION|PARAMETRIC TEST|SWITCHING TEST|WAFER SORT TEST|FINAL LOT RELEASE|SHIP LOT|FINAL CD INSPECTION|FINAL PARTICLE INSPECTION|PARAMETRIC TEST|SWITCHING TEST|FINAL LOT RELEASE|SHIP LOT|FINAL CD INSPECTION|FINAL PARTICLE INSPECTION|PARAMETRIC TEST|LEAKAGE TEST|BREAKDOWN VOLTAGE TEST|SWITCHING TEST|FINAL LOT RELEASE|SHIP LOT|FINAL CD INSPECTION|FINAL PARTICLE INSPECTION|PARAMETRIC TEST|LEAKAGE TEST|BREAKDOWN VOLTAGE TEST|SWITCHING TEST|WAFER SORT TEST|FINAL LOT RELEASE|SHIP LOT|FINAL CD INSPECTION|FINAL PARTICLE INSPECTION|PARAMETRIC TEST|LEAKAGE TEST|BREAKDOWN VOLTAGE TEST|SWITCHING TEST|WAFER SORT TEST|FINAL LOT RELEASE|SHIP LOT|FINAL CD INSPECTION|FINAL PARTICLE INSPECTION|PARAMETRIC TEST
valid_0349,DEPOSIT INTERLEVEL DIELECTRIC|DENSIFY DIELECTRIC|MEASURE FILM THICKNESS|CMP DIELECTRIC|MEASURE SURFACE PLANARITY|SPIN COAT PHOTORESIST|SOFT BAKE|ALIGN MASK LEVEL 5|EXPOSE LITHO LEVEL 5|DEVELOP PHOTORESIST|VIA OPENING INSPECTION|VIA ETCH|STRIP PHOTORESIST|CLEAN AFTER VIA ETCH|MEASURE VIA CD|DEPOSIT BARRIER METAL|DEPOSIT METAL SEED|FILL VIA METAL|CMP METAL|MEASURE VIA RESISTANCE|DEPOSIT METAL 1|ANNEAL METAL 1|SPIN COAT PHOTORESIST|SOFT BAKE|ALIGN MASK LEVEL 6|EXPOSE LITHO LEVEL 6|DEVELOP PHOTORESIST|METAL PATTERN INSPECTION|METAL ETCH DRY|STRIP RESIST|CLEAN AFTER METAL ETCH|MEASURE LINE WIDTH|DEPOSIT PASSIVATION|CURE PASSIVATION|MEASURE PASSIVATION QUALITY|OPEN BOND PAD WINDOW|OPEN PAD WINDOW LITHO|DEVELOP PAD WINDOW|PASSIVATION ETCH PAD OPENING|STRIP RESIST|CLEAN PAD OPENING|MEASURE PAD OPENING|BACKSIDE GRIND|MEASURE WAFER THICKNESS|BACKSIDE ETCH CLEAN|BACKSIDE RINSE|BACKSIDE DRY|BACKSIDE METALLIZATION PREP|DEPOSIT BACKSIDE METAL|BACKSIDE ANNEAL|MEASURE BACKSIDE CONTACT|FINAL CLEAN|FINAL THICKNESS MEASURE|FINAL GEOMETRY CHECK|FINAL CD INSPECTION|FINAL PARTICLE INSPECTION|PARAMETRIC TEST|LEAKAGE TEST|BREAKDOWN VOLTAGE TEST|SWITCHING TEST|YIELD ANALYSIS|WAFER SORT TEST|FINAL LOT RELEASE|SHIP LOT|FINAL CD INSPECTION|FINAL PARTICLE INSPECTION|PARAMETRIC TEST|SWITCHING TEST|WAFER SORT TEST|FINAL LOT RELEASE|SHIP LOT|FINAL CD INSPECTION|FINAL PARTICLE INSPECTION|PARAMETRIC TEST|SWITCHING TEST|FINAL LOT RELEASE|SHIP LOT|FINAL CD INSPECTION|FINAL PARTICLE INSPECTION|PARAMETRIC TEST
valid_0350,CLEAN AFTER METAL ETCH|MEASURE LINE WIDTH|DEPOSIT PASSIVATION|CURE PASSIVATION|MEASURE PASSIVATION QUALITY|OPEN BOND PAD WINDOW|OPEN PAD WINDOW LITHO|DEVELOP PAD WINDOW|PASSIVATION ETCH PAD OPENING|STRIP RESIST|CLEAN PAD OPENING|MEASURE PAD OPENING|BACKSIDE GRIND|MEASURE WAFER THICKNESS|BACKSIDE ETCH CLEAN|BACKSIDE RINSE|BACKSIDE DRY|BACKSIDE METALLIZATION PREP|DEPOSIT BACKSIDE METAL|BACKSIDE ANNEAL|MEASURE BACKSIDE CONTACT|FINAL CLEAN|FINAL THICKNESS MEASURE|FINAL GEOMETRY CHECK|FINAL CD INSPECTION|FINAL PARTICLE INSPECTION|PARAMETRIC TEST|LEAKAGE TEST|BREAKDOWN VOLTAGE TEST|SWITCHING TEST|YIELD ANALYSIS|WAFER SORT TEST|FINAL LOT RELEASE|SHIP LOT|FINAL CD INSPECTION|FINAL PARTICLE INSPECTION|PARAMETRIC TEST|SWITCHING TEST|WAFER SORT TEST|FINAL LOT RELEASE|SHIP LOT|FINAL CD INSPECTION|FINAL PARTICLE INSPECTION|PARAMETRIC TEST|SWITCHING TEST|FINAL LOT RELEASE|SHIP LOT|FINAL CD INSPECTION|FINAL PARTICLE INSPECTION|PARAMETRIC TEST|LEAKAGE TEST|BREAKDOWN VOLTAGE TEST|SWITCHING TEST|FINAL LOT RELEASE|SHIP LOT|FINAL CD INSPECTION|FINAL PARTICLE INSPECTION|PARAMETRIC TEST|SWITCHING TEST|WAFER SORT TEST|FINAL LOT RELEASE|SHIP LOT|IMPLANT P BODY|LEAKAGE TEST|BREAKDOWN VOLTAGE TEST|SWITCHING TEST|WAFER SORT TEST|FINAL LOT RELEASE|SHIP LOT|FINAL CD INSPECTION|FINAL PARTICLE INSPECTION|PARAMETRIC TEST|LEAKAGE TEST|BREAKDOWN VOLTAGE TEST|SWITCHING TEST|WAFER SORT TEST|FINAL LOT RELEASE|SHIP LOT|FINAL CD INSPECTION|FINAL PARTICLE INSPECTION
valid_0351,CMP DIELECTRIC|MEASURE SURFACE PLANARITY|SPIN COAT PHOTORESIST|SOFT BAKE|ALIGN MASK LEVEL 5|EXPOSE LITHO LEVEL 5|DEVELOP PHOTORESIST|VIA OPENING INSPECTION|VIA ETCH|STRIP PHOTORESIST|CLEAN AFTER VIA ETCH|MEASURE VIA CD|DEPOSIT BARRIER METAL|DEPOSIT METAL SEED|FILL VIA METAL|CMP METAL|MEASURE VIA RESISTANCE|DEPOSIT METAL 1|ANNEAL METAL 1|SPIN COAT PHOTORESIST|SOFT BAKE|ALIGN MASK LEVEL 6|EXPOSE LITHO LEVEL 6|DEVELOP PHOTORESIST|METAL PATTERN INSPECTION|METAL ETCH DRY|STRIP PHOTORESIST|CLEAN AFTER METAL ETCH|MEASURE LINE WIDTH|DEPOSIT PASSIVATION|CURE PASSIVATION|MEASURE PASSIVATION QUALITY|OPEN BOND PAD WINDOW|OPEN PAD WINDOW LITHO|DEVELOP PHOTORESIST|PASSIVATION ETCH PAD OPENING|STRIP PHOTORESIST|CLEAN PAD OPENING|MEASURE PAD OPENING|BACKSIDE GRIND|MEASURE WAFER THICKNESS|BACKSIDE ETCH CLEAN|BACKSIDE RINSE|BACKSIDE DRY|BACKSIDE METALLIZATION PREP|DEPOSIT BACKSIDE METAL|BACKSIDE ANNEAL|MEASURE BACKSIDE CONTACT|FINAL CLEAN|FINAL THICKNESS MEASURE|FINAL GEOMETRY CHECK|FINAL CD INSPECTION|FINAL PARTICLE INSPECTION|PARAMETRIC TEST|LEAKAGE TEST|BREAKDOWN VOLTAGE TEST|SWITCHING TEST|YIELD ANALYSIS|WAFER SORT TEST|LOT RELEASE|SHIP LOT|FINAL CD INSPECTION|FINAL PARTICLE INSPECTION|PARAMETRIC TEST|SWITCHING TEST|FINAL LOT RELEASE|SHIP LOT|FINAL CD INSPECTION|FINAL PARTICLE INSPECTION|PARAMETRIC TEST|SWITCHING TEST|WAFER SORT TEST|FINAL LOT RELEASE|SHIP LOT|FINAL CD INSPECTION|FINAL PARTICLE INSPECTION|PARAMETRIC TEST|SWITCHING TEST|FINAL LOT RELEASE|SHIP LOT
valid_0352,DEPOSIT PASSIVATION|CURE PASSIVATION|MEASURE PASSIVATION QUALITY|OPEN BOND PAD WINDOW|OPEN PAD WINDOW LITHO|DEVELOP PAD WINDOW|PASSIVATION ETCH PAD OPENING|STRIP PHOTORESIST|CLEAN PAD OPENING|MEASURE PAD OPENING|BACKSIDE GRIND|MEASURE WAFER THICKNESS|BACKSIDE ETCH CLEAN|BACKSIDE RINSE|BACKSIDE DRY|BACKSIDE METALLIZATION PREP|DEPOSIT BACKSIDE METAL|BACKSIDE ANNEAL|MEASURE BACKSIDE CONTACT|FINAL CLEAN|FINAL THICKNESS MEASURE|FINAL GEOMETRY CHECK|FINAL CD INSPECTION|FINAL PARTICLE INSPECTION|PARAMETRIC TEST|LEAKAGE TEST|BREAKDOWN VOLTAGE TEST|SWITCHING TEST|YIELD ANALYSIS|WAFER SORT TEST|LOT RELEASE|SHIP LOT|FINAL CD INSPECTION|FINAL PARTICLE INSPECTION|PARAMETRIC TEST|SWITCHING TEST|FINAL LOT RELEASE|SHIP LOT|FINAL CD INSPECTION|FINAL PARTICLE INSPECTION|PARAMETRIC TEST|SWITCHING TEST|WAFER SORT TEST|FINAL LOT RELEASE|SHIP LOT|FINAL CD INSPECTION|FINAL PARTICLE INSPECTION|PARAMETRIC TEST|SWITCHING TEST|FINAL LOT RELEASE|SHIP LOT|FINAL CD INSPECTION|FINAL PARTICLE INSPECTION|PARAMETRIC TEST|LEAKAGE TEST|BREAKDOWN VOLTAGE TEST|SWITCHING TEST|FINAL LOT RELEASE|SHIP LOT|FINAL CD INSPECTION|FINAL PARTICLE INSPECTION|PARAMETRIC TEST|LEAKAGE TEST|BREAKDOWN VOLTAGE TEST|SWITCHING TEST|WAFER SORT TEST|FINAL LOT RELEASE|SHIP LOT|IMPLANT P BODY|LEAKAGE TEST|BREAKDOWN VOLTAGE TEST|SWITCHING TEST|WAFER SORT TEST|FINAL LOT RELEASE|SHIP LOT|FINAL CD INSPECTION|FINAL PARTICLE INSPECTION|PARAMETRIC TEST|LEAKAGE TEST|BREAKDOWN VOLTAGE TEST
valid_0353,ALIGN MASK LEVEL 5|EXPOSE LITHO LEVEL 5|DEVELOP PHOTORESIST|VIA OPENING INSPECTION|VIA ETCH|STRIP PHOTORESIST|CLEAN AFTER VIA ETCH|MEASURE VIA CD|DEPOSIT BARRIER METAL|DEPOSIT METAL SEED|FILL VIA METAL|CMP METAL|MEASURE VIA RESISTANCE|DEPOSIT METAL 1|ANNEAL METAL 1|SPIN COAT PHOTORESIST|SOFT BAKE|ALIGN MASK LEVEL 6|EXPOSE LITHO LEVEL 6|DEVELOP PHOTORESIST|METAL PATTERN INSPECTION|METAL ETCH DRY|STRIP PHOTORESIST|CLEAN AFTER METAL ETCH|MEASURE LINE WIDTH|DEPOSIT PASSIVATION|CURE PASSIVATION|MEASURE PASSIVATION QUALITY|OPEN BOND PAD WINDOW|OPEN PAD WINDOW LITHO|DEVELOP PAD WINDOW|PASSIVATION ETCH PAD OPENING|STRIP PHOTORESIST|CLEAN PAD OPENING|MEASURE PAD OPENING|BACKSIDE GRIND|MEASURE WAFER THICKNESS|BACKSIDE ETCH CLEAN|BACKSIDE RINSE|BACKSIDE DRY|BACKSIDE METALLIZATION PREP|DEPOSIT BACKSIDE METAL|BACKSIDE ANNEAL|MEASURE BACKSIDE CONTACT|FINAL CLEAN|FINAL THICKNESS MEASURE|FINAL GEOMETRY CHECK|FINAL CD INSPECTION|FINAL PARTICLE INSPECTION|PARAMETRIC TEST|LEAKAGE TEST|BREAKDOWN VOLTAGE TEST|SWITCHING TEST|YIELD ANALYSIS|WAFER SORT TEST|LOT RELEASE|SHIP LOT|FINAL CD INSPECTION|FINAL PARTICLE INSPECTION|PARAMETRIC TEST|SWITCHING TEST|FINAL LOT RELEASE|SHIP LOT|FINAL CD INSPECTION|FINAL PARTICLE INSPECTION|PARAMETRIC TEST|SWITCHING TEST|FINAL LOT RELEASE|SHIP LOT|FINAL CD INSPECTION|FINAL PARTICLE INSPECTION|PARAMETRIC TEST|SWITCHING TEST|WAFER SORT TEST|FINAL LOT RELEASE|SHIP LOT|FINAL CD INSPECTION|FINAL PARTICLE INSPECTION|PARAMETRIC TEST|LEAKAGE TEST
valid_0354,CURE PASSIVATION|MEASURE PASSIVATION QUALITY|OPEN BOND PAD WINDOW|OPEN PAD WINDOW LITHO|DEVELOP PHOTORESIST|PASSIVATION ETCH PAD OPENING|STRIP PHOTORESIST|CLEAN PAD OPENING|MEASURE PAD OPENING|BACKSIDE GRIND|MEASURE WAFER THICKNESS|BACKSIDE ETCH CLEAN|BACKSIDE RINSE|BACKSIDE DRY|BACKSIDE METALLIZATION PREP|DEPOSIT BACKSIDE METAL|BACKSIDE ANNEAL|MEASURE BACKSIDE CONTACT|FINAL CLEAN|FINAL THICKNESS MEASURE|FINAL GEOMETRY CHECK|FINAL CD INSPECTION|FINAL PARTICLE INSPECTION|PARAMETRIC TEST|LEAKAGE TEST|BREAKDOWN VOLTAGE TEST|SWITCHING TEST|YIELD ANALYSIS|WAFER SORT TEST|LOT RELEASE|SHIP LOT|FINAL CD INSPECTION|FINAL PARTICLE INSPECTION|PARAMETRIC TEST|SWITCHING TEST|FINAL LOT RELEASE|SHIP LOT|FINAL CD INSPECTION|FINAL PARTICLE INSPECTION|PARAMETRIC TEST|SWITCHING TEST|WAFER SORT TEST|FINAL LOT RELEASE|SHIP LOT|FINAL CD INSPECTION|FINAL PARTICLE INSPECTION|PARAMETRIC TEST|SWITCHING TEST|FINAL LOT RELEASE|SHIP LOT|FINAL CD INSPECTION|FINAL PARTICLE INSPECTION|PARAMETRIC TEST|LEAKAGE TEST|BREAKDOWN VOLTAGE TEST|SWITCHING TEST|FINAL LOT RELEASE|SHIP LOT|FINAL CD INSPECTION|FINAL PARTICLE INSPECTION|PARAMETRIC TEST|SWITCHING TEST|WAFER SORT TEST|LOT RELEASE|SHIP LOT|IMPLANT P BODY|LEAKAGE TEST|BREAKDOWN VOLTAGE TEST|SWITCHING TEST|WAFER SORT TEST|FINAL LOT RELEASE|SHIP LOT|FINAL CD INSPECTION|FINAL PARTICLE INSPECTION|PARAMETRIC TEST|LEAKAGE TEST|BREAKDOWN VOLTAGE TEST|SWITCHING TEST|WAFER SORT TEST|FINAL LOT RELEASE
valid_0355,SPIN COAT PHOTORESIST|SOFT BAKE|ALIGN MASK LEVEL 5|EXPOSE LITHO LEVEL 5|DEVELOP PHOTORESIST|VIA OPENING INSPECTION|VIA ETCH|STRIP PHOTORESIST|CLEAN AFTER VIA ETCH|MEASURE VIA CD|DEPOSIT BARRIER METAL|DEPOSIT METAL SEED|FILL VIA METAL|CMP METAL|MEASURE VIA RESISTANCE|DEPOSIT TOP METAL|ANNEAL METAL 1|SPIN COAT PHOTORESIST|SOFT BAKE|ALIGN MASK LEVEL 6|EXPOSE LITHO LEVEL 6|DEVELOP PHOTORESIST|METAL PATTERN INSPECTION|METAL ETCH DRY|STRIP PHOTORESIST|CLEAN AFTER METAL ETCH|MEASURE LINE WIDTH|DEPOSIT PASSIVATION|CURE PASSIVATION|MEASURE PASSIVATION QUALITY|OPEN BOND PAD WINDOW|OPEN PAD WINDOW LITHO|DEVELOP PHOTORESIST|PASSIVATION ETCH PAD OPENING|STRIP PHOTORESIST|CLEAN PAD OPENING|MEASURE PAD OPENING|BACKSIDE GRIND|MEASURE WAFER THICKNESS|BACKSIDE ETCH CLEAN|BACKSIDE RINSE|BACKSIDE DRY|BACKSIDE METALLIZATION PREP|DEPOSIT BACKSIDE METAL|BACKSIDE ANNEAL|MEASURE BACKSIDE CONTACT|FINAL CLEAN|FINAL THICKNESS MEASURE|FINAL GEOMETRY CHECK|FINAL CD INSPECTION|FINAL PARTICLE INSPECTION|PARAMETRIC TEST|LEAKAGE TEST|BREAKDOWN VOLTAGE TEST|SWITCHING TEST|YIELD ANALYSIS|WAFER SORT TEST|LOT RELEASE|SHIP LOT|FINAL CD INSPECTION|FINAL PARTICLE INSPECTION|PARAMETRIC TEST|SWITCHING TEST|FINAL LOT RELEASE|SHIP LOT|FINAL CD INSPECTION|FINAL PARTICLE INSPECTION|PARAMETRIC TEST|SWITCHING TEST|WAFER SORT TEST|FINAL LOT RELEASE|SHIP LOT|FINAL CD INSPECTION|FINAL PARTICLE INSPECTION|PARAMETRIC TEST|SWITCHING TEST|FINAL LOT RELEASE|SHIP LOT|FINAL CD INSPECTION|FINAL PARTICLE INSPECTION
valid_0356,MEASURE LINE WIDTH|DEPOSIT PASSIVATION|CURE PASSIVATION|MEASURE PASSIVATION QUALITY|OPEN BOND PAD WINDOW|OPEN PAD WINDOW LITHO|DEVELOP PAD WINDOW|PASSIVATION ETCH PAD OPENING|STRIP PHOTORESIST|CLEAN PAD OPENING|MEASURE PAD OPENING|BACKSIDE GRIND|MEASURE WAFER THICKNESS|BACKSIDE ETCH CLEAN|BACKSIDE RINSE|BACKSIDE DRY|BACKSIDE METALLIZATION PREP|DEPOSIT BACKSIDE METAL|BACKSIDE ANNEAL|MEASURE BACKSIDE CONTACT|FINAL CLEAN|FINAL THICKNESS MEASURE|FINAL GEOMETRY CHECK|FINAL CD INSPECTION|FINAL PARTICLE INSPECTION|PARAMETRIC TEST|LEAKAGE TEST|BREAKDOWN VOLTAGE TEST|SWITCHING TEST|YIELD ANALYSIS|WAFER SORT TEST|LOT RELEASE|SHIP LOT|FINAL CD INSPECTION|FINAL PARTICLE INSPECTION|PARAMETRIC TEST|SWITCHING TEST|FINAL LOT RELEASE|SHIP LOT|FINAL CD INSPECTION|FINAL PARTICLE INSPECTION|PARAMETRIC TEST|SWITCHING TEST|WAFER SORT TEST|FINAL LOT RELEASE|SHIP LOT|FINAL CD INSPECTION|FINAL PARTICLE INSPECTION|PARAMETRIC TEST|LEAKAGE TEST|BREAKDOWN VOLTAGE TEST|SWITCHING TEST|FINAL LOT RELEASE|SHIP LOT|FINAL CD INSPECTION|FINAL PARTICLE INSPECTION|PARAMETRIC TEST|SWITCHING TEST|WAFER SORT TEST|FINAL LOT RELEASE|SHIP LOT|FINAL CD INSPECTION|FINAL PARTICLE INSPECTION|PARAMETRIC TEST|LEAKAGE TEST|BREAKDOWN VOLTAGE TEST|SWITCHING TEST|WAFER SORT TEST|FINAL LOT RELEASE|SHIP LOT|FINAL CD INSPECTION|FINAL PARTICLE INSPECTION|PARAMETRIC TEST|LEAKAGE TEST|BREAKDOWN VOLTAGE TEST|SWITCHING TEST|WAFER SORT TEST|FINAL LOT RELEASE|SHIP LOT|FINAL CD INSPECTION
valid_0357,MEASURE SURFACE PLANARITY|SPIN COAT PHOTORESIST|SOFT BAKE|ALIGN MASK LEVEL 5|EXPOSE LITHO LEVEL 5|DEVELOP PHOTORESIST|VIA OPENING INSPECTION|VIA ETCH|STRIP PHOTORESIST|CLEAN AFTER VIA ETCH|MEASURE VIA CD|DEPOSIT BARRIER METAL|DEPOSIT METAL SEED|FILL VIA METAL|CMP METAL|MEASURE VIA RESISTANCE|DEPOSIT METAL 1|ANNEAL METAL 1|SPIN COAT PHOTORESIST|SOFT BAKE|ALIGN MASK LEVEL 6|EXPOSE LITHO LEVEL 6|DEVELOP PHOTORESIST|METAL PATTERN INSPECTION|METAL ETCH DRY|STRIP RESIST|CLEAN AFTER METAL ETCH|MEASURE LINE WIDTH|DEPOSIT PASSIVATION|CURE PASSIVATION|MEASURE PASSIVATION QUALITY|OPEN BOND PAD WINDOW|OPEN PAD WINDOW LITHO|DEVELOP PAD WINDOW|PASSIVATION ETCH PAD OPENING|STRIP PHOTORESIST|CLEAN PAD OPENING|MEASURE PAD OPENING|BACKSIDE GRIND|MEASURE WAFER THICKNESS|BACKSIDE ETCH CLEAN|BACKSIDE RINSE|BACKSIDE DRY|BACKSIDE METALLIZATION PREP|DEPOSIT BACKSIDE METAL|BACKSIDE ANNEAL|MEASURE BACKSIDE CONTACT|FINAL CLEAN|FINAL THICKNESS MEASURE|FINAL GEOMETRY CHECK|FINAL CD INSPECTION|FINAL PARTICLE INSPECTION|PARAMETRIC TEST|LEAKAGE TEST|BREAKDOWN VOLTAGE TEST|SWITCHING TEST|YIELD ANALYSIS|WAFER SORT TEST|LOT RELEASE|SHIP LOT|FINAL CD INSPECTION|FINAL PARTICLE INSPECTION|PARAMETRIC TEST|SWITCHING TEST|FINAL LOT RELEASE|SHIP LOT|FINAL CD INSPECTION|FINAL PARTICLE INSPECTION|PARAMETRIC TEST|SWITCHING TEST|WAFER SORT TEST|FINAL LOT RELEASE|SHIP LOT|FINAL CD INSPECTION|FINAL PARTICLE INSPECTION|PARAMETRIC TEST|SWITCHING TEST|FINAL LOT RELEASE|SHIP LOT|FINAL CD INSPECTION
valid_0358,CURE PASSIVATION|MEASURE PASSIVATION QUALITY|OPEN BOND PAD WINDOW|OPEN PAD WINDOW LITHO|DEVELOP PAD WINDOW|PASSIVATION ETCH PAD OPENING|STRIP PHOTORESIST|CLEAN PAD OPENING|MEASURE PAD OPENING|BACKSIDE GRIND|MEASURE WAFER THICKNESS|BACKSIDE ETCH CLEAN|BACKSIDE RINSE|BACKSIDE DRY|BACKSIDE METALLIZATION PREP|DEPOSIT BACKSIDE METAL|BACKSIDE ANNEAL|MEASURE BACKSIDE CONTACT|FINAL CLEAN|FINAL THICKNESS MEASURE|FINAL GEOMETRY CHECK|FINAL CD INSPECTION|FINAL PARTICLE INSPECTION|PARAMETRIC TEST|LEAKAGE TEST|BREAKDOWN VOLTAGE TEST|SWITCHING TEST|YIELD ANALYSIS|WAFER SORT TEST|LOT RELEASE|SHIP LOT|FINAL CD INSPECTION|FINAL PARTICLE INSPECTION|PARAMETRIC TEST|SWITCHING TEST|WAFER SORT TEST|FINAL LOT RELEASE|SHIP LOT|FINAL CD INSPECTION|FINAL PARTICLE INSPECTION|PARAMETRIC TEST|SWITCHING TEST|FINAL LOT RELEASE|SHIP LOT|FINAL CD INSPECTION|FINAL PARTICLE INSPECTION|PARAMETRIC TEST|LEAKAGE TEST|BREAKDOWN VOLTAGE TEST|SWITCHING TEST|FINAL LOT RELEASE|SHIP LOT|FINAL CD INSPECTION|FINAL PARTICLE INSPECTION|PARAMETRIC TEST|SWITCHING TEST|WAFER SORT TEST|FINAL LOT RELEASE|SHIP LOT|FINAL CD INSPECTION|FINAL PARTICLE INSPECTION|PARAMETRIC TEST|LEAKAGE TEST|BREAKDOWN VOLTAGE TEST|SWITCHING TEST|WAFER SORT TEST|FINAL LOT RELEASE|SHIP LOT|FINAL CD INSPECTION|FINAL PARTICLE INSPECTION|PARAMETRIC TEST|LEAKAGE TEST|BREAKDOWN VOLTAGE TEST|SWITCHING TEST|WAFER SORT TEST|FINAL LOT RELEASE|SHIP LOT|FINAL CD INSPECTION|FINAL PARTICLE INSPECTION|PARAMETRIC TEST
valid_0359,SPIN COAT PHOTORESIST|SOFT BAKE|ALIGN MASK LEVEL 5|EXPOSE LITHO LEVEL 5|DEVELOP PHOTORESIST|VIA OPENING INSPECTION|VIA ETCH|STRIP PHOTORESIST|CLEAN AFTER VIA ETCH|MEASURE VIA CD|DEPOSIT BARRIER METAL|DEPOSIT METAL SEED|FILL VIA METAL|CMP METAL|MEASURE VIA RESISTANCE|DEPOSIT TOP METAL|ANNEAL METAL 1|SPIN COAT PHOTORESIST|SOFT BAKE|ALIGN MASK LEVEL 6|EXPOSE LITHO LEVEL 6|DEVELOP PHOTORESIST|METAL PATTERN INSPECTION|METAL ETCH DRY|STRIP PHOTORESIST|CLEAN AFTER METAL ETCH|MEASURE LINE WIDTH|DEPOSIT PASSIVATION|CURE PASSIVATION|MEASURE PASSIVATION QUALITY|OPEN BOND PAD WINDOW|OPEN PAD WINDOW LITHO|DEVELOP PAD WINDOW|PASSIVATION ETCH PAD OPENING|STRIP PHOTORESIST|CLEAN PAD OPENING|MEASURE PAD OPENING|BACKSIDE GRIND|MEASURE WAFER THICKNESS|BACKSIDE ETCH CLEAN|BACKSIDE RINSE|BACKSIDE DRY|BACKSIDE METALLIZATION PREP|DEPOSIT BACKSIDE METAL|BACKSIDE ANNEAL|MEASURE BACKSIDE CONTACT|FINAL CLEAN|FINAL THICKNESS MEASURE|FINAL GEOMETRY CHECK|FINAL CD INSPECTION|FINAL PARTICLE INSPECTION|PARAMETRIC TEST|LEAKAGE TEST|BREAKDOWN VOLTAGE TEST|SWITCHING TEST|YIELD ANALYSIS|WAFER SORT TEST|LOT RELEASE|SHIP LOT|FINAL CD INSPECTION|FINAL PARTICLE INSPECTION|PARAMETRIC TEST|SWITCHING TEST|FINAL LOT RELEASE|SHIP LOT|FINAL CD INSPECTION|FINAL PARTICLE INSPECTION|PARAMETRIC TEST|SWITCHING TEST|FINAL LOT RELEASE|SHIP LOT|FINAL CD INSPECTION|FINAL PARTICLE INSPECTION|PARAMETRIC TEST|SWITCHING TEST|FINAL LOT RELEASE|SHIP LOT|FINAL CD INSPECTION|FINAL PARTICLE INSPECTION|PARAMETRIC TEST
valid_0360,CURE PASSIVATION|MEASURE PASSIVATION QUALITY|OPEN BOND PAD WINDOW|OPEN PAD WINDOW LITHO|DEVELOP PHOTORESIST|PASSIVATION ETCH PAD OPENING|STRIP PHOTORESIST|CLEAN PAD OPENING|MEASURE PAD OPENING|BACKSIDE GRIND|MEASURE WAFER THICKNESS|BACKSIDE ETCH CLEAN|BACKSIDE RINSE|BACKSIDE DRY|BACKSIDE METALLIZATION PREP|DEPOSIT BACKSIDE METAL|BACKSIDE ANNEAL|MEASURE BACKSIDE CONTACT|FINAL CLEAN|FINAL THICKNESS MEASURE|FINAL GEOMETRY CHECK|FINAL CD INSPECTION|FINAL PARTICLE INSPECTION|PARAMETRIC TEST|LEAKAGE TEST|BREAKDOWN VOLTAGE TEST|SWITCHING TEST|YIELD ANALYSIS|WAFER SORT TEST|LOT RELEASE|SHIP LOT|FINAL CD INSPECTION|FINAL PARTICLE INSPECTION|PARAMETRIC TEST|SWITCHING TEST|FINAL LOT RELEASE|SHIP LOT|FINAL CD INSPECTION|FINAL PARTICLE INSPECTION|PARAMETRIC TEST|SWITCHING TEST|WAFER SORT TEST|FINAL LOT RELEASE|SHIP LOT|FINAL CD INSPECTION|FINAL PARTICLE INSPECTION|PARAMETRIC TEST|SWITCHING TEST|FINAL LOT RELEASE|SHIP LOT|FINAL CD INSPECTION|FINAL PARTICLE INSPECTION|PARAMETRIC TEST|LEAKAGE TEST|BREAKDOWN VOLTAGE TEST|SWITCHING TEST|FINAL LOT RELEASE|SHIP LOT|FINAL CD INSPECTION|FINAL PARTICLE INSPECTION|PARAMETRIC TEST|SWITCHING TEST|WAFER SORT TEST|LOT RELEASE|SHIP LOT|IMPLANT P BODY|BREAKDOWN VOLTAGE TEST|SWITCHING TEST|WAFER SORT TEST|FINAL LOT RELEASE|SHIP LOT|FINAL CD INSPECTION|FINAL PARTICLE INSPECTION|PARAMETRIC TEST|LEAKAGE TEST|BREAKDOWN VOLTAGE TEST|SWITCHING TEST|WAFER SORT TEST|FINAL LOT RELEASE|SHIP LOT
valid_0361,SPIN COAT PHOTORESIST|SOFT BAKE|ALIGN MASK LEVEL 5|EXPOSE LITHO LEVEL 5|DEVELOP PHOTORESIST|VIA OPENING INSPECTION|VIA ETCH|STRIP PHOTORESIST|CLEAN AFTER VIA ETCH|MEASURE VIA CD|DEPOSIT BARRIER METAL|DEPOSIT METAL SEED|FILL VIA METAL|CMP METAL|MEASURE VIA RESISTANCE|DEPOSIT TOP METAL|ANNEAL METAL 1|SPIN COAT PHOTORESIST|SOFT BAKE|ALIGN MASK LEVEL 6|EXPOSE LITHO LEVEL 6|DEVELOP PHOTORESIST|METAL PATTERN INSPECTION|METAL ETCH DRY|STRIP PHOTORESIST|CLEAN AFTER METAL ETCH|MEASURE LINE WIDTH|DEPOSIT PASSIVATION|CURE PASSIVATION|MEASURE PASSIVATION QUALITY|OPEN BOND PAD WINDOW|OPEN PAD WINDOW LITHO|DEVELOP PAD WINDOW|PASSIVATION ETCH PAD OPENING|STRIP PHOTORESIST|CLEAN PAD OPENING|MEASURE PAD OPENING|BACKSIDE GRIND|MEASURE WAFER THICKNESS|BACKSIDE ETCH CLEAN|BACKSIDE RINSE|BACKSIDE DRY|BACKSIDE METALLIZATION PREP|DEPOSIT BACKSIDE METAL|BACKSIDE ANNEAL|MEASURE BACKSIDE CONTACT|FINAL CLEAN|FINAL THICKNESS MEASURE|FINAL GEOMETRY CHECK|FINAL CD INSPECTION|FINAL PARTICLE INSPECTION|PARAMETRIC TEST|LEAKAGE TEST|BREAKDOWN VOLTAGE TEST|SWITCHING TEST|YIELD ANALYSIS|WAFER SORT TEST|LOT RELEASE|SHIP LOT|FINAL CD INSPECTION|FINAL PARTICLE INSPECTION|PARAMETRIC TEST|SWITCHING TEST|FINAL LOT RELEASE|SHIP LOT|FINAL CD INSPECTION|FINAL PARTICLE INSPECTION|PARAMETRIC TEST|SWITCHING TEST|FINAL LOT RELEASE|SHIP LOT|FINAL CD INSPECTION|FINAL PARTICLE INSPECTION|PARAMETRIC TEST|SWITCHING TEST|FINAL LOT RELEASE|SHIP LOT|FINAL CD INSPECTION|FINAL PARTICLE INSPECTION|PARAMETRIC TEST
valid_0362,CURE PASSIVATION|MEASURE PASSIVATION QUALITY|OPEN BOND PAD WINDOW|OPEN PAD WINDOW LITHO|DEVELOP PAD WINDOW|PASSIVATION ETCH PAD OPENING|STRIP PHOTORESIST|CLEAN PAD OPENING|MEASURE PAD OPENING|BACKSIDE GRIND|MEASURE WAFER THICKNESS|BACKSIDE ETCH CLEAN|BACKSIDE RINSE|BACKSIDE DRY|BACKSIDE METALLIZATION PREP|DEPOSIT BACKSIDE METAL|BACKSIDE ANNEAL|MEASURE BACKSIDE CONTACT|FINAL CLEAN|FINAL THICKNESS MEASURE|FINAL GEOMETRY CHECK|FINAL CD INSPECTION|FINAL PARTICLE INSPECTION|PARAMETRIC TEST|LEAKAGE TEST|BREAKDOWN VOLTAGE TEST|SWITCHING TEST|YIELD ANALYSIS|WAFER SORT TEST|LOT RELEASE|SHIP LOT|FINAL CD INSPECTION|FINAL PARTICLE INSPECTION|PARAMETRIC TEST|SWITCHING TEST|FINAL LOT RELEASE|SHIP LOT|FINAL CD INSPECTION|FINAL PARTICLE INSPECTION|PARAMETRIC TEST|SWITCHING TEST|WAFER SORT TEST|FINAL LOT RELEASE|SHIP LOT|FINAL CD INSPECTION|FINAL PARTICLE INSPECTION|PARAMETRIC TEST|SWITCHING TEST|FINAL LOT RELEASE|SHIP LOT|FINAL CD INSPECTION|FINAL PARTICLE INSPECTION|PARAMETRIC TEST|LEAKAGE TEST|BREAKDOWN VOLTAGE TEST|SWITCHING TEST|FINAL LOT RELEASE|SHIP LOT|FINAL CD INSPECTION|FINAL PARTICLE INSPECTION|PARAMETRIC TEST|SWITCHING TEST|WAFER SORT TEST|LOT RELEASE|SHIP LOT|IMPLANT P BODY|BREAKDOWN VOLTAGE TEST|SWITCHING TEST|WAFER SORT TEST|FINAL LOT RELEASE|SHIP LOT|FINAL CD INSPECTION|FINAL PARTICLE INSPECTION|PARAMETRIC TEST|LEAKAGE TEST|BREAKDOWN VOLTAGE TEST|SWITCHING TEST|WAFER SORT TEST|FINAL LOT RELEASE|SHIP LOT
valid_0363,MEASURE FILM THICKNESS|CMP DIELECTRIC|MEASURE SURFACE PLANARITY|SPIN COAT PHOTORESIST|SOFT BAKE|ALIGN MASK LEVEL 5|EXPOSE LITHO LEVEL 5|DEVELOP PHOTORESIST|VIA OPENING INSPECTION|VIA ETCH|STRIP PHOTORESIST|CLEAN AFTER VIA ETCH|MEASURE VIA CD|DEPOSIT BARRIER METAL|DEPOSIT METAL SEED|FILL VIA METAL|CMP METAL|MEASURE VIA RESISTANCE|DEPOSIT METAL 1|ANNEAL METAL 1|SPIN COAT PHOTORESIST|SOFT BAKE|ALIGN MASK LEVEL 6|EXPOSE LITHO LEVEL 6|DEVELOP PHOTORESIST|METAL PATTERN INSPECTION|METAL ETCH DRY|STRIP PHOTORESIST|CLEAN AFTER METAL ETCH|MEASURE LINE WIDTH|DEPOSIT PASSIVATION|CURE PASSIVATION|MEASURE PASSIVATION QUALITY|OPEN BOND PAD WINDOW|OPEN PAD WINDOW LITHO|DEVELOP PAD WINDOW|PASSIVATION ETCH PAD OPENING|STRIP PHOTORESIST|CLEAN PAD OPENING|MEASURE PAD OPENING|BACKSIDE GRIND|MEASURE WAFER THICKNESS|BACKSIDE ETCH CLEAN|BACKSIDE RINSE|BACKSIDE DRY|BACKSIDE METALLIZATION PREP|DEPOSIT BACKSIDE METAL|BACKSIDE ANNEAL|MEASURE BACKSIDE CONTACT|FINAL CLEAN|FINAL THICKNESS MEASURE|FINAL GEOMETRY CHECK|FINAL CD INSPECTION|FINAL PARTICLE INSPECTION|PARAMETRIC TEST|LEAKAGE TEST|BREAKDOWN VOLTAGE TEST|SWITCHING TEST|YIELD ANALYSIS|WAFER SORT TEST|LOT RELEASE|SHIP LOT|FINAL CD INSPECTION|FINAL PARTICLE INSPECTION|PARAMETRIC TEST|SWITCHING TEST|FINAL LOT RELEASE|SHIP LOT|FINAL CD INSPECTION|FINAL PARTICLE INSPECTION|PARAMETRIC TEST|SWITCHING TEST|WAFER SORT TEST|FINAL LOT RELEASE|SHIP LOT|FINAL CD INSPECTION|FINAL PARTICLE INSPECTION|PARAMETRIC TEST|SWITCHING TEST|FINAL LOT RELEASE
valid_0364,MEASURE LINE WIDTH|DEPOSIT PASSIVATION|CURE PASSIVATION|MEASURE PASSIVATION QUALITY|OPEN BOND PAD WINDOW|OPEN PAD WINDOW LITHO|DEVELOP PAD WINDOW|PASSIVATION ETCH PAD OPENING|STRIP PHOTORESIST|CLEAN PAD OPENING|MEASURE PAD OPENING|BACKSIDE GRIND|MEASURE WAFER THICKNESS|BACKSIDE ETCH CLEAN|BACKSIDE RINSE|BACKSIDE DRY|BACKSIDE METALLIZATION PREP|DEPOSIT BACKSIDE METAL|BACKSIDE ANNEAL|MEASURE BACKSIDE CONTACT|FINAL CLEAN|FINAL THICKNESS MEASURE|FINAL GEOMETRY CHECK|FINAL CD INSPECTION|FINAL PARTICLE INSPECTION|PARAMETRIC TEST|LEAKAGE TEST|BREAKDOWN VOLTAGE TEST|SWITCHING TEST|YIELD ANALYSIS|WAFER SORT TEST|LOT RELEASE|SHIP LOT|FINAL CD INSPECTION|FINAL PARTICLE INSPECTION|PARAMETRIC TEST|SWITCHING TEST|FINAL LOT RELEASE|SHIP LOT|FINAL CD INSPECTION|FINAL PARTICLE INSPECTION|PARAMETRIC TEST|SWITCHING TEST|WAFER SORT TEST|FINAL LOT RELEASE|SHIP LOT|FINAL CD INSPECTION|FINAL PARTICLE INSPECTION|PARAMETRIC TEST|SWITCHING TEST|FINAL LOT RELEASE|SHIP LOT|FINAL CD INSPECTION|FINAL PARTICLE INSPECTION|PARAMETRIC TEST|LEAKAGE TEST|BREAKDOWN VOLTAGE TEST|SWITCHING TEST|FINAL LOT RELEASE|SHIP LOT|FINAL CD INSPECTION|FINAL PARTICLE INSPECTION|PARAMETRIC TEST|LEAKAGE TEST|BREAKDOWN VOLTAGE TEST|SWITCHING TEST|WAFER SORT TEST|FINAL LOT RELEASE|SHIP LOT|FINAL CD INSPECTION|FINAL PARTICLE INSPECTION|PARAMETRIC TEST|LEAKAGE TEST|BREAKDOWN VOLTAGE TEST|SWITCHING TEST|WAFER SORT TEST|FINAL LOT RELEASE|SHIP LOT|FINAL CD INSPECTION|FINAL PARTICLE INSPECTION
valid_0365,ALIGN MASK LEVEL 5|EXPOSE LITHO LEVEL 5|DEVELOP PHOTORESIST|VIA OPENING INSPECTION|VIA ETCH|STRIP PHOTORESIST|CLEAN AFTER VIA ETCH|MEASURE VIA CD|DEPOSIT BARRIER METAL|DEPOSIT METAL SEED|FILL VIA METAL|CMP METAL|MEASURE VIA RESISTANCE|DEPOSIT TOP METAL|ANNEAL METAL 1|SPIN COAT PHOTORESIST|SOFT BAKE|ALIGN MASK LEVEL 6|EXPOSE LITHO LEVEL 6|DEVELOP PHOTORESIST|METAL PATTERN INSPECTION|METAL ETCH DRY|STRIP PHOTORESIST|CLEAN AFTER METAL ETCH|MEASURE LINE WIDTH|DEPOSIT PASSIVATION|CURE PASSIVATION|MEASURE PASSIVATION QUALITY|OPEN BOND PAD WINDOW|OPEN PAD WINDOW LITHO|DEVELOP PAD WINDOW|PASSIVATION ETCH PAD OPENING|STRIP PHOTORESIST|CLEAN PAD OPENING|MEASURE PAD OPENING|BACKSIDE GRIND|MEASURE WAFER THICKNESS|BACKSIDE ETCH CLEAN|BACKSIDE RINSE|BACKSIDE DRY|BACKSIDE METALLIZATION PREP|DEPOSIT BACKSIDE METAL|BACKSIDE ANNEAL|MEASURE BACKSIDE CONTACT|FINAL CLEAN|FINAL THICKNESS MEASURE|FINAL GEOMETRY CHECK|FINAL CD INSPECTION|FINAL PARTICLE INSPECTION|PARAMETRIC TEST|LEAKAGE TEST|BREAKDOWN VOLTAGE TEST|SWITCHING TEST|YIELD ANALYSIS|WAFER SORT TEST|LOT RELEASE|SHIP LOT|FINAL CD INSPECTION|FINAL PARTICLE INSPECTION|PARAMETRIC TEST|SWITCHING TEST|FINAL LOT RELEASE|SHIP LOT|FINAL CD INSPECTION|FINAL PARTICLE INSPECTION|PARAMETRIC TEST|SWITCHING TEST|WAFER SORT TEST|FINAL LOT RELEASE|SHIP LOT|FINAL CD INSPECTION|FINAL PARTICLE INSPECTION|PARAMETRIC TEST|SWITCHING TEST|FINAL LOT RELEASE|SHIP LOT|FINAL CD INSPECTION|FINAL PARTICLE INSPECTION|PARAMETRIC TEST|LEAKAGE TEST
valid_0366,DEPOSIT PASSIVATION|CURE PASSIVATION|MEASURE PASSIVATION QUALITY|OPEN BOND PAD WINDOW|OPEN PAD WINDOW LITHO|DEVELOP PAD WINDOW|PASSIVATION ETCH PAD OPENING|STRIP PHOTORESIST|CLEAN PAD OPENING|MEASURE PAD OPENING|BACKSIDE GRIND|MEASURE WAFER THICKNESS|BACKSIDE ETCH CLEAN|BACKSIDE RINSE|BACKSIDE DRY|BACKSIDE METALLIZATION PREP|DEPOSIT BACKSIDE METAL|BACKSIDE ANNEAL|MEASURE BACKSIDE CONTACT|FINAL CLEAN|FINAL THICKNESS MEASURE|FINAL GEOMETRY CHECK|FINAL CD INSPECTION|FINAL PARTICLE INSPECTION|PARAMETRIC TEST|LEAKAGE TEST|BREAKDOWN VOLTAGE TEST|SWITCHING TEST|YIELD ANALYSIS|WAFER SORT TEST|LOT RELEASE|SHIP LOT|FINAL CD INSPECTION|FINAL PARTICLE INSPECTION|PARAMETRIC TEST|SWITCHING TEST|WAFER SORT TEST|LOT RELEASE|SHIP LOT|FINAL CD INSPECTION|FINAL PARTICLE INSPECTION|PARAMETRIC TEST|SWITCHING TEST|FINAL LOT RELEASE|SHIP LOT|FINAL CD INSPECTION|FINAL PARTICLE INSPECTION|PARAMETRIC TEST|LEAKAGE TEST|BREAKDOWN VOLTAGE TEST|SWITCHING TEST|FINAL LOT RELEASE|SHIP LOT|FINAL CD INSPECTION|FINAL PARTICLE INSPECTION|PARAMETRIC TEST|SWITCHING TEST|WAFER SORT TEST|FINAL LOT RELEASE|SHIP LOT|FINAL CD INSPECTION|FINAL PARTICLE INSPECTION|PARAMETRIC TEST|LEAKAGE TEST|BREAKDOWN VOLTAGE TEST|SWITCHING TEST|WAFER SORT TEST|FINAL LOT RELEASE|SHIP LOT|FINAL CD INSPECTION|FINAL PARTICLE INSPECTION|PARAMETRIC TEST|LEAKAGE TEST|BREAKDOWN VOLTAGE TEST|SWITCHING TEST|WAFER SORT TEST|FINAL LOT RELEASE|SHIP LOT|FINAL CD INSPECTION|FINAL PARTICLE INSPECTION
valid_0367,MEASURE SURFACE PLANARITY|SPIN COAT PHOTORESIST|SOFT BAKE|ALIGN MASK LEVEL 5|EXPOSE LITHO LEVEL 5|DEVELOP PHOTORESIST|VIA OPENING INSPECTION|VIA ETCH|STRIP PHOTORESIST|CLEAN AFTER VIA ETCH|MEASURE VIA CD|DEPOSIT BARRIER METAL|DEPOSIT METAL SEED|FILL VIA METAL|CMP METAL|MEASURE VIA RESISTANCE|DEPOSIT METAL 1|ANNEAL METAL 1|SPIN COAT PHOTORESIST|SOFT BAKE|ALIGN MASK LEVEL 6|EXPOSE LITHO LEVEL 6|DEVELOP PHOTORESIST|METAL PATTERN INSPECTION|METAL ETCH DRY|STRIP PHOTORESIST|CLEAN AFTER METAL ETCH|MEASURE LINE WIDTH|DEPOSIT PASSIVATION|CURE PASSIVATION|MEASURE PASSIVATION QUALITY|OPEN BOND PAD WINDOW|OPEN PAD WINDOW LITHO|DEVELOP PHOTORESIST|PASSIVATION ETCH PAD OPENING|STRIP PHOTORESIST|CLEAN PAD OPENING|MEASURE PAD OPENING|BACKSIDE GRIND|MEASURE WAFER THICKNESS|BACKSIDE ETCH CLEAN|BACKSIDE RINSE|BACKSIDE DRY|BACKSIDE METALLIZATION PREP|DEPOSIT BACKSIDE METAL|BACKSIDE ANNEAL|MEASURE BACKSIDE CONTACT|FINAL CLEAN|FINAL THICKNESS MEASURE|FINAL GEOMETRY CHECK|FINAL CD INSPECTION|FINAL PARTICLE INSPECTION|PARAMETRIC TEST|LEAKAGE TEST|BREAKDOWN VOLTAGE TEST|SWITCHING TEST|YIELD ANALYSIS|WAFER SORT TEST|LOT RELEASE|SHIP LOT|FINAL CD INSPECTION|FINAL PARTICLE INSPECTION|PARAMETRIC TEST|SWITCHING TEST|FINAL LOT RELEASE|SHIP LOT|FINAL CD INSPECTION|FINAL PARTICLE INSPECTION|PARAMETRIC TEST|SWITCHING TEST|WAFER SORT TEST|FINAL LOT RELEASE|SHIP LOT|FINAL CD INSPECTION|FINAL PARTICLE INSPECTION|PARAMETRIC TEST|SWITCHING TEST|FINAL LOT RELEASE|SHIP LOT|FINAL CD INSPECTION
valid_0368,MEASURE PASSIVATION QUALITY|OPEN BOND PAD WINDOW|OPEN PAD WINDOW LITHO|DEVELOP PHOTORESIST|PASSIVATION ETCH PAD OPENING|STRIP PHOTORESIST|CLEAN PAD OPENING|MEASURE PAD OPENING|BACKSIDE GRIND|MEASURE WAFER THICKNESS|BACKSIDE ETCH CLEAN|BACKSIDE RINSE|BACKSIDE DRY|BACKSIDE METALLIZATION PREP|DEPOSIT BACKSIDE METAL|BACKSIDE ANNEAL|MEASURE BACKSIDE CONTACT|FINAL CLEAN|FINAL THICKNESS MEASURE|FINAL GEOMETRY CHECK|FINAL CD INSPECTION|FINAL PARTICLE INSPECTION|PARAMETRIC TEST|LEAKAGE TEST|BREAKDOWN VOLTAGE TEST|SWITCHING TEST|YIELD ANALYSIS|WAFER SORT TEST|LOT RELEASE|SHIP LOT|FINAL CD INSPECTION|FINAL PARTICLE INSPECTION|PARAMETRIC TEST|SWITCHING TEST|FINAL LOT RELEASE|SHIP LOT|FINAL CD INSPECTION|FINAL PARTICLE INSPECTION|PARAMETRIC TEST|SWITCHING TEST|WAFER SORT TEST|FINAL LOT RELEASE|SHIP LOT|FINAL CD INSPECTION|FINAL PARTICLE INSPECTION|PARAMETRIC TEST|SWITCHING TEST|FINAL LOT RELEASE|SHIP LOT|FINAL CD INSPECTION|FINAL PARTICLE INSPECTION|PARAMETRIC TEST|LEAKAGE TEST|BREAKDOWN VOLTAGE TEST|SWITCHING TEST|FINAL LOT RELEASE|SHIP LOT|FINAL CD INSPECTION|FINAL PARTICLE INSPECTION|PARAMETRIC TEST|SWITCHING TEST|WAFER SORT TEST|LOT RELEASE|SHIP LOT|IMPLANT P BODY|BREAKDOWN VOLTAGE TEST|SWITCHING TEST|WAFER SORT TEST|FINAL LOT RELEASE|SHIP LOT|FINAL CD INSPECTION|FINAL PARTICLE INSPECTION|PARAMETRIC TEST|LEAKAGE TEST|BREAKDOWN VOLTAGE TEST|SWITCHING TEST|WAFER SORT TEST|FINAL LOT RELEASE|SHIP LOT|FINAL CD INSPECTION
valid_0369,SPIN COAT PHOTORESIST|SOFT BAKE|ALIGN MASK LEVEL 5|EXPOSE LITHO LEVEL 5|DEVELOP PHOTORESIST|VIA OPENING INSPECTION|VIA ETCH|STRIP PHOTORESIST|CLEAN AFTER VIA ETCH|MEASURE VIA CD|DEPOSIT BARRIER METAL|DEPOSIT METAL SEED|FILL VIA METAL|CMP METAL|MEASURE VIA RESISTANCE|DEPOSIT METAL 1|ANNEAL METAL 1|SPIN COAT PHOTORESIST|SOFT BAKE|ALIGN MASK LEVEL 6|EXPOSE LITHO LEVEL 6|DEVELOP PHOTORESIST|METAL PATTERN INSPECTION|METAL ETCH DRY|STRIP RESIST|CLEAN AFTER METAL ETCH|MEASURE LINE WIDTH|DEPOSIT PASSIVATION|CURE PASSIVATION|MEASURE PASSIVATION QUALITY|OPEN BOND PAD WINDOW|OPEN PAD WINDOW LITHO|DEVELOP PAD WINDOW|PASSIVATION ETCH PAD OPENING|STRIP PHOTORESIST|CLEAN PAD OPENING|MEASURE PAD OPENING|BACKSIDE GRIND|MEASURE WAFER THICKNESS|BACKSIDE ETCH CLEAN|BACKSIDE RINSE|BACKSIDE DRY|BACKSIDE METALLIZATION PREP|DEPOSIT BACKSIDE METAL|BACKSIDE ANNEAL|MEASURE BACKSIDE CONTACT|FINAL CLEAN|FINAL THICKNESS MEASURE|FINAL GEOMETRY CHECK|FINAL CD INSPECTION|FINAL PARTICLE INSPECTION|PARAMETRIC TEST|LEAKAGE TEST|BREAKDOWN VOLTAGE TEST|SWITCHING TEST|YIELD ANALYSIS|WAFER SORT TEST|LOT RELEASE|SHIP LOT|FINAL CD INSPECTION|FINAL PARTICLE INSPECTION|PARAMETRIC TEST|SWITCHING TEST|FINAL LOT RELEASE|SHIP LOT|FINAL CD INSPECTION|FINAL PARTICLE INSPECTION|PARAMETRIC TEST|SWITCHING TEST|WAFER SORT TEST|FINAL LOT RELEASE|SHIP LOT|FINAL CD INSPECTION|FINAL PARTICLE INSPECTION|PARAMETRIC TEST|SWITCHING TEST|FINAL LOT RELEASE|SHIP LOT|FINAL CD INSPECTION|FINAL PARTICLE INSPECTION
valid_0370,CURE PASSIVATION|MEASURE PASSIVATION QUALITY|OPEN BOND PAD WINDOW|OPEN PAD WINDOW LITHO|DEVELOP PAD WINDOW|PASSIVATION ETCH PAD OPENING|STRIP PHOTORESIST|CLEAN PAD OPENING|MEASURE PAD OPENING|BACKSIDE GRIND|MEASURE WAFER THICKNESS|BACKSIDE ETCH CLEAN|BACKSIDE RINSE|BACKSIDE DRY|BACKSIDE METALLIZATION PREP|DEPOSIT BACKSIDE METAL|BACKSIDE ANNEAL|MEASURE BACKSIDE CONTACT|FINAL CLEAN|FINAL THICKNESS MEASURE|FINAL GEOMETRY CHECK|FINAL CD INSPECTION|FINAL PARTICLE INSPECTION|PARAMETRIC TEST|LEAKAGE TEST|BREAKDOWN VOLTAGE TEST|SWITCHING TEST|YIELD ANALYSIS|WAFER SORT TEST|LOT RELEASE|SHIP LOT|FINAL CD INSPECTION|FINAL PARTICLE INSPECTION|PARAMETRIC TEST|SWITCHING TEST|WAFER SORT TEST|FINAL LOT RELEASE|SHIP LOT|FINAL CD INSPECTION|FINAL PARTICLE INSPECTION|PARAMETRIC TEST|SWITCHING TEST|FINAL LOT RELEASE|SHIP LOT|FINAL CD INSPECTION|FINAL PARTICLE INSPECTION|PARAMETRIC TEST|LEAKAGE TEST|BREAKDOWN VOLTAGE TEST|SWITCHING TEST|FINAL LOT RELEASE|SHIP LOT|FINAL CD INSPECTION|FINAL PARTICLE INSPECTION|PARAMETRIC TEST|SWITCHING TEST|WAFER SORT TEST|FINAL LOT RELEASE|SHIP LOT|FINAL CD INSPECTION|FINAL PARTICLE INSPECTION|PARAMETRIC TEST|LEAKAGE TEST|BREAKDOWN VOLTAGE TEST|SWITCHING TEST|WAFER SORT TEST|FINAL LOT RELEASE|SHIP LOT|FINAL CD INSPECTION|FINAL PARTICLE INSPECTION|PARAMETRIC TEST|LEAKAGE TEST|BREAKDOWN VOLTAGE TEST|SWITCHING TEST|WAFER SORT TEST|FINAL LOT RELEASE|SHIP LOT|FINAL CD INSPECTION|FINAL PARTICLE INSPECTION|PARAMETRIC TEST
valid_0371,CMP DIELECTRIC|MEASURE SURFACE PLANARITY|SPIN COAT PHOTORESIST|SOFT BAKE|ALIGN MASK LEVEL 5|EXPOSE LITHO LEVEL 5|DEVELOP PHOTORESIST|VIA OPENING INSPECTION|VIA ETCH|STRIP PHOTORESIST|CLEAN AFTER VIA ETCH|MEASURE VIA CD|DEPOSIT BARRIER METAL|DEPOSIT METAL SEED|FILL VIA METAL|CMP METAL|MEASURE VIA RESISTANCE|DEPOSIT METAL 1|ANNEAL METAL 1|SPIN COAT PHOTORESIST|SOFT BAKE|ALIGN MASK LEVEL 6|EXPOSE LITHO LEVEL 6|DEVELOP PHOTORESIST|METAL PATTERN INSPECTION|METAL ETCH DRY|STRIP PHOTORESIST|CLEAN AFTER METAL ETCH|MEASURE LINE WIDTH|DEPOSIT PASSIVATION|CURE PASSIVATION|MEASURE PASSIVATION QUALITY|OPEN BOND PAD WINDOW|OPEN PAD WINDOW LITHO|DEVELOP PAD WINDOW|PASSIVATION ETCH PAD OPENING|STRIP PHOTORESIST|CLEAN PAD OPENING|MEASURE PAD OPENING|BACKSIDE GRIND|MEASURE WAFER THICKNESS|BACKSIDE ETCH CLEAN|BACKSIDE RINSE|BACKSIDE DRY|BACKSIDE METALLIZATION PREP|DEPOSIT BACKSIDE METAL|BACKSIDE ANNEAL|MEASURE BACKSIDE CONTACT|FINAL CLEAN|FINAL THICKNESS MEASURE|FINAL GEOMETRY CHECK|FINAL CD INSPECTION|FINAL PARTICLE INSPECTION|PARAMETRIC TEST|LEAKAGE TEST|BREAKDOWN VOLTAGE TEST|SWITCHING TEST|YIELD ANALYSIS|WAFER SORT TEST|LOT RELEASE|SHIP LOT|FINAL CD INSPECTION|FINAL PARTICLE INSPECTION|PARAMETRIC TEST|SWITCHING TEST|FINAL LOT RELEASE|SHIP LOT|IMPLANT P BODY|BREAKDOWN VOLTAGE TEST|SWITCHING TEST|WAFER SORT TEST|FINAL LOT RELEASE|SHIP LOT|FINAL CD INSPECTION|FINAL PARTICLE INSPECTION|PARAMETRIC TEST|SWITCHING TEST|FINAL LOT RELEASE|SHIP LOT|FINAL CD INSPECTION
valid_0372,DEPOSIT PASSIVATION|CURE PASSIVATION|MEASURE PASSIVATION QUALITY|OPEN BOND PAD WINDOW|OPEN PAD WINDOW LITHO|DEVELOP PAD WINDOW|PASSIVATION ETCH PAD OPENING|STRIP PHOTORESIST|CLEAN PAD OPENING|MEASURE PAD OPENING|BACKSIDE GRIND|MEASURE WAFER THICKNESS|BACKSIDE ETCH CLEAN|BACKSIDE RINSE|BACKSIDE DRY|BACKSIDE METALLIZATION PREP|DEPOSIT BACKSIDE METAL|BACKSIDE ANNEAL|MEASURE BACKSIDE CONTACT|FINAL CLEAN|FINAL THICKNESS MEASURE|FINAL GEOMETRY CHECK|FINAL CD INSPECTION|FINAL PARTICLE INSPECTION|PARAMETRIC TEST|LEAKAGE TEST|BREAKDOWN VOLTAGE TEST|SWITCHING TEST|YIELD ANALYSIS|WAFER SORT TEST|LOT RELEASE|SHIP LOT|FINAL CD INSPECTION|FINAL PARTICLE INSPECTION|PARAMETRIC TEST|SWITCHING TEST|FINAL LOT RELEASE|SHIP LOT|FINAL CD INSPECTION|FINAL PARTICLE INSPECTION|PARAMETRIC TEST|SWITCHING TEST|WAFER SORT TEST|FINAL LOT RELEASE|SHIP LOT|FINAL CD INSPECTION|FINAL PARTICLE INSPECTION|PARAMETRIC TEST|SWITCHING TEST|FINAL LOT RELEASE|SHIP LOT|FINAL CD INSPECTION|FINAL PARTICLE INSPECTION|PARAMETRIC TEST|LEAKAGE TEST|BREAKDOWN VOLTAGE TEST|SWITCHING TEST|FINAL LOT RELEASE|SHIP LOT|FINAL CD INSPECTION|FINAL PARTICLE INSPECTION|PARAMETRIC TEST|SWITCHING TEST|WAFER SORT TEST|FINAL LOT RELEASE|SHIP LOT|IMPLANT P BODY|LEAKAGE TEST|BREAKDOWN VOLTAGE TEST|SWITCHING TEST|WAFER SORT TEST|FINAL LOT RELEASE|SHIP LOT|FINAL CD INSPECTION|FINAL PARTICLE INSPECTION|PARAMETRIC TEST|LEAKAGE TEST|BREAKDOWN VOLTAGE TEST|SWITCHING TEST|WAFER SORT TEST
valid_0373,SPIN COAT PHOTORESIST|SOFT BAKE|ALIGN MASK LEVEL 5|EXPOSE LITHO LEVEL 5|DEVELOP PHOTORESIST|VIA OPENING INSPECTION|VIA ETCH|STRIP PHOTORESIST|CLEAN AFTER VIA ETCH|MEASURE VIA CD|DEPOSIT BARRIER METAL|DEPOSIT METAL SEED|FILL VIA METAL|CMP METAL|MEASURE VIA RESISTANCE|DEPOSIT TOP METAL|ANNEAL METAL|SPIN COAT PHOTORESIST|SOFT BAKE|ALIGN MASK LEVEL 6|EXPOSE LITHO LEVEL 6|DEVELOP PHOTORESIST|METAL PATTERN INSPECTION|METAL ETCH DRY|STRIP PHOTORESIST|CLEAN AFTER METAL ETCH|MEASURE LINE WIDTH|DEPOSIT PASSIVATION|CURE PASSIVATION|MEASURE PASSIVATION QUALITY|OPEN BOND PAD WINDOW|OPEN PAD WINDOW LITHO|DEVELOP PAD WINDOW|PASSIVATION ETCH PAD OPENING|STRIP PHOTORESIST|CLEAN PAD OPENING|MEASURE PAD OPENING|BACKSIDE GRIND|MEASURE WAFER THICKNESS|BACKSIDE ETCH CLEAN|BACKSIDE RINSE|BACKSIDE DRY|BACKSIDE METALLIZATION PREP|DEPOSIT BACKSIDE METAL|BACKSIDE ANNEAL|MEASURE BACKSIDE CONTACT|FINAL CLEAN|FINAL THICKNESS MEASURE|FINAL GEOMETRY CHECK|FINAL CD INSPECTION|FINAL PARTICLE INSPECTION|PARAMETRIC TEST|LEAKAGE TEST|BREAKDOWN VOLTAGE TEST|SWITCHING TEST|YIELD ANALYSIS|WAFER SORT TEST|FINAL LOT RELEASE|SHIP LOT|FINAL CD INSPECTION|FINAL PARTICLE INSPECTION|PARAMETRIC TEST|SWITCHING TEST|FINAL LOT RELEASE|SHIP LOT|FINAL CD INSPECTION|FINAL PARTICLE INSPECTION|PARAMETRIC TEST|SWITCHING TEST|FINAL LOT RELEASE|SHIP LOT|IMPLANT P BODY|BREAKDOWN VOLTAGE TEST|SWITCHING TEST|WAFER SORT TEST|FINAL LOT RELEASE|SHIP LOT|FINAL CD INSPECTION|FINAL PARTICLE INSPECTION|PARAMETRIC TEST
valid_0374,CURE PASSIVATION|MEASURE PASSIVATION QUALITY|OPEN BOND PAD WINDOW|OPEN PAD WINDOW LITHO|DEVELOP PAD WINDOW|PASSIVATION ETCH PAD OPENING|STRIP PHOTORESIST|CLEAN PAD OPENING|MEASURE PAD OPENING|BACKSIDE GRIND|MEASURE WAFER THICKNESS|BACKSIDE ETCH CLEAN|BACKSIDE RINSE|BACKSIDE DRY|BACKSIDE METALLIZATION PREP|DEPOSIT BACKSIDE METAL|BACKSIDE ANNEAL|MEASURE BACKSIDE CONTACT|FINAL CLEAN|FINAL THICKNESS MEASURE|FINAL GEOMETRY CHECK|FINAL CD INSPECTION|FINAL PARTICLE INSPECTION|PARAMETRIC TEST|LEAKAGE TEST|BREAKDOWN VOLTAGE TEST|SWITCHING TEST|YIELD ANALYSIS|WAFER SORT TEST|FINAL LOT RELEASE|SHIP LOT|FINAL CD INSPECTION|FINAL PARTICLE INSPECTION|PARAMETRIC TEST|SWITCHING TEST|FINAL LOT RELEASE|SHIP LOT|FINAL CD INSPECTION|FINAL PARTICLE INSPECTION|PARAMETRIC TEST|SWITCHING TEST|FINAL LOT RELEASE|SHIP LOT|IMPLANT P BODY|BREAKDOWN VOLTAGE TEST|SWITCHING TEST|WAFER SORT TEST|FINAL LOT RELEASE|SHIP LOT|FINAL CD INSPECTION|FINAL PARTICLE INSPECTION|PARAMETRIC TEST|SWITCHING TEST|FINAL LOT RELEASE|SHIP LOT|FINAL CD INSPECTION|FINAL PARTICLE INSPECTION|PARAMETRIC TEST|LEAKAGE TEST|BREAKDOWN VOLTAGE TEST|SWITCHING TEST|FINAL LOT RELEASE|SHIP LOT|FINAL CD INSPECTION|FINAL PARTICLE INSPECTION|PARAMETRIC TEST|SWITCHING TEST|WAFER SORT TEST|FINAL LOT RELEASE|SHIP LOT|IMPLANT P BODY|BREAKDOWN VOLTAGE TEST|SWITCHING TEST|WAFER SORT TEST|FINAL LOT RELEASE|SHIP LOT|FINAL CD INSPECTION|FINAL PARTICLE INSPECTION|PARAMETRIC TEST|LEAKAGE TEST
valid_0375,MEASURE DEVICE PARAMETER|DEPOSIT INTERLEVEL DIELECTRIC|DENSIFY DIELECTRIC|MEASURE FILM THICKNESS|CMP DIELECTRIC|MEASURE SURFACE PLANARITY|SPIN COAT PHOTORESIST|SOFT BAKE|ALIGN MASK LEVEL 5|EXPOSE LITHO LEVEL 5|DEVELOP PHOTORESIST|VIA OPENING INSPECTION|VIA ETCH|STRIP PHOTORESIST|CLEAN AFTER VIA ETCH|MEASURE VIA CD|DEPOSIT BARRIER METAL|DEPOSIT METAL SEED|FILL VIA METAL|CMP METAL|MEASURE VIA RESISTANCE|DEPOSIT METAL 1|ANNEAL METAL 1|SPIN COAT PHOTORESIST|SOFT BAKE|ALIGN MASK LEVEL 6|EXPOSE LITHO LEVEL 6|DEVELOP PHOTORESIST|METAL PATTERN INSPECTION|METAL ETCH DRY|STRIP PHOTORESIST|CLEAN AFTER METAL ETCH|MEASURE LINE WIDTH|DEPOSIT PASSIVATION|CURE PASSIVATION|MEASURE PASSIVATION QUALITY|OPEN BOND PAD WINDOW|OPEN PAD WINDOW LITHO|DEVELOP PAD WINDOW|PASSIVATION ETCH PAD OPENING|STRIP PHOTORESIST|CLEAN PAD OPENING|MEASURE PAD OPENING|BACKSIDE GRIND|MEASURE WAFER THICKNESS|BACKSIDE ETCH CLEAN|BACKSIDE RINSE|BACKSIDE DRY|BACKSIDE METALLIZATION PREP|DEPOSIT BACKSIDE METAL|BACKSIDE ANNEAL|MEASURE BACKSIDE CONTACT|FINAL CLEAN|FINAL THICKNESS MEASURE|FINAL GEOMETRY CHECK|FINAL CD INSPECTION|FINAL PARTICLE INSPECTION|PARAMETRIC TEST|LEAKAGE TEST|BREAKDOWN VOLTAGE TEST|SWITCHING TEST|YIELD ANALYSIS|WAFER SORT TEST|FINAL LOT RELEASE|SHIP LOT|FINAL CD INSPECTION|FINAL PARTICLE INSPECTION|PARAMETRIC TEST|SWITCHING TEST|WAFER SORT TEST|FINAL LOT RELEASE|SHIP LOT|FINAL CD INSPECTION|FINAL PARTICLE INSPECTION|PARAMETRIC TEST|SWITCHING TEST|FINAL LOT RELEASE|SHIP LOT|FINAL CD INSPECTION|FINAL PARTICLE INSPECTION
valid_0376,CLEAN AFTER METAL ETCH|MEASURE LINE WIDTH|DEPOSIT PASSIVATION|CURE PASSIVATION|MEASURE PASSIVATION QUALITY|OPEN BOND PAD WINDOW|OPEN PAD WINDOW LITHO|DEVELOP PAD WINDOW|PASSIVATION ETCH PAD OPENING|STRIP PHOTORESIST|CLEAN PAD OPENING|MEASURE PAD OPENING|BACKSIDE GRIND|MEASURE WAFER THICKNESS|BACKSIDE ETCH CLEAN|BACKSIDE RINSE|BACKSIDE DRY|BACKSIDE METALLIZATION PREP|DEPOSIT BACKSIDE METAL|BACKSIDE ANNEAL|MEASURE BACKSIDE CONTACT|FINAL CLEAN|FINAL THICKNESS MEASURE|FINAL GEOMETRY CHECK|FINAL CD INSPECTION|FINAL PARTICLE INSPECTION|PARAMETRIC TEST|LEAKAGE TEST|BREAKDOWN VOLTAGE TEST|SWITCHING TEST|YIELD ANALYSIS|WAFER SORT TEST|FINAL LOT RELEASE|SHIP LOT|FINAL CD INSPECTION|FINAL PARTICLE INSPECTION|PARAMETRIC TEST|SWITCHING TEST|WAFER SORT TEST|FINAL LOT RELEASE|SHIP LOT|FINAL CD INSPECTION|FINAL PARTICLE INSPECTION|PARAMETRIC TEST|SWITCHING TEST|FINAL LOT RELEASE|SHIP LOT|FINAL CD INSPECTION|FINAL PARTICLE INSPECTION|PARAMETRIC TEST|LEAKAGE TEST|BREAKDOWN VOLTAGE TEST|SWITCHING TEST|FINAL LOT RELEASE|SHIP LOT|FINAL CD INSPECTION|FINAL PARTICLE INSPECTION|PARAMETRIC TEST|SWITCHING TEST|WAFER SORT TEST|FINAL LOT RELEASE|SHIP LOT|IMPLANT P BODY|BREAKDOWN VOLTAGE TEST|SWITCHING TEST|WAFER SORT TEST|FINAL LOT RELEASE|SHIP LOT|FINAL CD INSPECTION|FINAL PARTICLE INSPECTION|PARAMETRIC TEST|LEAKAGE TEST|BREAKDOWN VOLTAGE TEST|SWITCHING TEST|WAFER SORT TEST|FINAL LOT RELEASE|SHIP LOT|FINAL CD INSPECTION|FINAL PARTICLE INSPECTION|PARAMETRIC TEST
valid_0377,CMP DIELECTRIC|MEASURE SURFACE PLANARITY|SPIN COAT PHOTORESIST|SOFT BAKE|ALIGN MASK LEVEL 5|EXPOSE LITHO LEVEL 5|DEVELOP PHOTORESIST|VIA OPENING INSPECTION|VIA ETCH|STRIP PHOTORESIST|CLEAN AFTER VIA ETCH|MEASURE VIA CD|DEPOSIT BARRIER METAL|DEPOSIT METAL SEED|FILL VIA METAL|CMP METAL|MEASURE VIA RESISTANCE|DEPOSIT METAL 1|ANNEAL METAL 1|SPIN COAT PHOTORESIST|SOFT BAKE|ALIGN MASK LEVEL 6|EXPOSE LITHO LEVEL 6|DEVELOP PHOTORESIST|METAL PATTERN INSPECTION|METAL ETCH DRY|STRIP PHOTORESIST|CLEAN AFTER METAL ETCH|MEASURE LINE WIDTH|DEPOSIT PASSIVATION|CURE PASSIVATION|MEASURE PASSIVATION QUALITY|OPEN BOND PAD WINDOW|OPEN PAD WINDOW LITHO|DEVELOP PAD WINDOW|PASSIVATION ETCH PAD OPENING|STRIP PHOTORESIST|CLEAN PAD OPENING|MEASURE PAD OPENING|BACKSIDE GRIND|MEASURE WAFER THICKNESS|BACKSIDE ETCH CLEAN|BACKSIDE RINSE|BACKSIDE DRY|BACKSIDE METALLIZATION PREP|DEPOSIT BACKSIDE METAL|BACKSIDE ANNEAL|MEASURE BACKSIDE CONTACT|FINAL CLEAN|FINAL THICKNESS MEASURE|FINAL GEOMETRY CHECK|FINAL CD INSPECTION|FINAL PARTICLE INSPECTION|PARAMETRIC TEST|LEAKAGE TEST|BREAKDOWN VOLTAGE TEST|SWITCHING TEST|YIELD ANALYSIS|WAFER SORT TEST|LOT RELEASE|SHIP LOT|FINAL CD INSPECTION|FINAL PARTICLE INSPECTION|PARAMETRIC TEST|SWITCHING TEST|FINAL LOT RELEASE|SHIP LOT|FINAL CD INSPECTION|FINAL PARTICLE INSPECTION|PARAMETRIC TEST|SWITCHING TEST|WAFER SORT TEST|FINAL LOT RELEASE|SHIP LOT|FINAL CD INSPECTION|FINAL PARTICLE INSPECTION|PARAMETRIC TEST|SWITCHING TEST|FINAL LOT RELEASE|SHIP LOT
valid_0378,CURE PASSIVATION|MEASURE PASSIVATION QUALITY|OPEN BOND PAD WINDOW|OPEN PAD WINDOW LITHO|DEVELOP PAD WINDOW|PASSIVATION ETCH PAD OPENING|STRIP PHOTORESIST|CLEAN PAD OPENING|MEASURE PAD OPENING|BACKSIDE GRIND|MEASURE WAFER THICKNESS|BACKSIDE ETCH CLEAN|BACKSIDE RINSE|BACKSIDE DRY|BACKSIDE METALLIZATION PREP|DEPOSIT BACKSIDE METAL|BACKSIDE ANNEAL|MEASURE BACKSIDE CONTACT|FINAL CLEAN|FINAL THICKNESS MEASURE|FINAL GEOMETRY CHECK|FINAL CD INSPECTION|FINAL PARTICLE INSPECTION|PARAMETRIC TEST|LEAKAGE TEST|BREAKDOWN VOLTAGE TEST|SWITCHING TEST|YIELD ANALYSIS|WAFER SORT TEST|LOT RELEASE|SHIP LOT|FINAL CD INSPECTION|FINAL PARTICLE INSPECTION|PARAMETRIC TEST|SWITCHING TEST|FINAL LOT RELEASE|SHIP LOT|FINAL CD INSPECTION|FINAL PARTICLE INSPECTION|PARAMETRIC TEST|SWITCHING TEST|WAFER SORT TEST|FINAL LOT RELEASE|SHIP LOT|FINAL CD INSPECTION|FINAL PARTICLE INSPECTION|PARAMETRIC TEST|SWITCHING TEST|FINAL LOT RELEASE|SHIP LOT|FINAL CD INSPECTION|FINAL PARTICLE INSPECTION|PARAMETRIC TEST|LEAKAGE TEST|BREAKDOWN VOLTAGE TEST|SWITCHING TEST|FINAL LOT RELEASE|SHIP LOT|FINAL CD INSPECTION|FINAL PARTICLE INSPECTION|PARAMETRIC TEST|SWITCHING TEST|WAFER SORT TEST|LOT RELEASE|SHIP LOT|IMPLANT P BODY|LEAKAGE TEST|BREAKDOWN VOLTAGE TEST|SWITCHING TEST|WAFER SORT TEST|FINAL LOT RELEASE|SHIP LOT|FINAL CD INSPECTION|FINAL PARTICLE INSPECTION|PARAMETRIC TEST|LEAKAGE TEST|BREAKDOWN VOLTAGE TEST|SWITCHING TEST|WAFER SORT TEST|FINAL LOT RELEASE
valid_0379,SPIN COAT PHOTORESIST|SOFT BAKE|ALIGN MASK LEVEL 5|EXPOSE LITHO LEVEL 5|DEVELOP PHOTORESIST|VIA OPENING INSPECTION|VIA ETCH|STRIP PHOTORESIST|CLEAN AFTER VIA ETCH|MEASURE VIA CD|DEPOSIT BARRIER METAL|DEPOSIT METAL SEED|FILL VIA METAL|CMP METAL|MEASURE VIA RESISTANCE|DEPOSIT TOP METAL|ANNEAL METAL 1|SPIN COAT PHOTORESIST|SOFT BAKE|ALIGN MASK LEVEL 6|EXPOSE LITHO LEVEL 6|DEVELOP PHOTORESIST|METAL PATTERN INSPECTION|METAL ETCH DRY|STRIP PHOTORESIST|CLEAN AFTER METAL ETCH|MEASURE LINE WIDTH|DEPOSIT PASSIVATION|CURE PASSIVATION|MEASURE PASSIVATION QUALITY|OPEN BOND PAD WINDOW|OPEN PAD WINDOW LITHO|DEVELOP PAD WINDOW|PASSIVATION ETCH PAD OPENING|STRIP PHOTORESIST|CLEAN PAD OPENING|MEASURE PAD OPENING|BACKSIDE GRIND|MEASURE WAFER THICKNESS|BACKSIDE ETCH CLEAN|BACKSIDE RINSE|BACKSIDE DRY|BACKSIDE METALLIZATION PREP|DEPOSIT BACKSIDE METAL|BACKSIDE ANNEAL|MEASURE BACKSIDE CONTACT|FINAL CLEAN|FINAL THICKNESS MEASURE|FINAL GEOMETRY CHECK|FINAL CD INSPECTION|FINAL PARTICLE INSPECTION|PARAMETRIC TEST|LEAKAGE TEST|BREAKDOWN VOLTAGE TEST|SWITCHING TEST|YIELD ANALYSIS|WAFER SORT TEST|LOT RELEASE|SHIP LOT|FINAL CD INSPECTION|FINAL PARTICLE INSPECTION|PARAMETRIC TEST|SWITCHING TEST|FINAL LOT RELEASE|SHIP LOT|FINAL CD INSPECTION|FINAL PARTICLE INSPECTION|PARAMETRIC TEST|SWITCHING TEST|FINAL LOT RELEASE|SHIP LOT|FINAL CD INSPECTION|FINAL PARTICLE INSPECTION|PARAMETRIC TEST|SWITCHING TEST|FINAL LOT RELEASE|SHIP LOT|FINAL CD INSPECTION|FINAL PARTICLE INSPECTION|PARAMETRIC TEST
valid_0380,MEASURE PASSIVATION QUALITY|OPEN BOND PAD WINDOW|OPEN PAD WINDOW LITHO|DEVELOP PAD WINDOW|PASSIVATION ETCH PAD OPENING|STRIP RESIST|CLEAN PAD OPENING|MEASURE PAD OPENING|BACKSIDE GRIND|MEASURE WAFER THICKNESS|BACKSIDE ETCH CLEAN|BACKSIDE RINSE|BACKSIDE DRY|BACKSIDE METALLIZATION PREP|DEPOSIT BACKSIDE METAL|BACKSIDE ANNEAL|MEASURE BACKSIDE CONTACT|FINAL CLEAN|FINAL THICKNESS MEASURE|FINAL GEOMETRY CHECK|FINAL CD INSPECTION|FINAL PARTICLE INSPECTION|PARAMETRIC TEST|LEAKAGE TEST|BREAKDOWN VOLTAGE TEST|SWITCHING TEST|YIELD ANALYSIS|WAFER SORT TEST|LOT RELEASE|SHIP LOT|FINAL CD INSPECTION|FINAL PARTICLE INSPECTION|PARAMETRIC TEST|SWITCHING TEST|FINAL LOT RELEASE|SHIP LOT|FINAL CD INSPECTION|FINAL PARTICLE INSPECTION|PARAMETRIC TEST|SWITCHING TEST|FINAL LOT RELEASE|SHIP LOT|FINAL CD INSPECTION|FINAL PARTICLE INSPECTION|PARAMETRIC TEST|SWITCHING TEST|FINAL LOT RELEASE|SHIP LOT|FINAL CD INSPECTION|FINAL PARTICLE INSPECTION|PARAMETRIC TEST|LEAKAGE TEST|BREAKDOWN VOLTAGE TEST|SWITCHING TEST|FINAL LOT RELEASE|SHIP LOT|FINAL CD INSPECTION|FINAL PARTICLE INSPECTION|PARAMETRIC TEST|SWITCHING TEST|WAFER SORT TEST|FINAL LOT RELEASE|SHIP LOT|FINAL CD INSPECTION|FINAL PARTICLE INSPECTION|PARAMETRIC TEST|LEAKAGE TEST|BREAKDOWN VOLTAGE TEST|SWITCHING TEST|WAFER SORT TEST|FINAL LOT RELEASE|SHIP LOT|FINAL CD INSPECTION|FINAL PARTICLE INSPECTION|PARAMETRIC TEST|LEAKAGE TEST|BREAKDOWN VOLTAGE TEST|SWITCHING TEST|WAFER SORT TEST|FINAL LOT RELEASE
valid_0381,MEASURE FILM THICKNESS|CMP DIELECTRIC|MEASURE SURFACE PLANARITY|SPIN COAT PHOTORESIST|SOFT BAKE|ALIGN MASK LEVEL 5|EXPOSE LITHO LEVEL 5|DEVELOP PHOTORESIST|VIA OPENING INSPECTION|VIA ETCH|STRIP PHOTORESIST|CLEAN AFTER VIA ETCH|MEASURE VIA CD|DEPOSIT BARRIER METAL|DEPOSIT METAL SEED|FILL VIA METAL|CMP METAL|MEASURE VIA RESISTANCE|DEPOSIT METAL 1|ANNEAL METAL 1|SPIN COAT PHOTORESIST|SOFT BAKE|ALIGN MASK LEVEL 6|EXPOSE LITHO LEVEL 6|DEVELOP PHOTORESIST|METAL PATTERN INSPECTION|METAL ETCH DRY|STRIP PHOTORESIST|CLEAN AFTER METAL ETCH|MEASURE LINE WIDTH|DEPOSIT PASSIVATION|CURE PASSIVATION|MEASURE PASSIVATION QUALITY|OPEN BOND PAD WINDOW|OPEN PAD WINDOW LITHO|DEVELOP PHOTORESIST|PASSIVATION ETCH PAD OPENING|STRIP PHOTORESIST|CLEAN PAD OPENING|MEASURE PAD OPENING|BACKSIDE GRIND|MEASURE WAFER THICKNESS|BACKSIDE ETCH CLEAN|BACKSIDE RINSE|BACKSIDE DRY|BACKSIDE METALLIZATION PREP|DEPOSIT BACKSIDE METAL|BACKSIDE ANNEAL|MEASURE BACKSIDE CONTACT|FINAL CLEAN|FINAL THICKNESS MEASURE|FINAL GEOMETRY CHECK|FINAL CD INSPECTION|FINAL PARTICLE INSPECTION|PARAMETRIC TEST|LEAKAGE TEST|BREAKDOWN VOLTAGE TEST|SWITCHING TEST|YIELD ANALYSIS|WAFER SORT TEST|LOT RELEASE|SHIP LOT|FINAL CD INSPECTION|FINAL PARTICLE INSPECTION|PARAMETRIC TEST|SWITCHING TEST|FINAL LOT RELEASE|SHIP LOT|FINAL CD INSPECTION|FINAL PARTICLE INSPECTION|PARAMETRIC TEST|SWITCHING TEST|WAFER SORT TEST|FINAL LOT RELEASE|SHIP LOT|FINAL CD INSPECTION|FINAL PARTICLE INSPECTION|PARAMETRIC TEST|SWITCHING TEST|FINAL LOT RELEASE
valid_0382,MEASURE LINE WIDTH|DEPOSIT PASSIVATION|CURE PASSIVATION|MEASURE PASSIVATION QUALITY|OPEN BOND PAD WINDOW|OPEN PAD WINDOW LITHO|DEVELOP PAD WINDOW|PASSIVATION ETCH PAD OPENING|STRIP PHOTORESIST|CLEAN PAD OPENING|MEASURE PAD OPENING|BACKSIDE GRIND|MEASURE WAFER THICKNESS|BACKSIDE ETCH CLEAN|BACKSIDE RINSE|BACKSIDE DRY|BACKSIDE METALLIZATION PREP|DEPOSIT BACKSIDE METAL|BACKSIDE ANNEAL|MEASURE BACKSIDE CONTACT|FINAL CLEAN|FINAL THICKNESS MEASURE|FINAL GEOMETRY CHECK|FINAL CD INSPECTION|FINAL PARTICLE INSPECTION|PARAMETRIC TEST|LEAKAGE TEST|BREAKDOWN VOLTAGE TEST|SWITCHING TEST|YIELD ANALYSIS|WAFER SORT TEST|LOT RELEASE|SHIP LOT|FINAL CD INSPECTION|FINAL PARTICLE INSPECTION|PARAMETRIC TEST|SWITCHING TEST|FINAL LOT RELEASE|SHIP LOT|FINAL CD INSPECTION|FINAL PARTICLE INSPECTION|PARAMETRIC TEST|SWITCHING TEST|WAFER SORT TEST|FINAL LOT RELEASE|SHIP LOT|FINAL CD INSPECTION|FINAL PARTICLE INSPECTION|PARAMETRIC TEST|SWITCHING TEST|FINAL LOT RELEASE|SHIP LOT|FINAL CD INSPECTION|FINAL PARTICLE INSPECTION|PARAMETRIC TEST|LEAKAGE TEST|BREAKDOWN VOLTAGE TEST|SWITCHING TEST|FINAL LOT RELEASE|SHIP LOT|FINAL CD INSPECTION|FINAL PARTICLE INSPECTION|PARAMETRIC TEST|SWITCHING TEST|WAFER SORT TEST|LOT RELEASE|SHIP LOT|IMPLANT P BODY|BREAKDOWN VOLTAGE TEST|SWITCHING TEST|WAFER SORT TEST|FINAL LOT RELEASE|SHIP LOT|FINAL CD INSPECTION|FINAL PARTICLE INSPECTION|PARAMETRIC TEST|LEAKAGE TEST|BREAKDOWN VOLTAGE TEST|SWITCHING TEST|WAFER SORT TEST
valid_0383,SOFT BAKE|ALIGN MASK LEVEL 5|EXPOSE LITHO LEVEL 5|DEVELOP PHOTORESIST|VIA OPENING INSPECTION|VIA ETCH|STRIP PHOTORESIST|CLEAN AFTER VIA ETCH|MEASURE VIA CD|DEPOSIT BARRIER METAL|DEPOSIT METAL SEED|FILL VIA METAL|CMP METAL|MEASURE VIA RESISTANCE|DEPOSIT METAL 1|ANNEAL METAL 1|SPIN COAT PHOTORESIST|SOFT BAKE|ALIGN MASK LEVEL 6|EXPOSE LITHO LEVEL 6|DEVELOP PHOTORESIST|METAL PATTERN INSPECTION|METAL ETCH DRY|STRIP PHOTORESIST|CLEAN AFTER METAL ETCH|MEASURE LINE WIDTH|DEPOSIT PASSIVATION|CURE PASSIVATION|MEASURE PASSIVATION QUALITY|OPEN BOND PAD WINDOW|OPEN PAD WINDOW LITHO|DEVELOP PAD WINDOW|PASSIVATION ETCH PAD OPENING|STRIP PHOTORESIST|CLEAN PAD OPENING|MEASURE PAD OPENING|BACKSIDE GRIND|MEASURE WAFER THICKNESS|BACKSIDE ETCH CLEAN|BACKSIDE RINSE|BACKSIDE DRY|BACKSIDE METALLIZATION PREP|DEPOSIT BACKSIDE METAL|BACKSIDE ANNEAL|MEASURE BACKSIDE CONTACT|FINAL CLEAN|FINAL THICKNESS MEASURE|FINAL GEOMETRY CHECK|FINAL CD INSPECTION|FINAL PARTICLE INSPECTION|PARAMETRIC TEST|LEAKAGE TEST|BREAKDOWN VOLTAGE TEST|SWITCHING TEST|YIELD ANALYSIS|WAFER SORT TEST|LOT RELEASE|SHIP LOT|FINAL CD INSPECTION|FINAL PARTICLE INSPECTION|PARAMETRIC TEST|SWITCHING TEST|FINAL LOT RELEASE|SHIP LOT|FINAL CD INSPECTION|FINAL PARTICLE INSPECTION|PARAMETRIC TEST|SWITCHING TEST|FINAL LOT RELEASE|SHIP LOT|FINAL CD INSPECTION|FINAL PARTICLE INSPECTION|PARAMETRIC TEST|SWITCHING TEST|FINAL LOT RELEASE|SHIP LOT|FINAL CD INSPECTION|FINAL PARTICLE INSPECTION|PARAMETRIC TEST|LEAKAGE TEST
valid_0384,MEASURE PASSIVATION QUALITY|OPEN BOND PAD WINDOW|OPEN PAD WINDOW LITHO|DEVELOP PAD WINDOW|PASSIVATION ETCH PAD OPENING|STRIP PHOTORESIST|CLEAN PAD OPENING|MEASURE PAD OPENING|BACKSIDE GRIND|MEASURE WAFER THICKNESS|BACKSIDE ETCH CLEAN|BACKSIDE RINSE|BACKSIDE DRY|BACKSIDE METALLIZATION PREP|DEPOSIT BACKSIDE METAL|BACKSIDE ANNEAL|MEASURE BACKSIDE CONTACT|FINAL CLEAN|FINAL THICKNESS MEASURE|FINAL GEOMETRY CHECK|FINAL CD INSPECTION|FINAL PARTICLE INSPECTION|PARAMETRIC TEST|LEAKAGE TEST|BREAKDOWN VOLTAGE TEST|SWITCHING TEST|YIELD ANALYSIS|WAFER SORT TEST|LOT RELEASE|SHIP LOT|FINAL CD INSPECTION|FINAL PARTICLE INSPECTION|ELECTRICAL PARAMETRIC TEST|LEAKAGE TEST|BREAKDOWN VOLTAGE TEST|SWITCHING TEST|FINAL LOT RELEASE|SHIP LOT|FINAL CD INSPECTION|FINAL PARTICLE INSPECTION|PARAMETRIC TEST|SWITCHING TEST|WAFER SORT TEST|FINAL LOT RELEASE|SHIP LOT|FINAL CD INSPECTION|FINAL PARTICLE INSPECTION|PARAMETRIC TEST|SWITCHING TEST|FINAL LOT RELEASE|SHIP LOT|FINAL CD INSPECTION|FINAL PARTICLE INSPECTION|PARAMETRIC TEST|SWITCHING TEST|FINAL LOT RELEASE|SHIP LOT|FINAL CD INSPECTION|FINAL PARTICLE INSPECTION|PARAMETRIC TEST|SWITCHING TEST|WAFER SORT TEST|LOT RELEASE|SHIP LOT|IMPLANT P BODY|LEAKAGE TEST|BREAKDOWN VOLTAGE TEST|SWITCHING TEST|WAFER SORT TEST|FINAL LOT RELEASE|SHIP LOT|FINAL CD INSPECTION|FINAL PARTICLE INSPECTION|PARAMETRIC TEST|LEAKAGE TEST|BREAKDOWN VOLTAGE TEST|SWITCHING TEST|WAFER SORT TEST|FINAL LOT RELEASE|SHIP LOT
valid_0385,MEASURE SURFACE PLANARITY|SPIN COAT PHOTORESIST|SOFT BAKE|ALIGN MASK LEVEL 5|EXPOSE LITHO LEVEL 5|DEVELOP PHOTORESIST|VIA OPENING INSPECTION|VIA ETCH|STRIP PHOTORESIST|CLEAN AFTER VIA ETCH|MEASURE VIA CD|DEPOSIT BARRIER METAL|DEPOSIT METAL SEED|FILL VIA METAL|CMP METAL|MEASURE VIA RESISTANCE|DEPOSIT METAL 1|ANNEAL METAL 1|SPIN COAT PHOTORESIST|SOFT BAKE|ALIGN MASK LEVEL 6|EXPOSE LITHO LEVEL 6|DEVELOP PHOTORESIST|METAL PATTERN INSPECTION|METAL ETCH DRY|STRIP PHOTORESIST|CLEAN AFTER METAL ETCH|MEASURE LINE WIDTH|DEPOSIT PASSIVATION|CURE PASSIVATION|MEASURE PASSIVATION QUALITY|OPEN BOND PAD WINDOW|OPEN PAD WINDOW LITHO|DEVELOP PAD WINDOW|PASSIVATION ETCH PAD OPENING|STRIP PHOTORESIST|CLEAN PAD OPENING|MEASURE PAD OPENING|BACKSIDE GRIND|MEASURE WAFER THICKNESS|BACKSIDE ETCH CLEAN|BACKSIDE RINSE|BACKSIDE DRY|BACKSIDE METALLIZATION PREP|DEPOSIT BACKSIDE METAL|BACKSIDE ANNEAL|MEASURE BACKSIDE CONTACT|FINAL CLEAN|FINAL THICKNESS MEASURE|FINAL GEOMETRY CHECK|FINAL CD INSPECTION|FINAL PARTICLE INSPECTION|PARAMETRIC TEST|LEAKAGE TEST|BREAKDOWN VOLTAGE TEST|SWITCHING TEST|YIELD ANALYSIS|WAFER SORT TEST|LOT RELEASE|SHIP LOT|FINAL CD INSPECTION|FINAL PARTICLE INSPECTION|PARAMETRIC TEST|SWITCHING TEST|FINAL LOT RELEASE|SHIP LOT|FINAL CD INSPECTION|FINAL PARTICLE INSPECTION|PARAMETRIC TEST|SWITCHING TEST|WAFER SORT TEST|FINAL LOT RELEASE|SHIP LOT|FINAL CD INSPECTION|FINAL PARTICLE INSPECTION|PARAMETRIC TEST|SWITCHING TEST|FINAL LOT RELEASE|SHIP LOT|FINAL CD INSPECTION
valid_0386,CURE PASSIVATION|MEASURE PASSIVATION QUALITY|OPEN BOND PAD WINDOW|OPEN PAD WINDOW LITHO|DEVELOP PAD WINDOW|PASSIVATION ETCH PAD OPENING|STRIP PHOTORESIST|CLEAN PAD OPENING|MEASURE PAD OPENING|BACKSIDE GRIND|MEASURE WAFER THICKNESS|BACKSIDE ETCH CLEAN|BACKSIDE RINSE|BACKSIDE DRY|BACKSIDE METALLIZATION PREP|DEPOSIT BACKSIDE METAL|BACKSIDE ANNEAL|MEASURE BACKSIDE CONTACT|FINAL CLEAN|FINAL THICKNESS MEASURE|FINAL GEOMETRY CHECK|FINAL CD INSPECTION|FINAL PARTICLE INSPECTION|PARAMETRIC TEST|LEAKAGE TEST|BREAKDOWN VOLTAGE TEST|SWITCHING TEST|YIELD ANALYSIS|WAFER SORT TEST|LOT RELEASE|SHIP LOT|FINAL CD INSPECTION|FINAL PARTICLE INSPECTION|PARAMETRIC TEST|SWITCHING TEST|FINAL LOT RELEASE|SHIP LOT|FINAL CD INSPECTION|FINAL PARTICLE INSPECTION|PARAMETRIC TEST|SWITCHING TEST|WAFER SORT TEST|FINAL LOT RELEASE|SHIP LOT|FINAL CD INSPECTION|FINAL PARTICLE INSPECTION|PARAMETRIC TEST|SWITCHING TEST|FINAL LOT RELEASE|SHIP LOT|FINAL CD INSPECTION|FINAL PARTICLE INSPECTION|PARAMETRIC TEST|LEAKAGE TEST|BREAKDOWN VOLTAGE TEST|SWITCHING TEST|FINAL LOT RELEASE|SHIP LOT|FINAL CD INSPECTION|FINAL PARTICLE INSPECTION|PARAMETRIC TEST|SWITCHING TEST|WAFER SORT TEST|FINAL LOT RELEASE|SHIP LOT|IMPLANT P BODY|LEAKAGE TEST|BREAKDOWN VOLTAGE TEST|SWITCHING TEST|WAFER SORT TEST|FINAL LOT RELEASE|SHIP LOT|FINAL CD INSPECTION|FINAL PARTICLE INSPECTION|PARAMETRIC TEST|LEAKAGE TEST|BREAKDOWN VOLTAGE TEST|SWITCHING TEST|WAFER SORT TEST|FINAL LOT RELEASE
valid_0387,ALIGN MASK LEVEL 5|EXPOSE LITHO LEVEL 5|DEVELOP PHOTORESIST|VIA OPENING INSPECTION|VIA ETCH|STRIP PHOTORESIST|CLEAN AFTER VIA ETCH|MEASURE VIA CD|DEPOSIT BARRIER METAL|DEPOSIT METAL SEED|FILL VIA METAL|CMP METAL|MEASURE VIA RESISTANCE|DEPOSIT TOP METAL|ANNEAL METAL|SPIN COAT PHOTORESIST|SOFT BAKE|ALIGN MASK LEVEL 6|EXPOSE LITHO LEVEL 6|DEVELOP PHOTORESIST|METAL PATTERN INSPECTION|METAL ETCH DRY|STRIP PHOTORESIST|CLEAN AFTER METAL ETCH|MEASURE LINE WIDTH|DEPOSIT PASSIVATION|CURE PASSIVATION|MEASURE PASSIVATION QUALITY|OPEN BOND PAD WINDOW|OPEN PAD WINDOW LITHO|DEVELOP PAD WINDOW|PASSIVATION ETCH PAD OPENING|STRIP PHOTORESIST|CLEAN PAD OPENING|MEASURE PAD OPENING|BACKSIDE GRIND|MEASURE WAFER THICKNESS|BACKSIDE ETCH CLEAN|BACKSIDE RINSE|BACKSIDE DRY|BACKSIDE METALLIZATION PREP|DEPOSIT BACKSIDE METAL|BACKSIDE ANNEAL|MEASURE BACKSIDE CONTACT|FINAL CLEAN|FINAL THICKNESS MEASURE|FINAL GEOMETRY CHECK|FINAL CD INSPECTION|FINAL PARTICLE INSPECTION|PARAMETRIC TEST|LEAKAGE TEST|BREAKDOWN VOLTAGE TEST|SWITCHING TEST|YIELD ANALYSIS|WAFER SORT TEST|FINAL LOT RELEASE|SHIP LOT|FINAL CD INSPECTION|FINAL PARTICLE INSPECTION|PARAMETRIC TEST|SWITCHING TEST|FINAL LOT RELEASE|SHIP LOT|FINAL CD INSPECTION|FINAL PARTICLE INSPECTION|PARAMETRIC TEST|SWITCHING TEST|FINAL LOT RELEASE|SHIP LOT|IMPLANT P BODY|BREAKDOWN VOLTAGE TEST|SWITCHING TEST|WAFER SORT TEST|FINAL LOT RELEASE|SHIP LOT|FINAL CD INSPECTION|FINAL PARTICLE INSPECTION|PARAMETRIC TEST|SWITCHING TEST|FINAL LOT RELEASE
valid_0388,CURE PASSIVATION|MEASURE PASSIVATION QUALITY|OPEN BOND PAD WINDOW|OPEN PAD WINDOW LITHO|DEVELOP PAD WINDOW|PASSIVATION ETCH PAD OPENING|STRIP PHOTORESIST|CLEAN PAD OPENING|MEASURE PAD OPENING|BACKSIDE GRIND|MEASURE WAFER THICKNESS|BACKSIDE ETCH CLEAN|BACKSIDE RINSE|BACKSIDE DRY|BACKSIDE METALLIZATION PREP|DEPOSIT BACKSIDE METAL|BACKSIDE ANNEAL|MEASURE BACKSIDE CONTACT|FINAL CLEAN|FINAL THICKNESS MEASURE|FINAL GEOMETRY CHECK|FINAL CD INSPECTION|FINAL PARTICLE INSPECTION|PARAMETRIC TEST|LEAKAGE TEST|BREAKDOWN VOLTAGE TEST|SWITCHING TEST|YIELD ANALYSIS|WAFER SORT TEST|LOT RELEASE|SHIP LOT|FINAL CD INSPECTION|FINAL PARTICLE INSPECTION|PARAMETRIC TEST|SWITCHING TEST|FINAL LOT RELEASE|SHIP LOT|FINAL CD INSPECTION|FINAL PARTICLE INSPECTION|PARAMETRIC TEST|SWITCHING TEST|FINAL LOT RELEASE|SHIP LOT|FINAL CD INSPECTION|FINAL PARTICLE INSPECTION|PARAMETRIC TEST|SWITCHING TEST|WAFER SORT TEST|FINAL LOT RELEASE|SHIP LOT|FINAL CD INSPECTION|FINAL PARTICLE INSPECTION|PARAMETRIC TEST|LEAKAGE TEST|BREAKDOWN VOLTAGE TEST|SWITCHING TEST|FINAL LOT RELEASE|SHIP LOT|FINAL CD INSPECTION|FINAL PARTICLE INSPECTION|PARAMETRIC TEST|SWITCHING TEST|WAFER SORT TEST|FINAL LOT RELEASE|SHIP LOT|FINAL CD INSPECTION|FINAL PARTICLE INSPECTION|PARAMETRIC TEST|LEAKAGE TEST|BREAKDOWN VOLTAGE TEST|SWITCHING TEST|WAFER SORT TEST|FINAL LOT RELEASE|SHIP LOT|FINAL CD INSPECTION|FINAL PARTICLE INSPECTION|PARAMETRIC TEST|LEAKAGE TEST|BREAKDOWN VOLTAGE TEST|SWITCHING TEST
valid_0389,MEASURE SURFACE PLANARITY|SPIN COAT PHOTORESIST|SOFT BAKE|ALIGN MASK LEVEL 5|EXPOSE LITHO LEVEL 5|DEVELOP PHOTORESIST|VIA OPENING INSPECTION|VIA ETCH|STRIP PHOTORESIST|CLEAN AFTER VIA ETCH|MEASURE VIA CD|DEPOSIT BARRIER METAL|DEPOSIT METAL SEED|FILL VIA METAL|CMP METAL|MEASURE VIA RESISTANCE|DEPOSIT TOP METAL|ANNEAL METAL 1|SPIN COAT PHOTORESIST|SOFT BAKE|ALIGN MASK LEVEL 6|EXPOSE LITHO LEVEL 6|DEVELOP PHOTORESIST|METAL PATTERN INSPECTION|METAL ETCH DRY|STRIP PHOTORESIST|CLEAN AFTER METAL ETCH|MEASURE LINE WIDTH|DEPOSIT PASSIVATION|CURE PASSIVATION|MEASURE PASSIVATION QUALITY|OPEN BOND PAD WINDOW|OPEN PAD WINDOW LITHO|DEVELOP PAD WINDOW|PASSIVATION ETCH PAD OPENING|STRIP PHOTORESIST|CLEAN PAD OPENING|MEASURE PAD OPENING|BACKSIDE GRIND|MEASURE WAFER THICKNESS|BACKSIDE ETCH CLEAN|BACKSIDE RINSE|BACKSIDE DRY|BACKSIDE METALLIZATION PREP|DEPOSIT BACKSIDE METAL|BACKSIDE ANNEAL|MEASURE BACKSIDE CONTACT|FINAL CLEAN|FINAL THICKNESS MEASURE|FINAL GEOMETRY CHECK|FINAL CD INSPECTION|FINAL PARTICLE INSPECTION|PARAMETRIC TEST|LEAKAGE TEST|BREAKDOWN VOLTAGE TEST|SWITCHING TEST|YIELD ANALYSIS|WAFER SORT TEST|LOT RELEASE|SHIP LOT|FINAL CD INSPECTION|FINAL PARTICLE INSPECTION|PARAMETRIC TEST|SWITCHING TEST|FINAL LOT RELEASE|SHIP LOT|FINAL CD INSPECTION|FINAL PARTICLE INSPECTION|PARAMETRIC TEST|SWITCHING TEST|WAFER SORT TEST|FINAL LOT RELEASE|SHIP LOT|FINAL CD INSPECTION|FINAL PARTICLE INSPECTION|PARAMETRIC TEST|SWITCHING TEST|FINAL LOT RELEASE|SHIP LOT|FINAL CD INSPECTION
valid_0390,CURE PASSIVATION|MEASURE PASSIVATION QUALITY|OPEN BOND PAD WINDOW|OPEN PAD WINDOW LITHO|DEVELOP PAD WINDOW|PASSIVATION ETCH PAD OPENING|STRIP PHOTORESIST|CLEAN PAD OPENING|MEASURE PAD OPENING|BACKSIDE GRIND|MEASURE WAFER THICKNESS|BACKSIDE ETCH CLEAN|BACKSIDE RINSE|BACKSIDE DRY|BACKSIDE METALLIZATION PREP|DEPOSIT BACKSIDE METAL|BACKSIDE ANNEAL|MEASURE BACKSIDE CONTACT|FINAL CLEAN|FINAL THICKNESS MEASURE|FINAL GEOMETRY CHECK|FINAL CD INSPECTION|FINAL PARTICLE INSPECTION|PARAMETRIC TEST|LEAKAGE TEST|BREAKDOWN VOLTAGE TEST|SWITCHING TEST|YIELD ANALYSIS|WAFER SORT TEST|LOT RELEASE|SHIP LOT|FINAL CD INSPECTION|FINAL PARTICLE INSPECTION|PARAMETRIC TEST|SWITCHING TEST|FINAL LOT RELEASE|SHIP LOT|FINAL CD INSPECTION|FINAL PARTICLE INSPECTION|PARAMETRIC TEST|SWITCHING TEST|WAFER SORT TEST|FINAL LOT RELEASE|SHIP LOT|FINAL CD INSPECTION|FINAL PARTICLE INSPECTION|PARAMETRIC TEST|SWITCHING TEST|FINAL LOT RELEASE|SHIP LOT|FINAL CD INSPECTION|FINAL PARTICLE INSPECTION|PARAMETRIC TEST|LEAKAGE TEST|BREAKDOWN VOLTAGE TEST|SWITCHING TEST|FINAL LOT RELEASE|SHIP LOT|FINAL CD INSPECTION|FINAL PARTICLE INSPECTION|PARAMETRIC TEST|SWITCHING TEST|WAFER SORT TEST|LOT RELEASE|SHIP LOT|IMPLANT P BODY|LEAKAGE TEST|BREAKDOWN VOLTAGE TEST|SWITCHING TEST|WAFER SORT TEST|FINAL LOT RELEASE|SHIP LOT|FINAL CD INSPECTION|FINAL PARTICLE INSPECTION|PARAMETRIC TEST|LEAKAGE TEST|BREAKDOWN VOLTAGE TEST|SWITCHING TEST|WAFER SORT TEST|FINAL LOT RELEASE
valid_0391,SPIN COAT PHOTORESIST|SOFT BAKE|ALIGN MASK LEVEL 5|EXPOSE LITHO LEVEL 5|DEVELOP PHOTORESIST|VIA OPENING INSPECTION|VIA ETCH|STRIP PHOTORESIST|CLEAN AFTER VIA ETCH|MEASURE VIA CD|DEPOSIT BARRIER METAL|DEPOSIT METAL SEED|FILL VIA METAL|CMP METAL|MEASURE VIA RESISTANCE|DEPOSIT TOP METAL|ANNEAL METAL 1|SPIN COAT PHOTORESIST|SOFT BAKE|ALIGN MASK LEVEL 6|EXPOSE LITHO LEVEL 6|DEVELOP PHOTORESIST|METAL PATTERN INSPECTION|METAL ETCH DRY|STRIP PHOTORESIST|CLEAN AFTER METAL ETCH|MEASURE LINE WIDTH|DEPOSIT PASSIVATION|CURE PASSIVATION|MEASURE PASSIVATION QUALITY|OPEN BOND PAD WINDOW|OPEN PAD WINDOW LITHO|DEVELOP PAD WINDOW|PASSIVATION ETCH PAD OPENING|STRIP PHOTORESIST|CLEAN PAD OPENING|MEASURE PAD OPENING|BACKSIDE GRIND|MEASURE WAFER THICKNESS|BACKSIDE ETCH CLEAN|BACKSIDE RINSE|BACKSIDE DRY|BACKSIDE METALLIZATION PREP|DEPOSIT BACKSIDE METAL|BACKSIDE ANNEAL|MEASURE BACKSIDE CONTACT|FINAL CLEAN|FINAL THICKNESS MEASURE|FINAL GEOMETRY CHECK|FINAL CD INSPECTION|FINAL PARTICLE INSPECTION|PARAMETRIC TEST|LEAKAGE TEST|BREAKDOWN VOLTAGE TEST|SWITCHING TEST|YIELD ANALYSIS|WAFER SORT TEST|LOT RELEASE|SHIP LOT|FINAL CD INSPECTION|FINAL PARTICLE INSPECTION|PARAMETRIC TEST|SWITCHING TEST|FINAL LOT RELEASE|SHIP LOT|FINAL CD INSPECTION|FINAL PARTICLE INSPECTION|PARAMETRIC TEST|SWITCHING TEST|FINAL LOT RELEASE|SHIP LOT|FINAL CD INSPECTION|FINAL PARTICLE INSPECTION|PARAMETRIC TEST|SWITCHING TEST|FINAL LOT RELEASE|SHIP LOT|FINAL CD INSPECTION|FINAL PARTICLE INSPECTION|PARAMETRIC TEST
valid_0392,DEPOSIT PASSIVATION|CURE PASSIVATION|MEASURE PASSIVATION QUALITY|OPEN BOND PAD WINDOW|OPEN PAD WINDOW LITHO|DEVELOP PHOTORESIST|PASSIVATION ETCH PAD OPENING|STRIP PHOTORESIST|CLEAN PAD OPENING|MEASURE PAD OPENING|BACKSIDE GRIND|MEASURE WAFER THICKNESS|BACKSIDE ETCH CLEAN|BACKSIDE RINSE|BACKSIDE DRY|BACKSIDE METALLIZATION PREP|DEPOSIT BACKSIDE METAL|BACKSIDE ANNEAL|MEASURE BACKSIDE CONTACT|FINAL CLEAN|FINAL THICKNESS MEASURE|FINAL GEOMETRY CHECK|FINAL CD INSPECTION|FINAL PARTICLE INSPECTION|PARAMETRIC TEST|LEAKAGE TEST|BREAKDOWN VOLTAGE TEST|SWITCHING TEST|YIELD ANALYSIS|WAFER SORT TEST|LOT RELEASE|SHIP LOT|FINAL CD INSPECTION|FINAL PARTICLE INSPECTION|PARAMETRIC TEST|SWITCHING TEST|FINAL LOT RELEASE|SHIP LOT|IMPLANT P BODY|BREAKDOWN VOLTAGE TEST|SWITCHING TEST|WAFER SORT TEST|FINAL LOT RELEASE|SHIP LOT|FINAL CD INSPECTION|FINAL PARTICLE INSPECTION|PARAMETRIC TEST|SWITCHING TEST|FINAL LOT RELEASE|SHIP LOT|FINAL CD INSPECTION|FINAL PARTICLE INSPECTION|PARAMETRIC TEST|LEAKAGE TEST|BREAKDOWN VOLTAGE TEST|SWITCHING TEST|FINAL LOT RELEASE|SHIP LOT|FINAL CD INSPECTION|FINAL PARTICLE INSPECTION|PARAMETRIC TEST|SWITCHING TEST|WAFER SORT TEST|LOT RELEASE|SHIP LOT|IMPLANT P BODY|BREAKDOWN VOLTAGE TEST|SWITCHING TEST|WAFER SORT TEST|FINAL LOT RELEASE|SHIP LOT|FINAL CD INSPECTION|FINAL PARTICLE INSPECTION|PARAMETRIC TEST|LEAKAGE TEST|BREAKDOWN VOLTAGE TEST|SWITCHING TEST|WAFER SORT TEST|FINAL LOT RELEASE|SHIP LOT
valid_0393,MEASURE SURFACE PLANARITY|SPIN COAT PHOTORESIST|SOFT BAKE|ALIGN MASK LEVEL 5|EXPOSE LITHO LEVEL 5|DEVELOP PHOTORESIST|VIA OPENING INSPECTION|VIA ETCH|STRIP PHOTORESIST|CLEAN AFTER VIA ETCH|MEASURE VIA CD|DEPOSIT BARRIER METAL|DEPOSIT METAL SEED|FILL VIA METAL|CMP METAL|MEASURE VIA RESISTANCE|DEPOSIT METAL 1|ANNEAL METAL 1|SPIN COAT PHOTORESIST|SOFT BAKE|ALIGN MASK LEVEL 6|EXPOSE LITHO LEVEL 6|DEVELOP PHOTORESIST|METAL PATTERN INSPECTION|METAL ETCH DRY|STRIP PHOTORESIST|CLEAN AFTER METAL ETCH|MEASURE LINE WIDTH|DEPOSIT PASSIVATION|CURE PASSIVATION|MEASURE PASSIVATION QUALITY|OPEN BOND PAD WINDOW|OPEN PAD WINDOW LITHO|DEVELOP PAD WINDOW|PASSIVATION ETCH PAD OPENING|STRIP PHOTORESIST|CLEAN PAD OPENING|MEASURE PAD OPENING|BACKSIDE GRIND|MEASURE WAFER THICKNESS|BACKSIDE ETCH CLEAN|BACKSIDE RINSE|BACKSIDE DRY|BACKSIDE METALLIZATION PREP|DEPOSIT BACKSIDE METAL|BACKSIDE ANNEAL|MEASURE BACKSIDE CONTACT|FINAL CLEAN|FINAL THICKNESS MEASURE|FINAL GEOMETRY CHECK|FINAL CD INSPECTION|FINAL PARTICLE INSPECTION|PARAMETRIC TEST|LEAKAGE TEST|BREAKDOWN VOLTAGE TEST|SWITCHING TEST|YIELD ANALYSIS|WAFER SORT TEST|LOT RELEASE|SHIP LOT|FINAL CD INSPECTION|FINAL PARTICLE INSPECTION|PARAMETRIC TEST|SWITCHING TEST|FINAL LOT RELEASE|SHIP LOT|FINAL CD INSPECTION|FINAL PARTICLE INSPECTION|PARAMETRIC TEST|SWITCHING TEST|FINAL LOT RELEASE|SHIP LOT|FINAL CD INSPECTION|FINAL PARTICLE INSPECTION|PARAMETRIC TEST|SWITCHING TEST|WAFER SORT TEST|FINAL LOT RELEASE|SHIP LOT|FINAL CD INSPECTION
valid_0394,CURE PASSIVATION|MEASURE PASSIVATION QUALITY|OPEN BOND PAD WINDOW|OPEN PAD WINDOW LITHO|DEVELOP PAD WINDOW|PASSIVATION ETCH PAD OPENING|STRIP PHOTORESIST|CLEAN PAD OPENING|MEASURE PAD OPENING|BACKSIDE GRIND|MEASURE WAFER THICKNESS|BACKSIDE ETCH CLEAN|BACKSIDE RINSE|BACKSIDE DRY|BACKSIDE METALLIZATION PREP|DEPOSIT BACKSIDE METAL|BACKSIDE ANNEAL|MEASURE BACKSIDE CONTACT|FINAL CLEAN|FINAL THICKNESS MEASURE|FINAL GEOMETRY CHECK|FINAL CD INSPECTION|FINAL PARTICLE INSPECTION|PARAMETRIC TEST|LEAKAGE TEST|BREAKDOWN VOLTAGE TEST|SWITCHING TEST|YIELD ANALYSIS|WAFER SORT TEST|LOT RELEASE|SHIP LOT|FINAL CD INSPECTION|FINAL PARTICLE INSPECTION|PARAMETRIC TEST|SWITCHING TEST|FINAL LOT RELEASE|SHIP LOT|FINAL CD INSPECTION|FINAL PARTICLE INSPECTION|PARAMETRIC TEST|SWITCHING TEST|FINAL LOT RELEASE|SHIP LOT|FINAL CD INSPECTION|FINAL PARTICLE INSPECTION|PARAMETRIC TEST|SWITCHING TEST|WAFER SORT TEST|FINAL LOT RELEASE|SHIP LOT|FINAL CD INSPECTION|FINAL PARTICLE INSPECTION|PARAMETRIC TEST|LEAKAGE TEST|BREAKDOWN VOLTAGE TEST|SWITCHING TEST|FINAL LOT RELEASE|SHIP LOT|FINAL CD INSPECTION|FINAL PARTICLE INSPECTION|PARAMETRIC TEST|SWITCHING TEST|WAFER SORT TEST|FINAL LOT RELEASE|SHIP LOT|FINAL CD INSPECTION|FINAL PARTICLE INSPECTION|PARAMETRIC TEST|LEAKAGE TEST|BREAKDOWN VOLTAGE TEST|SWITCHING TEST|WAFER SORT TEST|FINAL LOT RELEASE|SHIP LOT|FINAL CD INSPECTION|FINAL PARTICLE INSPECTION|PARAMETRIC TEST|LEAKAGE TEST|BREAKDOWN VOLTAGE TEST|SWITCHING TEST
valid_0395,SPIN COAT PHOTORESIST|SOFT BAKE|ALIGN MASK LEVEL 5|EXPOSE LITHO LEVEL 5|DEVELOP PHOTORESIST|VIA OPENING INSPECTION|VIA ETCH|STRIP PHOTORESIST|CLEAN AFTER VIA ETCH|MEASURE VIA CD|DEPOSIT BARRIER METAL|DEPOSIT METAL SEED|FILL VIA METAL|CMP METAL|MEASURE VIA RESISTANCE|DEPOSIT METAL 1|ANNEAL METAL|SPIN COAT PHOTORESIST|SOFT BAKE|ALIGN MASK LEVEL 6|EXPOSE LITHO LEVEL 6|DEVELOP PHOTORESIST|METAL PATTERN INSPECTION|METAL ETCH DRY|STRIP PHOTORESIST|CLEAN AFTER METAL ETCH|MEASURE LINE WIDTH|DEPOSIT PASSIVATION|CURE PASSIVATION|MEASURE PASSIVATION QUALITY|OPEN BOND PAD WINDOW|OPEN PAD WINDOW LITHO|DEVELOP PAD WINDOW|PASSIVATION ETCH PAD OPENING|STRIP PHOTORESIST|CLEAN PAD OPENING|MEASURE PAD OPENING|BACKSIDE GRIND|MEASURE WAFER THICKNESS|BACKSIDE ETCH CLEAN|BACKSIDE RINSE|BACKSIDE DRY|BACKSIDE METALLIZATION PREP|DEPOSIT BACKSIDE METAL|BACKSIDE ANNEAL|MEASURE BACKSIDE CONTACT|FINAL CLEAN|FINAL THICKNESS MEASURE|FINAL GEOMETRY CHECK|FINAL CD INSPECTION|FINAL PARTICLE INSPECTION|PARAMETRIC TEST|LEAKAGE TEST|BREAKDOWN VOLTAGE TEST|SWITCHING TEST|YIELD ANALYSIS|WAFER SORT TEST|FINAL LOT RELEASE|SHIP LOT|FINAL CD INSPECTION|FINAL PARTICLE INSPECTION|PARAMETRIC TEST|SWITCHING TEST|WAFER SORT TEST|LOT RELEASE|SHIP LOT|FINAL CD INSPECTION|FINAL PARTICLE INSPECTION|PARAMETRIC TEST|SWITCHING TEST|FINAL LOT RELEASE|SHIP LOT|IMPLANT P BODY|BREAKDOWN VOLTAGE TEST|SWITCHING TEST|FINAL LOT RELEASE|SHIP LOT|FINAL CD INSPECTION|FINAL PARTICLE INSPECTION|PARAMETRIC TEST
valid_0396,MEASURE PASSIVATION QUALITY|OPEN BOND PAD WINDOW|OPEN PAD WINDOW LITHO|DEVELOP PAD WINDOW|PASSIVATION ETCH PAD OPENING|STRIP PHOTORESIST|CLEAN PAD OPENING|MEASURE PAD OPENING|BACKSIDE GRIND|MEASURE WAFER THICKNESS|BACKSIDE ETCH CLEAN|BACKSIDE RINSE|BACKSIDE DRY|BACKSIDE METALLIZATION PREP|DEPOSIT BACKSIDE METAL|BACKSIDE ANNEAL|MEASURE BACKSIDE CONTACT|FINAL CLEAN|FINAL THICKNESS MEASURE|FINAL GEOMETRY CHECK|FINAL CD INSPECTION|FINAL PARTICLE INSPECTION|PARAMETRIC TEST|LEAKAGE TEST|BREAKDOWN VOLTAGE TEST|SWITCHING TEST|YIELD ANALYSIS|WAFER SORT TEST|FINAL LOT RELEASE|SHIP LOT|FINAL CD INSPECTION|FINAL PARTICLE INSPECTION|PARAMETRIC TEST|SWITCHING TEST|WAFER SORT TEST|LOT RELEASE|SHIP LOT|FINAL CD INSPECTION|FINAL PARTICLE INSPECTION|PARAMETRIC TEST|SWITCHING TEST|FINAL LOT RELEASE|SHIP LOT|IMPLANT P BODY|BREAKDOWN VOLTAGE TEST|SWITCHING TEST|FINAL LOT RELEASE|SHIP LOT|FINAL CD INSPECTION|FINAL PARTICLE INSPECTION|PARAMETRIC TEST|SWITCHING TEST|FINAL LOT RELEASE|SHIP LOT|FINAL CD INSPECTION|FINAL PARTICLE INSPECTION|PARAMETRIC TEST|LEAKAGE TEST|BREAKDOWN VOLTAGE TEST|SWITCHING TEST|FINAL LOT RELEASE|SHIP LOT|FINAL CD INSPECTION|FINAL PARTICLE INSPECTION|PARAMETRIC TEST|SWITCHING TEST|WAFER SORT TEST|FINAL LOT RELEASE|SHIP LOT|IMPLANT P BODY|BREAKDOWN VOLTAGE TEST|SWITCHING TEST|WAFER SORT TEST|FINAL LOT RELEASE|SHIP LOT|FINAL CD INSPECTION|FINAL PARTICLE INSPECTION|PARAMETRIC TEST|LEAKAGE TEST|BREAKDOWN VOLTAGE TEST
valid_0397,CMP DIELECTRIC|MEASURE SURFACE PLANARITY|SPIN COAT PHOTORESIST|SOFT BAKE|ALIGN MASK LEVEL 5|EXPOSE LITHO LEVEL 5|DEVELOP PHOTORESIST|VIA OPENING INSPECTION|VIA ETCH|STRIP PHOTORESIST|CLEAN AFTER VIA ETCH|MEASURE VIA CD|DEPOSIT BARRIER METAL|DEPOSIT METAL SEED|FILL VIA METAL|CMP METAL|MEASURE VIA RESISTANCE|DEPOSIT METAL 1|ANNEAL METAL 1|SPIN COAT PHOTORESIST|SOFT BAKE|ALIGN MASK LEVEL 6|EXPOSE LITHO LEVEL 6|DEVELOP PHOTORESIST|METAL PATTERN INSPECTION|METAL ETCH DRY|STRIP RESIST|CLEAN AFTER METAL ETCH|MEASURE LINE WIDTH|DEPOSIT PASSIVATION|CURE PASSIVATION|MEASURE PASSIVATION QUALITY|OPEN BOND PAD WINDOW|OPEN PAD WINDOW LITHO|DEVELOP PAD WINDOW|PASSIVATION ETCH PAD OPENING|STRIP PHOTORESIST|CLEAN PAD OPENING|MEASURE PAD OPENING|BACKSIDE GRIND|MEASURE WAFER THICKNESS|BACKSIDE ETCH CLEAN|BACKSIDE RINSE|BACKSIDE DRY|BACKSIDE METALLIZATION PREP|DEPOSIT BACKSIDE METAL|BACKSIDE ANNEAL|MEASURE BACKSIDE CONTACT|FINAL CLEAN|FINAL THICKNESS MEASURE|FINAL GEOMETRY CHECK|FINAL CD INSPECTION|FINAL PARTICLE INSPECTION|PARAMETRIC TEST|LEAKAGE TEST|BREAKDOWN VOLTAGE TEST|SWITCHING TEST|YIELD ANALYSIS|WAFER SORT TEST|LOT RELEASE|SHIP LOT|FINAL CD INSPECTION|FINAL PARTICLE INSPECTION|PARAMETRIC TEST|SWITCHING TEST|FINAL LOT RELEASE|SHIP LOT|FINAL CD INSPECTION|FINAL PARTICLE INSPECTION|PARAMETRIC TEST|SWITCHING TEST|WAFER SORT TEST|FINAL LOT RELEASE|SHIP LOT|FINAL CD INSPECTION|FINAL PARTICLE INSPECTION|PARAMETRIC TEST|LEAKAGE TEST|BREAKDOWN VOLTAGE TEST|SWITCHING TEST
valid_0398,CURE PASSIVATION|MEASURE PASSIVATION QUALITY|OPEN BOND PAD WINDOW|OPEN PAD WINDOW LITHO|DEVELOP PAD WINDOW|PASSIVATION ETCH PAD OPENING|STRIP PHOTORESIST|CLEAN PAD OPENING|MEASURE PAD OPENING|BACKSIDE GRIND|MEASURE WAFER THICKNESS|BACKSIDE ETCH CLEAN|BACKSIDE RINSE|BACKSIDE DRY|BACKSIDE METALLIZATION PREP|DEPOSIT BACKSIDE METAL|BACKSIDE ANNEAL|MEASURE BACKSIDE CONTACT|FINAL CLEAN|FINAL THICKNESS MEASURE|FINAL GEOMETRY CHECK|FINAL CD INSPECTION|FINAL PARTICLE INSPECTION|PARAMETRIC TEST|LEAKAGE TEST|BREAKDOWN VOLTAGE TEST|SWITCHING TEST|YIELD ANALYSIS|WAFER SORT TEST|LOT RELEASE|SHIP LOT|FINAL CD INSPECTION|FINAL PARTICLE INSPECTION|PARAMETRIC TEST|SWITCHING TEST|FINAL LOT RELEASE|SHIP LOT|FINAL CD INSPECTION|FINAL PARTICLE INSPECTION|PARAMETRIC TEST|SWITCHING TEST|WAFER SORT TEST|FINAL LOT RELEASE|SHIP LOT|FINAL CD INSPECTION|FINAL PARTICLE INSPECTION|PARAMETRIC TEST|LEAKAGE TEST|BREAKDOWN VOLTAGE TEST|SWITCHING TEST|FINAL LOT RELEASE|SHIP LOT|FINAL CD INSPECTION|FINAL PARTICLE INSPECTION|PARAMETRIC TEST|LEAKAGE TEST|BREAKDOWN VOLTAGE TEST|SWITCHING TEST|WAFER SORT TEST|FINAL LOT RELEASE|SHIP LOT|FINAL CD INSPECTION|FINAL PARTICLE INSPECTION|PARAMETRIC TEST|LEAKAGE TEST|BREAKDOWN VOLTAGE TEST|SWITCHING TEST|WAFER SORT TEST|FINAL LOT RELEASE|SHIP LOT|FINAL CD INSPECTION|FINAL PARTICLE INSPECTION|PARAMETRIC TEST|LEAKAGE TEST|BREAKDOWN VOLTAGE TEST|SWITCHING TEST|WAFER SORT TEST|FINAL LOT RELEASE|SHIP LOT|FINAL CD INSPECTION
valid_0399,MEASURE SURFACE PLANARITY|SPIN COAT PHOTORESIST|SOFT BAKE|ALIGN MASK LEVEL 5|EXPOSE LITHO LEVEL 5|DEVELOP PHOTORESIST|VIA OPENING INSPECTION|VIA ETCH|STRIP PHOTORESIST|CLEAN AFTER VIA ETCH|MEASURE VIA CD|DEPOSIT BARRIER METAL|DEPOSIT METAL SEED|FILL VIA METAL|CMP METAL|MEASURE VIA RESISTANCE|DEPOSIT METAL 1|ANNEAL METAL 1|SPIN COAT PHOTORESIST|SOFT BAKE|ALIGN MASK LEVEL 6|EXPOSE LITHO LEVEL 6|DEVELOP PHOTORESIST|METAL PATTERN INSPECTION|METAL ETCH DRY|STRIP PHOTORESIST|CLEAN AFTER METAL ETCH|MEASURE LINE WIDTH|DEPOSIT PASSIVATION|CURE PASSIVATION|MEASURE PASSIVATION QUALITY|OPEN BOND PAD WINDOW|OPEN PAD WINDOW LITHO|DEVELOP PAD WINDOW|PASSIVATION ETCH PAD OPENING|STRIP PHOTORESIST|CLEAN PAD OPENING|MEASURE PAD OPENING|BACKSIDE GRIND|MEASURE WAFER THICKNESS|BACKSIDE ETCH CLEAN|BACKSIDE RINSE|BACKSIDE DRY|BACKSIDE METALLIZATION PREP|DEPOSIT BACKSIDE METAL|BACKSIDE ANNEAL|MEASURE BACKSIDE CONTACT|FINAL CLEAN|FINAL THICKNESS MEASURE|FINAL GEOMETRY CHECK|FINAL CD INSPECTION|FINAL PARTICLE INSPECTION|PARAMETRIC TEST|LEAKAGE TEST|BREAKDOWN VOLTAGE TEST|SWITCHING TEST|YIELD ANALYSIS|WAFER SORT TEST|LOT RELEASE|SHIP LOT|FINAL CD INSPECTION|FINAL PARTICLE INSPECTION|PARAMETRIC TEST|SWITCHING TEST|FINAL LOT RELEASE|SHIP LOT|FINAL CD INSPECTION|FINAL PARTICLE INSPECTION|PARAMETRIC TEST|SWITCHING TEST|WAFER SORT TEST|FINAL LOT RELEASE|SHIP LOT|FINAL CD INSPECTION|FINAL PARTICLE INSPECTION|PARAMETRIC TEST|SWITCHING TEST|FINAL LOT RELEASE|SHIP LOT|FINAL CD INSPECTION
valid_0400,DEPOSIT PASSIVATION|CURE PASSIVATION|MEASURE PASSIVATION QUALITY|OPEN BOND PAD WINDOW|OPEN PAD WINDOW LITHO|DEVELOP PAD WINDOW|PASSIVATION ETCH PAD OPENING|STRIP PHOTORESIST|CLEAN PAD OPENING|MEASURE PAD OPENING|BACKSIDE GRIND|MEASURE WAFER THICKNESS|BACKSIDE ETCH CLEAN|BACKSIDE RINSE|BACKSIDE DRY|BACKSIDE METALLIZATION PREP|DEPOSIT BACKSIDE METAL|BACKSIDE ANNEAL|MEASURE BACKSIDE CONTACT|FINAL CLEAN|FINAL THICKNESS MEASURE|FINAL GEOMETRY CHECK|FINAL CD INSPECTION|FINAL PARTICLE INSPECTION|PARAMETRIC TEST|LEAKAGE TEST|BREAKDOWN VOLTAGE TEST|SWITCHING TEST|YIELD ANALYSIS|WAFER SORT TEST|LOT RELEASE|SHIP LOT|FINAL CD INSPECTION|FINAL PARTICLE INSPECTION|PARAMETRIC TEST|SWITCHING TEST|FINAL LOT RELEASE|SHIP LOT|FINAL CD INSPECTION|FINAL PARTICLE INSPECTION|PARAMETRIC TEST|SWITCHING TEST|WAFER SORT TEST|FINAL LOT RELEASE|SHIP LOT|FINAL CD INSPECTION|FINAL PARTICLE INSPECTION|PARAMETRIC TEST|LEAKAGE TEST|BREAKDOWN VOLTAGE TEST|SWITCHING TEST|FINAL LOT RELEASE|SHIP LOT|FINAL CD INSPECTION|FINAL PARTICLE INSPECTION|PARAMETRIC TEST|SWITCHING TEST|WAFER SORT TEST|FINAL LOT RELEASE|SHIP LOT|FINAL CD INSPECTION|FINAL PARTICLE INSPECTION|PARAMETRIC TEST|LEAKAGE TEST|BREAKDOWN VOLTAGE TEST|SWITCHING TEST|WAFER SORT TEST|FINAL LOT RELEASE|SHIP LOT|FINAL CD INSPECTION|FINAL PARTICLE INSPECTION|PARAMETRIC TEST|LEAKAGE TEST|BREAKDOWN VOLTAGE TEST|SWITCHING TEST|WAFER SORT TEST|FINAL LOT RELEASE|SHIP LOT|FINAL CD INSPECTION|FINAL PARTICLE INSPECTION
valid_0401,DEPOSIT TUNGSTEN SEED|FILL VIA TUNGSTEN|CMP METAL|MEASURE VIA RESISTANCE|DEPOSIT METAL 1|ANNEAL METAL 1|SPIN COAT PHOTORESIST|SOFT BAKE|ALIGN MASK LEVEL 4|EXPOSE LITHO LEVEL 4|DEVELOP PHOTORESIST|METAL PATTERN INSPECTION|METAL ETCH DRY|STRIP PHOTORESIST|CLEAN AFTER METAL ETCH|MEASURE LINE WIDTH|DEPOSIT PASSIVATION|CURE PASSIVATION|MEASURE PASSIVATION QUALITY|OPEN BOND PAD WINDOW|OPEN PAD WINDOW LITHO|DEVELOP PAD WINDOW|PASSIVATION ETCH PAD OPENING|STRIP RESIST|CLEAN PAD OPENING|MEASURE PAD OPENING|BACKSIDE THINNING CHECK|BACKSIDE CLEAN FINAL|DEPOSIT BACKSIDE PROTECTION|BACKSIDE ANNEAL|FRONTSIDE CLEAN FINAL|FINAL CLEAN|FINAL THICKNESS MEASURE|FINAL GEOMETRY CHECK|FINAL OXIDE CHECK|FINAL CD INSPECTION|FINAL PARTICLE INSPECTION|FINAL ELECTRICAL TEST PREP|PARAMETRIC TEST|LEAKAGE TEST|THRESHOLD VOLTAGE TEST|SWITCHING TEST|WAFER SORT TEST|YIELD ANALYSIS|LOT RELEASE|PACKAGE PREPARATION|SHIP LOT|FINAL OXIDE CHECK|FINAL CD INSPECTION|FINAL PARTICLE INSPECTION|PARAMETRIC TEST|SWITCHING TEST|WAFER SORT TEST|FINAL LOT RELEASE|PACKAGE PREPARATION|SHIP LOT|FINAL CD INSPECTION|FINAL PARTICLE INSPECTION|PARAMETRIC TEST|SWITCHING TEST|WAFER SORT TEST|FINAL LOT RELEASE|SHIP LOT|FINAL CD INSPECTION|FINAL PARTICLE INSPECTION|PARAMETRIC TEST|SWITCHING TEST|WAFER SORT TEST|FINAL LOT RELEASE|SHIP LOT|FINAL CD INSPECTION|FINAL PARTICLE INSPECTION|PARAMETRIC TEST|SWITCHING TEST|WAFER SORT TEST|FINAL LOT RELEASE|SHIP LOT|FINAL CD INSPECTION|FINAL PARTICLE INSPECTION|PARAMETRIC TEST
valid_0402,PASSIVATION ETCH|STRIP RESIST|CLEAN PAD OPENING|MEASURE PAD OPENING|BACKSIDE THINNING CHECK|BACKSIDE CLEAN FINAL|DEPOSIT BACKSIDE PROTECTION|BACKSIDE ANNEAL|FRONTSIDE CLEAN FINAL|FINAL CLEAN|FINAL THICKNESS MEASURE|FINAL GEOMETRY CHECK|FINAL OXIDE CHECK|FINAL CD INSPECTION|FINAL PARTICLE INSPECTION|FINAL ELECTRICAL TEST PREP|PARAMETRIC TEST|LEAKAGE TEST|THRESHOLD VOLTAGE TEST|SWITCHING TEST|WAFER SORT TEST|YIELD ANALYSIS|LOT RELEASE|PACKAGE PREPARATION|SHIP LOT|FINAL OXIDE CHECK|FINAL CD INSPECTION|FINAL PARTICLE INSPECTION|PARAMETRIC TEST|SWITCHING TEST|WAFER SORT TEST|FINAL LOT RELEASE|PACKAGE PREPARATION|SHIP LOT|FINAL CD INSPECTION|FINAL PARTICLE INSPECTION|PARAMETRIC TEST|SWITCHING TEST|WAFER SORT TEST|FINAL LOT RELEASE|SHIP LOT|FINAL CD INSPECTION|FINAL PARTICLE INSPECTION|PARAMETRIC TEST|SWITCHING TEST|WAFER SORT TEST|FINAL LOT RELEASE|SHIP LOT|FINAL CD INSPECTION|FINAL PARTICLE INSPECTION|PARAMETRIC TEST|SWITCHING TEST|WAFER SORT TEST|FINAL LOT RELEASE|SHIP LOT|FINAL CD INSPECTION|FINAL PARTICLE INSPECTION|PARAMETRIC TEST|SWITCHING TEST|WAFER SORT TEST|FINAL LOT RELEASE|SHIP LOT|IMPLANT P BODY|BREAKDOWN VOLTAGE TEST|SWITCHING TEST|FINAL LOT RELEASE|SHIP LOT|FINAL CD INSPECTION|FINAL PARTICLE INSPECTION|PARAMETRIC TEST|SWITCHING TEST|FINAL LOT RELEASE|SHIP LOT|FINAL CD INSPECTION|FINAL PARTICLE INSPECTION|PARAMETRIC TEST|LEAKAGE TEST|BREAKDOWN VOLTAGE TEST|SWITCHING TEST|FINAL LOT RELEASE
valid_0403,MEASURE VIA CD|DEPOSIT BARRIER METAL|DEPOSIT TUNGSTEN SEED|FILL VIA TUNGSTEN|CMP METAL|MEASURE VIA RESISTANCE|DEPOSIT METAL 1|ANNEAL METAL 1|SPIN COAT PHOTORESIST|SOFT BAKE|ALIGN MASK LEVEL 4|EXPOSE LITHO LEVEL 4|DEVELOP PHOTORESIST|METAL PATTERN INSPECTION|METAL ETCH DRY|STRIP PHOTORESIST|CLEAN AFTER METAL ETCH|MEASURE LINE WIDTH|DEPOSIT PASSIVATION|CURE PASSIVATION|MEASURE PASSIVATION QUALITY|OPEN BOND PAD WINDOW|OPEN PAD WINDOW LITHO|DEVELOP PAD WINDOW|PASSIVATION ETCH PAD OPENING|STRIP RESIST|CLEAN PAD OPENING|MEASURE PAD OPENING|BACKSIDE THINNING CHECK|BACKSIDE CLEAN FINAL|DEPOSIT BACKSIDE PROTECTION|BACKSIDE ANNEAL|FRONTSIDE CLEAN FINAL|FINAL CLEAN|FINAL THICKNESS MEASURE|FINAL GEOMETRY CHECK|FINAL OXIDE CHECK|FINAL CD INSPECTION|FINAL PARTICLE INSPECTION|FINAL ELECTRICAL TEST PREP|PARAMETRIC TEST|LEAKAGE TEST|THRESHOLD VOLTAGE TEST|SWITCHING TEST|WAFER SORT TEST|YIELD ANALYSIS|LOT RELEASE|PACKAGE PREPARATION|SHIP LOT|FINAL OXIDE CHECK|FINAL CD INSPECTION|FINAL PARTICLE INSPECTION|PARAMETRIC TEST|SWITCHING TEST|WAFER SORT TEST|FINAL LOT RELEASE|PACKAGE PREPARATION|SHIP LOT|FINAL CD INSPECTION|FINAL PARTICLE INSPECTION|PARAMETRIC TEST|SWITCHING TEST|WAFER SORT TEST|FINAL LOT RELEASE|SHIP LOT|FINAL CD INSPECTION|FINAL PARTICLE INSPECTION|PARAMETRIC TEST|SWITCHING TEST|WAFER SORT TEST|FINAL LOT RELEASE|SHIP LOT|FINAL CD INSPECTION|FINAL PARTICLE INSPECTION|PARAMETRIC TEST|SWITCHING TEST|WAFER SORT TEST|FINAL LOT RELEASE|SHIP LOT|FINAL CD INSPECTION
valid_0404,PASSIVATION ETCH|STRIP RESIST|CLEAN PAD OPENING|MEASURE PAD OPENING|BACKSIDE THINNING CHECK|BACKSIDE CLEAN FINAL|DEPOSIT BACKSIDE PROTECTION|BACKSIDE ANNEAL|FRONTSIDE CLEAN FINAL|FINAL CLEAN|FINAL THICKNESS MEASURE|FINAL GEOMETRY CHECK|FINAL OXIDE CHECK|FINAL CD INSPECTION|FINAL PARTICLE INSPECTION|FINAL ELECTRICAL TEST PREP|PARAMETRIC TEST|LEAKAGE TEST|THRESHOLD VOLTAGE TEST|SWITCHING TEST|WAFER SORT TEST|YIELD ANALYSIS|LOT RELEASE|PACKAGE PREPARATION|SHIP LOT|FINAL OXIDE CHECK|FINAL CD INSPECTION|FINAL PARTICLE INSPECTION|PARAMETRIC TEST|SWITCHING TEST|WAFER SORT TEST|FINAL LOT RELEASE|PACKAGE PREPARATION|SHIP LOT|FINAL CD INSPECTION|FINAL PARTICLE INSPECTION|PARAMETRIC TEST|SWITCHING TEST|WAFER SORT TEST|FINAL LOT RELEASE|SHIP LOT|FINAL CD INSPECTION|FINAL PARTICLE INSPECTION|PARAMETRIC TEST|SWITCHING TEST|WAFER SORT TEST|FINAL LOT RELEASE|SHIP LOT|FINAL CD INSPECTION|FINAL PARTICLE INSPECTION|PARAMETRIC TEST|SWITCHING TEST|WAFER SORT TEST|FINAL LOT RELEASE|SHIP LOT|FINAL CD INSPECTION|FINAL PARTICLE INSPECTION|PARAMETRIC TEST|SWITCHING TEST|WAFER SORT TEST|FINAL LOT RELEASE|SHIP LOT|FINAL CD INSPECTION|FINAL PARTICLE INSPECTION|PARAMETRIC TEST|SWITCHING TEST|FINAL LOT RELEASE|SHIP LOT|FINAL CD INSPECTION|FINAL PARTICLE INSPECTION|PARAMETRIC TEST|SWITCHING TEST|FINAL LOT RELEASE|SHIP LOT|FINAL CD INSPECTION|FINAL PARTICLE INSPECTION|PARAMETRIC TEST|LEAKAGE TEST|BREAKDOWN VOLTAGE TEST|SWITCHING TEST
valid_0405,MEASURE VIA CD|DEPOSIT BARRIER METAL|DEPOSIT TUNGSTEN SEED|FILL VIA TUNGSTEN|CMP METAL|MEASURE VIA RESISTANCE|DEPOSIT TOP METAL|ANNEAL METAL 1|SPIN COAT PHOTORESIST|SOFT BAKE|ALIGN MASK LEVEL 4|EXPOSE LITHO LEVEL 4|DEVELOP PHOTORESIST|METAL PATTERN INSPECTION|METAL ETCH DRY|STRIP RESIST|CLEAN AFTER METAL ETCH|MEASURE LINE WIDTH|DEPOSIT PASSIVATION|CURE PASSIVATION|MEASURE PASSIVATION QUALITY|OPEN BOND PAD WINDOW|OPEN PAD WINDOW LITHO|DEVELOP PAD WINDOW|PASSIVATION ETCH|STRIP RESIST|CLEAN PAD OPENING|MEASURE PAD OPENING|BACKSIDE THINNING CHECK|BACKSIDE CLEAN FINAL|DEPOSIT BACKSIDE PROTECTION|BACKSIDE ANNEAL|FRONTSIDE CLEAN FINAL|FINAL CLEAN|FINAL THICKNESS MEASURE|FINAL GEOMETRY CHECK|FINAL OXIDE CHECK|FINAL CD INSPECTION|FINAL PARTICLE INSPECTION|FINAL ELECTRICAL TEST PREP|PARAMETRIC TEST|LEAKAGE TEST|THRESHOLD VOLTAGE TEST|SWITCHING TEST|WAFER SORT TEST|YIELD ANALYSIS|LOT RELEASE|PACKAGE PREPARATION|SHIP LOT|FINAL CD INSPECTION|FINAL PARTICLE INSPECTION|PARAMETRIC TEST|SWITCHING TEST|WAFER SORT TEST|FINAL LOT RELEASE|PACKAGE PREPARATION|SHIP LOT|FINAL CD INSPECTION|FINAL PARTICLE INSPECTION|PARAMETRIC TEST|SWITCHING TEST|WAFER SORT TEST|FINAL LOT RELEASE|SHIP LOT|FINAL CD INSPECTION|FINAL PARTICLE INSPECTION|PARAMETRIC TEST|SWITCHING TEST|WAFER SORT TEST|FINAL LOT RELEASE|SHIP LOT|FINAL CD INSPECTION|FINAL PARTICLE INSPECTION|PARAMETRIC TEST|SWITCHING TEST|WAFER SORT TEST|FINAL LOT RELEASE|SHIP LOT|FINAL CD INSPECTION|FINAL PARTICLE INSPECTION
valid_0406,MEASURE PASSIVATION QUALITY|OPEN BOND PAD WINDOW|OPEN PAD WINDOW LITHO|DEVELOP PAD WINDOW|PASSIVATION ETCH|STRIP RESIST|CLEAN PAD OPENING|MEASURE PAD OPENING|BACKSIDE THINNING CHECK|BACKSIDE CLEAN FINAL|DEPOSIT BACKSIDE PROTECTION|BACKSIDE ANNEAL|FRONTSIDE CLEAN FINAL|FINAL CLEAN|FINAL THICKNESS MEASURE|FINAL GEOMETRY CHECK|FINAL OXIDE CHECK|FINAL CD INSPECTION|FINAL PARTICLE INSPECTION|FINAL ELECTRICAL TEST PREP|PARAMETRIC TEST|LEAKAGE TEST|THRESHOLD VOLTAGE TEST|SWITCHING TEST|WAFER SORT TEST|YIELD ANALYSIS|FINAL LOT RELEASE|PACKAGE PREPARATION|SHIP LOT|FINAL OXIDE CHECK|FINAL CD INSPECTION|FINAL PARTICLE INSPECTION|PARAMETRIC TEST|SWITCHING TEST|WAFER SORT TEST|FINAL LOT RELEASE|SHIP LOT|FINAL CD INSPECTION|FINAL PARTICLE INSPECTION|PARAMETRIC TEST|SWITCHING TEST|WAFER SORT TEST|FINAL LOT RELEASE|SHIP LOT|FINAL CD INSPECTION|FINAL PARTICLE INSPECTION|PARAMETRIC TEST|SWITCHING TEST|WAFER SORT TEST|FINAL LOT RELEASE|SHIP LOT|FINAL CD INSPECTION|FINAL PARTICLE INSPECTION|PARAMETRIC TEST|SWITCHING TEST|WAFER SORT TEST|FINAL LOT RELEASE|SHIP LOT|FINAL CD INSPECTION|FINAL PARTICLE INSPECTION|PARAMETRIC TEST|SWITCHING TEST|FINAL LOT RELEASE|SHIP LOT|IMPLANT P BODY|BREAKDOWN VOLTAGE TEST|SWITCHING TEST|FINAL LOT RELEASE|SHIP LOT|FINAL CD INSPECTION|FINAL PARTICLE INSPECTION|PARAMETRIC TEST|SWITCHING TEST|FINAL LOT RELEASE|SHIP LOT|FINAL CD INSPECTION|FINAL PARTICLE INSPECTION|PARAMETRIC TEST|SWITCHING TEST|FINAL LOT RELEASE
valid_0407,STRIP PHOTORESIST|CLEAN AFTER VIA ETCH|MEASURE VIA CD|DEPOSIT BARRIER METAL|DEPOSIT TUNGSTEN SEED|FILL VIA TUNGSTEN|CMP METAL|MEASURE VIA RESISTANCE|DEPOSIT TOP METAL|ANNEAL METAL 1|SPIN COAT PHOTORESIST|SOFT BAKE|ALIGN MASK LEVEL 4|EXPOSE LITHO LEVEL 4|DEVELOP PHOTORESIST|METAL PATTERN INSPECTION|METAL ETCH DRY|STRIP RESIST|CLEAN AFTER METAL ETCH|MEASURE LINE WIDTH|DEPOSIT PASSIVATION|CURE PASSIVATION|MEASURE PASSIVATION QUALITY|OPEN BOND PAD WINDOW|OPEN PAD WINDOW LITHO|DEVELOP PAD WINDOW|PASSIVATION ETCH|STRIP PHOTORESIST|CLEAN PAD OPENING|MEASURE PAD OPENING|BACKSIDE THINNING CHECK|BACKSIDE CLEAN FINAL|DEPOSIT BACKSIDE PROTECTION|BACKSIDE ANNEAL|FRONTSIDE CLEAN FINAL|FINAL CLEAN|FINAL THICKNESS MEASURE|FINAL GEOMETRY CHECK|FINAL OXIDE CHECK|FINAL CD INSPECTION|FINAL PARTICLE INSPECTION|FINAL ELECTRICAL TEST PREP|PARAMETRIC TEST|LEAKAGE TEST|THRESHOLD VOLTAGE TEST|SWITCHING TEST|WAFER SORT TEST|YIELD ANALYSIS|LOT RELEASE|PACKAGE PREPARATION|SHIP LOT|FINAL OXIDE CHECK|FINAL CD INSPECTION|FINAL PARTICLE INSPECTION|PARAMETRIC TEST|SWITCHING TEST|WAFER SORT TEST|FINAL LOT RELEASE|SHIP LOT|FINAL CD INSPECTION|FINAL PARTICLE INSPECTION|PARAMETRIC TEST|SWITCHING TEST|WAFER SORT TEST|FINAL LOT RELEASE|SHIP LOT|FINAL CD INSPECTION|FINAL PARTICLE INSPECTION|PARAMETRIC TEST|SWITCHING TEST|WAFER SORT TEST|FINAL LOT RELEASE|SHIP LOT|FINAL CD INSPECTION|FINAL PARTICLE INSPECTION|PARAMETRIC TEST|SWITCHING TEST|WAFER SORT TEST|FINAL LOT RELEASE|SHIP LOT
valid_0408,MEASURE PASSIVATION QUALITY|OPEN BOND PAD WINDOW|OPEN PAD WINDOW LITHO|DEVELOP PAD WINDOW|PASSIVATION ETCH|STRIP RESIST|CLEAN PAD OPENING|MEASURE PAD OPENING|BACKSIDE THINNING CHECK|BACKSIDE CLEAN FINAL|DEPOSIT BACKSIDE PROTECTION|BACKSIDE ANNEAL|FRONTSIDE CLEAN FINAL|FINAL CLEAN|FINAL THICKNESS MEASURE|FINAL GEOMETRY CHECK|FINAL OXIDE CHECK|FINAL CD INSPECTION|FINAL PARTICLE INSPECTION|FINAL ELECTRICAL TEST PREP|PARAMETRIC TEST|LEAKAGE TEST|THRESHOLD VOLTAGE TEST|SWITCHING TEST|WAFER SORT TEST|YIELD ANALYSIS|LOT RELEASE|PACKAGE PREPARATION|SHIP LOT|FINAL OXIDE CHECK|FINAL CD INSPECTION|FINAL PARTICLE INSPECTION|PARAMETRIC TEST|SWITCHING TEST|WAFER SORT TEST|FINAL LOT RELEASE|SHIP LOT|FINAL CD INSPECTION|FINAL PARTICLE INSPECTION|PARAMETRIC TEST|SWITCHING TEST|WAFER SORT TEST|FINAL LOT RELEASE|SHIP LOT|FINAL CD INSPECTION|FINAL PARTICLE INSPECTION|PARAMETRIC TEST|SWITCHING TEST|WAFER SORT TEST|FINAL LOT RELEASE|SHIP LOT|FINAL CD INSPECTION|FINAL PARTICLE INSPECTION|PARAMETRIC TEST|SWITCHING TEST|WAFER SORT TEST|FINAL LOT RELEASE|SHIP LOT|FINAL CD INSPECTION|FINAL PARTICLE INSPECTION|PARAMETRIC TEST|SWITCHING TEST|FINAL LOT RELEASE|SHIP LOT|IMPLANT P BODY|BREAKDOWN VOLTAGE TEST|SWITCHING TEST|FINAL LOT RELEASE|SHIP LOT|FINAL CD INSPECTION|FINAL PARTICLE INSPECTION|PARAMETRIC TEST|SWITCHING TEST|FINAL LOT RELEASE|SHIP LOT|FINAL CD INSPECTION|FINAL PARTICLE INSPECTION|PARAMETRIC TEST|SWITCHING TEST|FINAL LOT RELEASE
valid_0409,STRIP PHOTORESIST|CLEAN AFTER VIA ETCH|MEASURE VIA CD|DEPOSIT BARRIER METAL|DEPOSIT TUNGSTEN SEED|FILL VIA TUNGSTEN|CMP METAL|MEASURE VIA RESISTANCE|DEPOSIT TOP METAL|ANNEAL METAL 1|SPIN COAT PHOTORESIST|SOFT BAKE|ALIGN MASK LEVEL 4|EXPOSE LITHO LEVEL 4|DEVELOP PHOTORESIST|METAL PATTERN INSPECTION|METAL ETCH DRY|STRIP RESIST|CLEAN AFTER METAL ETCH|MEASURE LINE WIDTH|DEPOSIT PASSIVATION|CURE PASSIVATION|MEASURE PASSIVATION QUALITY|OPEN BOND PAD WINDOW|OPEN PAD WINDOW LITHO|DEVELOP PAD WINDOW|PASSIVATION ETCH|STRIP RESIST|CLEAN PAD OPENING|MEASURE PAD OPENING|BACKSIDE THINNING CHECK|BACKSIDE CLEAN FINAL|DEPOSIT BACKSIDE PROTECTION|BACKSIDE ANNEAL|FRONTSIDE CLEAN FINAL|FINAL CLEAN|FINAL THICKNESS MEASURE|FINAL GEOMETRY CHECK|FINAL OXIDE CHECK|FINAL CD INSPECTION|FINAL PARTICLE INSPECTION|FINAL ELECTRICAL TEST PREP|PARAMETRIC TEST|LEAKAGE TEST|THRESHOLD VOLTAGE TEST|SWITCHING TEST|WAFER SORT TEST|YIELD ANALYSIS|LOT RELEASE|PACKAGE PREPARATION|SHIP LOT|FINAL CD INSPECTION|FINAL PARTICLE INSPECTION|PARAMETRIC TEST|SWITCHING TEST|WAFER SORT TEST|FINAL LOT RELEASE|SHIP LOT|FINAL CD INSPECTION|FINAL PARTICLE INSPECTION|PARAMETRIC TEST|SWITCHING TEST|WAFER SORT TEST|FINAL LOT RELEASE|SHIP LOT|FINAL CD INSPECTION|FINAL PARTICLE INSPECTION|PARAMETRIC TEST|SWITCHING TEST|WAFER SORT TEST|FINAL LOT RELEASE|SHIP LOT|FINAL CD INSPECTION|FINAL PARTICLE INSPECTION|PARAMETRIC TEST|SWITCHING TEST|WAFER SORT TEST|FINAL LOT RELEASE|SHIP LOT|FINAL CD INSPECTION
valid_0410,OPEN BOND PAD WINDOW|OPEN PAD WINDOW LITHO|DEVELOP PAD WINDOW|PASSIVATION ETCH|STRIP RESIST|CLEAN PAD OPENING|MEASURE PAD OPENING|BACKSIDE THINNING CHECK|BACKSIDE CLEAN FINAL|DEPOSIT BACKSIDE PROTECTION|BACKSIDE ANNEAL|FRONTSIDE CLEAN FINAL|FINAL CLEAN|FINAL THICKNESS MEASURE|FINAL GEOMETRY CHECK|FINAL OXIDE CHECK|FINAL CD INSPECTION|FINAL PARTICLE INSPECTION|FINAL ELECTRICAL TEST PREP|PARAMETRIC TEST|LEAKAGE TEST|THRESHOLD VOLTAGE TEST|SWITCHING TEST|WAFER SORT TEST|YIELD ANALYSIS|LOT RELEASE|PACKAGE PREPARATION|SHIP LOT|FINAL CD INSPECTION|FINAL PARTICLE INSPECTION|PARAMETRIC TEST|SWITCHING TEST|WAFER SORT TEST|FINAL LOT RELEASE|SHIP LOT|FINAL CD INSPECTION|FINAL PARTICLE INSPECTION|PARAMETRIC TEST|SWITCHING TEST|WAFER SORT TEST|FINAL LOT RELEASE|SHIP LOT|FINAL CD INSPECTION|FINAL PARTICLE INSPECTION|PARAMETRIC TEST|SWITCHING TEST|WAFER SORT TEST|FINAL LOT RELEASE|SHIP LOT|FINAL CD INSPECTION|FINAL PARTICLE INSPECTION|PARAMETRIC TEST|SWITCHING TEST|WAFER SORT TEST|FINAL LOT RELEASE|SHIP LOT|FINAL CD INSPECTION|FINAL PARTICLE INSPECTION|PARAMETRIC TEST|SWITCHING TEST|FINAL LOT RELEASE|SHIP LOT|IMPLANT P BODY|BREAKDOWN VOLTAGE TEST|SWITCHING TEST|FINAL LOT RELEASE|SHIP LOT|FINAL CD INSPECTION|FINAL PARTICLE INSPECTION|PARAMETRIC TEST|SWITCHING TEST|FINAL LOT RELEASE|SHIP LOT|FINAL CD INSPECTION|FINAL PARTICLE INSPECTION|PARAMETRIC TEST|SWITCHING TEST|FINAL LOT RELEASE|SHIP LOT|FINAL CD INSPECTION
valid_0411,CLEAN AFTER VIA ETCH|MEASURE VIA CD|DEPOSIT BARRIER METAL|DEPOSIT TUNGSTEN SEED|FILL VIA TUNGSTEN|CMP METAL|MEASURE VIA RESISTANCE|DEPOSIT TOP METAL|ANNEAL METAL 1|SPIN COAT PHOTORESIST|SOFT BAKE|ALIGN MASK LEVEL 4|EXPOSE LITHO LEVEL 4|DEVELOP PHOTORESIST|METAL PATTERN INSPECTION|METAL ETCH DRY|STRIP RESIST|CLEAN AFTER METAL ETCH|MEASURE LINE WIDTH|DEPOSIT PASSIVATION|CURE PASSIVATION|MEASURE PASSIVATION QUALITY|OPEN BOND PAD WINDOW|OPEN PAD WINDOW LITHO|DEVELOP PAD WINDOW|PASSIVATION ETCH|STRIP RESIST|CLEAN PAD OPENING|MEASURE PAD OPENING|BACKSIDE THINNING CHECK|BACKSIDE CLEAN FINAL|DEPOSIT BACKSIDE PROTECTION|BACKSIDE ANNEAL|FRONTSIDE CLEAN FINAL|FINAL CLEAN|FINAL THICKNESS MEASURE|FINAL GEOMETRY CHECK|FINAL OXIDE CHECK|FINAL CD INSPECTION|FINAL PARTICLE INSPECTION|FINAL ELECTRICAL TEST PREP|PARAMETRIC TEST|LEAKAGE TEST|THRESHOLD VOLTAGE TEST|SWITCHING TEST|WAFER SORT TEST|YIELD ANALYSIS|LOT RELEASE|PACKAGE PREPARATION|SHIP LOT|FINAL CD INSPECTION|FINAL PARTICLE INSPECTION|PARAMETRIC TEST|SWITCHING TEST|WAFER SORT TEST|FINAL LOT RELEASE|SHIP LOT|FINAL CD INSPECTION|FINAL PARTICLE INSPECTION|PARAMETRIC TEST|SWITCHING TEST|WAFER SORT TEST|FINAL LOT RELEASE|SHIP LOT|FINAL CD INSPECTION|FINAL PARTICLE INSPECTION|PARAMETRIC TEST|SWITCHING TEST|WAFER SORT TEST|FINAL LOT RELEASE|SHIP LOT|FINAL CD INSPECTION|FINAL PARTICLE INSPECTION|PARAMETRIC TEST|SWITCHING TEST|WAFER SORT TEST|FINAL LOT RELEASE|SHIP LOT|FINAL CD INSPECTION|FINAL PARTICLE INSPECTION
valid_0412,OPEN BOND PAD WINDOW|OPEN PAD WINDOW LITHO|DEVELOP PAD WINDOW|PASSIVATION ETCH|STRIP RESIST|CLEAN PAD OPENING|MEASURE PAD OPENING|BACKSIDE THINNING CHECK|BACKSIDE CLEAN FINAL|DEPOSIT BACKSIDE PROTECTION|BACKSIDE ANNEAL|FRONTSIDE CLEAN FINAL|FINAL CLEAN|FINAL THICKNESS MEASURE|FINAL GEOMETRY CHECK|FINAL OXIDE CHECK|FINAL CD INSPECTION|FINAL PARTICLE INSPECTION|FINAL ELECTRICAL TEST PREP|PARAMETRIC TEST|LEAKAGE TEST|THRESHOLD VOLTAGE TEST|SWITCHING TEST|WAFER SORT TEST|YIELD ANALYSIS|LOT RELEASE|PACKAGE PREPARATION|SHIP LOT|FINAL OXIDE CHECK|FINAL CD INSPECTION|FINAL PARTICLE INSPECTION|PARAMETRIC TEST|SWITCHING TEST|WAFER SORT TEST|FINAL LOT RELEASE|SHIP LOT|FINAL CD INSPECTION|FINAL PARTICLE INSPECTION|PARAMETRIC TEST|SWITCHING TEST|WAFER SORT TEST|FINAL LOT RELEASE|SHIP LOT|FINAL CD INSPECTION|FINAL PARTICLE INSPECTION|PARAMETRIC TEST|SWITCHING TEST|WAFER SORT TEST|FINAL LOT RELEASE|SHIP LOT|FINAL CD INSPECTION|FINAL PARTICLE INSPECTION|PARAMETRIC TEST|SWITCHING TEST|WAFER SORT TEST|FINAL LOT RELEASE|SHIP LOT|FINAL CD INSPECTION|FINAL PARTICLE INSPECTION|PARAMETRIC TEST|SWITCHING TEST|FINAL LOT RELEASE|SHIP LOT|IMPLANT P BODY|BREAKDOWN VOLTAGE TEST|SWITCHING TEST|FINAL LOT RELEASE|SHIP LOT|FINAL CD INSPECTION|FINAL PARTICLE INSPECTION|PARAMETRIC TEST|SWITCHING TEST|FINAL LOT RELEASE|SHIP LOT|FINAL CD INSPECTION|FINAL PARTICLE INSPECTION|PARAMETRIC TEST|SWITCHING TEST|FINAL LOT RELEASE|SHIP LOT
valid_0413,STRIP PHOTORESIST|CLEAN AFTER VIA ETCH|MEASURE VIA CD|DEPOSIT BARRIER METAL|DEPOSIT TUNGSTEN SEED|FILL VIA TUNGSTEN|CMP METAL|MEASURE VIA RESISTANCE|DEPOSIT TOP METAL|ANNEAL METAL 1|SPIN COAT PHOTORESIST|SOFT BAKE|ALIGN MASK LEVEL 4|EXPOSE LITHO LEVEL 4|DEVELOP PHOTORESIST|METAL PATTERN INSPECTION|METAL ETCH DRY|STRIP RESIST|CLEAN AFTER METAL ETCH|MEASURE LINE WIDTH|DEPOSIT PASSIVATION|CURE PASSIVATION|MEASURE PASSIVATION QUALITY|OPEN BOND PAD WINDOW|OPEN PAD WINDOW LITHO|DEVELOP PAD WINDOW|PASSIVATION ETCH|STRIP RESIST|CLEAN PAD OPENING|MEASURE PAD OPENING|BACKSIDE THINNING CHECK|BACKSIDE CLEAN FINAL|DEPOSIT BACKSIDE PROTECTION|BACKSIDE ANNEAL|FRONTSIDE CLEAN FINAL|FINAL CLEAN|FINAL THICKNESS MEASURE|FINAL GEOMETRY CHECK|FINAL OXIDE CHECK|FINAL CD INSPECTION|FINAL PARTICLE INSPECTION|FINAL ELECTRICAL TEST PREP|PARAMETRIC TEST|LEAKAGE TEST|THRESHOLD VOLTAGE TEST|SWITCHING TEST|WAFER SORT TEST|YIELD ANALYSIS|LOT RELEASE|PACKAGE PREPARATION|SHIP LOT|FINAL OXIDE CHECK|FINAL CD INSPECTION|FINAL PARTICLE INSPECTION|PARAMETRIC TEST|SWITCHING TEST|WAFER SORT TEST|FINAL LOT RELEASE|SHIP LOT|FINAL CD INSPECTION|FINAL PARTICLE INSPECTION|PARAMETRIC TEST|SWITCHING TEST|WAFER SORT TEST|FINAL LOT RELEASE|SHIP LOT|FINAL CD INSPECTION|FINAL PARTICLE INSPECTION|PARAMETRIC TEST|SWITCHING TEST|WAFER SORT TEST|FINAL LOT RELEASE|SHIP LOT|FINAL CD INSPECTION|FINAL PARTICLE INSPECTION|PARAMETRIC TEST|SWITCHING TEST|WAFER SORT TEST|FINAL LOT RELEASE|SHIP LOT
valid_0414,MEASURE PASSIVATION QUALITY|OPEN BOND PAD WINDOW|OPEN PAD WINDOW LITHO|DEVELOP PAD WINDOW|PASSIVATION ETCH|STRIP RESIST|CLEAN PAD OPENING|MEASURE PAD OPENING|BACKSIDE THINNING CHECK|BACKSIDE CLEAN FINAL|DEPOSIT BACKSIDE PROTECTION|BACKSIDE ANNEAL|FRONTSIDE CLEAN FINAL|FINAL CLEAN|FINAL THICKNESS MEASURE|FINAL GEOMETRY CHECK|FINAL OXIDE CHECK|FINAL CD INSPECTION|FINAL PARTICLE INSPECTION|FINAL ELECTRICAL TEST PREP|PARAMETRIC TEST|LEAKAGE TEST|THRESHOLD VOLTAGE TEST|SWITCHING TEST|WAFER SORT TEST|YIELD ANALYSIS|LOT RELEASE|PACKAGE PREPARATION|SHIP LOT|FINAL CD INSPECTION|FINAL PARTICLE INSPECTION|PARAMETRIC TEST|SWITCHING TEST|WAFER SORT TEST|FINAL LOT RELEASE|SHIP LOT|FINAL CD INSPECTION|FINAL PARTICLE INSPECTION|PARAMETRIC TEST|SWITCHING TEST|WAFER SORT TEST|FINAL LOT RELEASE|SHIP LOT|FINAL CD INSPECTION|FINAL PARTICLE INSPECTION|PARAMETRIC TEST|SWITCHING TEST|WAFER SORT TEST|FINAL LOT RELEASE|SHIP LOT|FINAL CD INSPECTION|FINAL PARTICLE INSPECTION|PARAMETRIC TEST|SWITCHING TEST|WAFER SORT TEST|FINAL LOT RELEASE|SHIP LOT|FINAL CD INSPECTION|FINAL PARTICLE INSPECTION|PARAMETRIC TEST|SWITCHING TEST|FINAL LOT RELEASE|SHIP LOT|IMPLANT P BODY|BREAKDOWN VOLTAGE TEST|SWITCHING TEST|FINAL LOT RELEASE|SHIP LOT|FINAL CD INSPECTION|FINAL PARTICLE INSPECTION|PARAMETRIC TEST|SWITCHING TEST|FINAL LOT RELEASE|SHIP LOT|FINAL CD INSPECTION|FINAL PARTICLE INSPECTION|PARAMETRIC TEST|SWITCHING TEST|FINAL LOT RELEASE|SHIP LOT
valid_0415,CLEAN AFTER VIA ETCH|MEASURE VIA CD|DEPOSIT BARRIER METAL|DEPOSIT TUNGSTEN SEED|FILL VIA TUNGSTEN|CMP METAL|MEASURE VIA RESISTANCE|DEPOSIT TOP METAL|ANNEAL METAL 1|SPIN COAT PHOTORESIST|SOFT BAKE|ALIGN MASK LEVEL 4|EXPOSE LITHO LEVEL 4|DEVELOP PHOTORESIST|METAL PATTERN INSPECTION|METAL ETCH DRY|STRIP RESIST|CLEAN AFTER METAL ETCH|MEASURE LINE WIDTH|DEPOSIT PASSIVATION|CURE PASSIVATION|MEASURE PASSIVATION QUALITY|OPEN BOND PAD WINDOW|OPEN PAD WINDOW LITHO|DEVELOP PAD WINDOW|PASSIVATION ETCH|STRIP RESIST|CLEAN PAD OPENING|MEASURE PAD OPENING|BACKSIDE THINNING CHECK|BACKSIDE CLEAN FINAL|DEPOSIT BACKSIDE PROTECTION|BACKSIDE ANNEAL|FRONTSIDE CLEAN FINAL|FINAL CLEAN|FINAL THICKNESS MEASURE|FINAL GEOMETRY CHECK|FINAL OXIDE CHECK|FINAL CD INSPECTION|FINAL PARTICLE INSPECTION|FINAL ELECTRICAL TEST PREP|PARAMETRIC TEST|LEAKAGE TEST|THRESHOLD VOLTAGE TEST|SWITCHING TEST|WAFER SORT TEST|YIELD ANALYSIS|LOT RELEASE|PACKAGE PREPARATION|SHIP LOT|FINAL CD INSPECTION|FINAL PARTICLE INSPECTION|PARAMETRIC TEST|SWITCHING TEST|WAFER SORT TEST|FINAL LOT RELEASE|PACKAGE PREPARATION|SHIP LOT|FINAL CD INSPECTION|FINAL PARTICLE INSPECTION|PARAMETRIC TEST|SWITCHING TEST|WAFER SORT TEST|FINAL LOT RELEASE|SHIP LOT|FINAL CD INSPECTION|FINAL PARTICLE INSPECTION|PARAMETRIC TEST|SWITCHING TEST|WAFER SORT TEST|FINAL LOT RELEASE|SHIP LOT|FINAL CD INSPECTION|FINAL PARTICLE INSPECTION|PARAMETRIC TEST|SWITCHING TEST|WAFER SORT TEST|FINAL LOT RELEASE|SHIP LOT|FINAL CD INSPECTION
valid_0416,DEVELOP PAD WINDOW|PASSIVATION ETCH|STRIP RESIST|CLEAN PAD OPENING|MEASURE PAD OPENING|BACKSIDE THINNING CHECK|BACKSIDE CLEAN FINAL|DEPOSIT BACKSIDE PROTECTION|BACKSIDE ANNEAL|FRONTSIDE CLEAN FINAL|FINAL CLEAN|FINAL THICKNESS MEASURE|FINAL GEOMETRY CHECK|FINAL OXIDE CHECK|FINAL CD INSPECTION|FINAL PARTICLE INSPECTION|FINAL ELECTRICAL TEST PREP|PARAMETRIC TEST|LEAKAGE TEST|THRESHOLD VOLTAGE TEST|SWITCHING TEST|WAFER SORT TEST|YIELD ANALYSIS|LOT RELEASE|PACKAGE PREPARATION|SHIP LOT|FINAL OXIDE CHECK|FINAL CD INSPECTION|FINAL PARTICLE INSPECTION|PARAMETRIC TEST|SWITCHING TEST|WAFER SORT TEST|FINAL LOT RELEASE|PACKAGE PREPARATION|SHIP LOT|FINAL CD INSPECTION|FINAL PARTICLE INSPECTION|PARAMETRIC TEST|SWITCHING TEST|WAFER SORT TEST|FINAL LOT RELEASE|SHIP LOT|FINAL CD INSPECTION|FINAL PARTICLE INSPECTION|PARAMETRIC TEST|SWITCHING TEST|WAFER SORT TEST|FINAL LOT RELEASE|SHIP LOT|FINAL CD INSPECTION|FINAL PARTICLE INSPECTION|PARAMETRIC TEST|SWITCHING TEST|WAFER SORT TEST|FINAL LOT RELEASE|SHIP LOT|FINAL CD INSPECTION|FINAL PARTICLE INSPECTION|PARAMETRIC TEST|SWITCHING TEST|FINAL LOT RELEASE|SHIP LOT|IMPLANT P BODY|BREAKDOWN VOLTAGE TEST|SWITCHING TEST|FINAL LOT RELEASE|SHIP LOT|FINAL CD INSPECTION|FINAL PARTICLE INSPECTION|PARAMETRIC TEST|SWITCHING TEST|FINAL LOT RELEASE|SHIP LOT|FINAL CD INSPECTION|FINAL PARTICLE INSPECTION|PARAMETRIC TEST|SWITCHING TEST|FINAL LOT RELEASE|SHIP LOT|FINAL CD INSPECTION
valid_0417,CLEAN AFTER VIA ETCH|MEASURE VIA CD|DEPOSIT BARRIER METAL|DEPOSIT TUNGSTEN SEED|FILL VIA TUNGSTEN|CMP METAL|MEASURE VIA RESISTANCE|DEPOSIT TOP METAL|ANNEAL METAL 1|SPIN COAT PHOTORESIST|SOFT BAKE|ALIGN MASK LEVEL 4|EXPOSE LITHO LEVEL 4|DEVELOP PHOTORESIST|METAL PATTERN INSPECTION|METAL ETCH DRY|STRIP RESIST|CLEAN AFTER METAL ETCH|MEASURE LINE WIDTH|DEPOSIT PASSIVATION|CURE PASSIVATION|MEASURE PASSIVATION QUALITY|OPEN BOND PAD WINDOW|OPEN PAD WINDOW LITHO|DEVELOP PAD WINDOW|PASSIVATION ETCH|STRIP PHOTORESIST|CLEAN PAD OPENING|MEASURE PAD OPENING|BACKSIDE THINNING CHECK|BACKSIDE CLEAN FINAL|DEPOSIT BACKSIDE PROTECTION|BACKSIDE ANNEAL|FRONTSIDE CLEAN FINAL|FINAL CLEAN|FINAL THICKNESS MEASURE|FINAL GEOMETRY CHECK|FINAL OXIDE CHECK|FINAL CD INSPECTION|FINAL PARTICLE INSPECTION|FINAL ELECTRICAL TEST PREP|PARAMETRIC TEST|LEAKAGE TEST|THRESHOLD VOLTAGE TEST|SWITCHING TEST|WAFER SORT TEST|YIELD ANALYSIS|LOT RELEASE|PACKAGE PREPARATION|SHIP LOT|FINAL CD INSPECTION|FINAL PARTICLE INSPECTION|PARAMETRIC TEST|SWITCHING TEST|WAFER SORT TEST|FINAL LOT RELEASE|SHIP LOT|FINAL CD INSPECTION|FINAL PARTICLE INSPECTION|PARAMETRIC TEST|SWITCHING TEST|WAFER SORT TEST|FINAL LOT RELEASE|SHIP LOT|FINAL CD INSPECTION|FINAL PARTICLE INSPECTION|PARAMETRIC TEST|SWITCHING TEST|WAFER SORT TEST|FINAL LOT RELEASE|SHIP LOT|FINAL CD INSPECTION|FINAL PARTICLE INSPECTION|PARAMETRIC TEST|SWITCHING TEST|WAFER SORT TEST|FINAL LOT RELEASE|SHIP LOT|FINAL CD INSPECTION|FINAL PARTICLE INSPECTION
valid_0418,PASSIVATION ETCH|STRIP RESIST|CLEAN PAD OPENING|MEASURE PAD OPENING|BACKSIDE THINNING CHECK|BACKSIDE CLEAN FINAL|DEPOSIT BACKSIDE PROTECTION|BACKSIDE ANNEAL|FRONTSIDE CLEAN FINAL|FINAL CLEAN|FINAL THICKNESS MEASURE|FINAL GEOMETRY CHECK|FINAL OXIDE CHECK|FINAL CD INSPECTION|FINAL PARTICLE INSPECTION|FINAL ELECTRICAL TEST PREP|PARAMETRIC TEST|LEAKAGE TEST|THRESHOLD VOLTAGE TEST|SWITCHING TEST|WAFER SORT TEST|YIELD ANALYSIS|LOT RELEASE|PACKAGE PREPARATION|SHIP LOT|FINAL OXIDE CHECK|FINAL CD INSPECTION|FINAL PARTICLE INSPECTION|PARAMETRIC TEST|SWITCHING TEST|WAFER SORT TEST|FINAL LOT RELEASE|SHIP LOT|FINAL CD INSPECTION|FINAL PARTICLE INSPECTION|PARAMETRIC TEST|SWITCHING TEST|WAFER SORT TEST|FINAL LOT RELEASE|SHIP LOT|FINAL CD INSPECTION|FINAL PARTICLE INSPECTION|PARAMETRIC TEST|SWITCHING TEST|WAFER SORT TEST|FINAL LOT RELEASE|SHIP LOT|FINAL CD INSPECTION|FINAL PARTICLE INSPECTION|PARAMETRIC TEST|SWITCHING TEST|WAFER SORT TEST|FINAL LOT RELEASE|SHIP LOT|FINAL CD INSPECTION|FINAL PARTICLE INSPECTION|PARAMETRIC TEST|SWITCHING TEST|FINAL LOT RELEASE|SHIP LOT|IMPLANT P BODY|BREAKDOWN VOLTAGE TEST|SWITCHING TEST|FINAL LOT RELEASE|SHIP LOT|FINAL CD INSPECTION|FINAL PARTICLE INSPECTION|PARAMETRIC TEST|SWITCHING TEST|FINAL LOT RELEASE|SHIP LOT|FINAL CD INSPECTION|FINAL PARTICLE INSPECTION|PARAMETRIC TEST|SWITCHING TEST|FINAL LOT RELEASE|SHIP LOT|FINAL CD INSPECTION|FINAL PARTICLE INSPECTION|PARAMETRIC TEST
valid_0419,STRIP PHOTORESIST|CLEAN AFTER VIA ETCH|MEASURE VIA CD|DEPOSIT BARRIER METAL|DEPOSIT TUNGSTEN SEED|FILL VIA TUNGSTEN|CMP METAL|MEASURE VIA RESISTANCE|DEPOSIT TOP METAL|ANNEAL METAL 1|SPIN COAT PHOTORESIST|SOFT BAKE|ALIGN MASK LEVEL 4|EXPOSE LITHO LEVEL 4|DEVELOP PHOTORESIST|METAL PATTERN INSPECTION|METAL ETCH DRY|STRIP RESIST|CLEAN AFTER METAL ETCH|MEASURE LINE WIDTH|DEPOSIT PASSIVATION|CURE PASSIVATION|MEASURE PASSIVATION QUALITY|OPEN BOND PAD WINDOW|OPEN PAD WINDOW LITHO|DEVELOP PAD WINDOW|PASSIVATION ETCH|STRIP RESIST|CLEAN PAD OPENING|MEASURE PAD OPENING|BACKSIDE THINNING CHECK|BACKSIDE CLEAN FINAL|DEPOSIT BACKSIDE PROTECTION|BACKSIDE ANNEAL|FRONTSIDE CLEAN FINAL|FINAL CLEAN|FINAL THICKNESS MEASURE|FINAL GEOMETRY CHECK|FINAL OXIDE CHECK|FINAL CD INSPECTION|FINAL PARTICLE INSPECTION|FINAL ELECTRICAL TEST PREP|PARAMETRIC TEST|LEAKAGE TEST|THRESHOLD VOLTAGE TEST|SWITCHING TEST|WAFER SORT TEST|YIELD ANALYSIS|LOT RELEASE|PACKAGE PREPARATION|SHIP LOT|FINAL CD INSPECTION|FINAL PARTICLE INSPECTION|PARAMETRIC TEST|SWITCHING TEST|WAFER SORT TEST|FINAL LOT RELEASE|SHIP LOT|FINAL CD INSPECTION|FINAL PARTICLE INSPECTION|PARAMETRIC TEST|SWITCHING TEST|WAFER SORT TEST|FINAL LOT RELEASE|SHIP LOT|FINAL CD INSPECTION|FINAL PARTICLE INSPECTION|PARAMETRIC TEST|SWITCHING TEST|WAFER SORT TEST|FINAL LOT RELEASE|SHIP LOT|FINAL CD INSPECTION|FINAL PARTICLE INSPECTION|PARAMETRIC TEST|SWITCHING TEST|WAFER SORT TEST|FINAL LOT RELEASE|SHIP LOT|FINAL CD INSPECTION
valid_0420,CURE PASSIVATION|MEASURE PASSIVATION QUALITY|OPEN BOND PAD WINDOW|OPEN PAD WINDOW LITHO|DEVELOP PAD WINDOW|PASSIVATION ETCH|STRIP RESIST|CLEAN PAD OPENING|MEASURE PAD OPENING|BACKSIDE THINNING CHECK|BACKSIDE CLEAN FINAL|DEPOSIT BACKSIDE PROTECTION|BACKSIDE ANNEAL|FRONTSIDE CLEAN FINAL|FINAL CLEAN|FINAL THICKNESS MEASURE|FINAL GEOMETRY CHECK|FINAL OXIDE CHECK|FINAL CD INSPECTION|FINAL PARTICLE INSPECTION|FINAL ELECTRICAL TEST PREP|PARAMETRIC TEST|LEAKAGE TEST|THRESHOLD VOLTAGE TEST|SWITCHING TEST|WAFER SORT TEST|YIELD ANALYSIS|FINAL LOT RELEASE|PACKAGE PREPARATION|SHIP LOT|FINAL OXIDE CHECK|FINAL CD INSPECTION|FINAL PARTICLE INSPECTION|PARAMETRIC TEST|SWITCHING TEST|WAFER SORT TEST|FINAL LOT RELEASE|SHIP LOT|FINAL CD INSPECTION|FINAL PARTICLE INSPECTION|PARAMETRIC TEST|SWITCHING TEST|WAFER SORT TEST|FINAL LOT RELEASE|SHIP LOT|FINAL CD INSPECTION|FINAL PARTICLE INSPECTION|PARAMETRIC TEST|SWITCHING TEST|WAFER SORT TEST|FINAL LOT RELEASE|SHIP LOT|FINAL CD INSPECTION|FINAL PARTICLE INSPECTION|PARAMETRIC TEST|SWITCHING TEST|WAFER SORT TEST|FINAL LOT RELEASE|SHIP LOT|FINAL CD INSPECTION|FINAL PARTICLE INSPECTION|PARAMETRIC TEST|SWITCHING TEST|FINAL LOT RELEASE|SHIP LOT|IMPLANT P BODY|BREAKDOWN VOLTAGE TEST|SWITCHING TEST|FINAL LOT RELEASE|SHIP LOT|FINAL CD INSPECTION|FINAL PARTICLE INSPECTION|PARAMETRIC TEST|SWITCHING TEST|FINAL LOT RELEASE|SHIP LOT|FINAL CD INSPECTION|FINAL PARTICLE INSPECTION|PARAMETRIC TEST|SWITCHING TEST
valid_0421,DEPOSIT TUNGSTEN SEED|FILL VIA TUNGSTEN|CMP METAL|MEASURE VIA RESISTANCE|DEPOSIT TOP METAL|ANNEAL METAL 1|SPIN COAT PHOTORESIST|SOFT BAKE|ALIGN MASK LEVEL 4|EXPOSE LITHO LEVEL 4|DEVELOP PHOTORESIST|METAL PATTERN INSPECTION|METAL ETCH DRY|STRIP PHOTORESIST|CLEAN AFTER METAL ETCH|MEASURE LINE WIDTH|DEPOSIT PASSIVATION|CURE PASSIVATION|MEASURE PASSIVATION QUALITY|OPEN BOND PAD WINDOW|OPEN PAD WINDOW LITHO|DEVELOP PAD WINDOW|PASSIVATION ETCH PAD OPENING|STRIP RESIST|CLEAN PAD OPENING|MEASURE PAD OPENING|BACKSIDE THINNING CHECK|BACKSIDE CLEAN FINAL|DEPOSIT BACKSIDE PROTECTION|BACKSIDE ANNEAL|FRONTSIDE CLEAN FINAL|FINAL CLEAN|FINAL THICKNESS MEASURE|FINAL GEOMETRY CHECK|FINAL OXIDE CHECK|FINAL CD INSPECTION|FINAL PARTICLE INSPECTION|FINAL ELECTRICAL TEST PREP|PARAMETRIC TEST|LEAKAGE TEST|THRESHOLD VOLTAGE TEST|SWITCHING TEST|WAFER SORT TEST|YIELD ANALYSIS|LOT RELEASE|PACKAGE PREPARATION|SHIP LOT|FINAL OXIDE CHECK|FINAL CD INSPECTION|FINAL PARTICLE INSPECTION|PARAMETRIC TEST|SWITCHING TEST|WAFER SORT TEST|FINAL LOT RELEASE|PACKAGE PREPARATION|SHIP LOT|FINAL CD INSPECTION|FINAL PARTICLE INSPECTION|PARAMETRIC TEST|SWITCHING TEST|WAFER SORT TEST|FINAL LOT RELEASE|SHIP LOT|FINAL CD INSPECTION|FINAL PARTICLE INSPECTION|PARAMETRIC TEST|SWITCHING TEST|WAFER SORT TEST|FINAL LOT RELEASE|SHIP LOT|FINAL CD INSPECTION|FINAL PARTICLE INSPECTION|PARAMETRIC TEST|SWITCHING TEST|WAFER SORT TEST|FINAL LOT RELEASE|SHIP LOT|FINAL CD INSPECTION|FINAL PARTICLE INSPECTION|PARAMETRIC TEST
valid_0422,PASSIVATION ETCH|STRIP RESIST|CLEAN PAD OPENING|MEASURE PAD OPENING|BACKSIDE THINNING CHECK|BACKSIDE CLEAN FINAL|DEPOSIT BACKSIDE PROTECTION|BACKSIDE ANNEAL|FRONTSIDE CLEAN FINAL|FINAL CLEAN|FINAL THICKNESS MEASURE|FINAL GEOMETRY CHECK|FINAL OXIDE CHECK|FINAL CD INSPECTION|FINAL PARTICLE INSPECTION|FINAL ELECTRICAL TEST PREP|PARAMETRIC TEST|LEAKAGE TEST|THRESHOLD VOLTAGE TEST|SWITCHING TEST|WAFER SORT TEST|YIELD ANALYSIS|LOT RELEASE|PACKAGE PREPARATION|SHIP LOT|FINAL OXIDE CHECK|FINAL CD INSPECTION|FINAL PARTICLE INSPECTION|PARAMETRIC TEST|SWITCHING TEST|WAFER SORT TEST|FINAL LOT RELEASE|PACKAGE PREPARATION|SHIP LOT|FINAL CD INSPECTION|FINAL PARTICLE INSPECTION|PARAMETRIC TEST|SWITCHING TEST|WAFER SORT TEST|FINAL LOT RELEASE|SHIP LOT|FINAL CD INSPECTION|FINAL PARTICLE INSPECTION|PARAMETRIC TEST|SWITCHING TEST|WAFER SORT TEST|FINAL LOT RELEASE|SHIP LOT|FINAL CD INSPECTION|FINAL PARTICLE INSPECTION|PARAMETRIC TEST|SWITCHING TEST|WAFER SORT TEST|FINAL LOT RELEASE|SHIP LOT|FINAL CD INSPECTION|FINAL PARTICLE INSPECTION|PARAMETRIC TEST|SWITCHING TEST|FINAL LOT RELEASE|SHIP LOT|IMPLANT P BODY|BREAKDOWN VOLTAGE TEST|SWITCHING TEST|FINAL LOT RELEASE|SHIP LOT|FINAL CD INSPECTION|FINAL PARTICLE INSPECTION|PARAMETRIC TEST|SWITCHING TEST|FINAL LOT RELEASE|SHIP LOT|FINAL CD INSPECTION|FINAL PARTICLE INSPECTION|PARAMETRIC TEST|SWITCHING TEST|FINAL LOT RELEASE|SHIP LOT|FINAL CD INSPECTION|FINAL PARTICLE INSPECTION
valid_0423,MEASURE VIA CD|DEPOSIT BARRIER METAL|DEPOSIT TUNGSTEN SEED|FILL VIA TUNGSTEN|CMP METAL|MEASURE VIA RESISTANCE|DEPOSIT TOP METAL|ANNEAL METAL 1|SPIN COAT PHOTORESIST|SOFT BAKE|ALIGN MASK LEVEL 4|EXPOSE LITHO LEVEL 4|DEVELOP PHOTORESIST|METAL PATTERN INSPECTION|METAL ETCH DRY|STRIP RESIST|CLEAN AFTER METAL ETCH|MEASURE LINE WIDTH|DEPOSIT PASSIVATION|CURE PASSIVATION|MEASURE PASSIVATION QUALITY|OPEN BOND PAD WINDOW|OPEN PAD WINDOW LITHO|DEVELOP PAD WINDOW|PASSIVATION ETCH|STRIP RESIST|CLEAN PAD OPENING|MEASURE PAD OPENING|BACKSIDE THINNING CHECK|BACKSIDE CLEAN FINAL|DEPOSIT BACKSIDE PROTECTION|BACKSIDE ANNEAL|FRONTSIDE CLEAN FINAL|FINAL CLEAN|FINAL THICKNESS MEASURE|FINAL GEOMETRY CHECK|FINAL OXIDE CHECK|FINAL CD INSPECTION|FINAL PARTICLE INSPECTION|FINAL ELECTRICAL TEST PREP|PARAMETRIC TEST|LEAKAGE TEST|THRESHOLD VOLTAGE TEST|SWITCHING TEST|WAFER SORT TEST|YIELD ANALYSIS|LOT RELEASE|PACKAGE PREPARATION|SHIP LOT|FINAL CD INSPECTION|FINAL PARTICLE INSPECTION|PARAMETRIC TEST|SWITCHING TEST|WAFER SORT TEST|FINAL LOT RELEASE|SHIP LOT|FINAL CD INSPECTION|FINAL PARTICLE INSPECTION|PARAMETRIC TEST|SWITCHING TEST|WAFER SORT TEST|FINAL LOT RELEASE|SHIP LOT|FINAL CD INSPECTION|FINAL PARTICLE INSPECTION|PARAMETRIC TEST|SWITCHING TEST|WAFER SORT TEST|FINAL LOT RELEASE|SHIP LOT|FINAL CD INSPECTION|FINAL PARTICLE INSPECTION|PARAMETRIC TEST|SWITCHING TEST|WAFER SORT TEST|FINAL LOT RELEASE|SHIP LOT|FINAL CD INSPECTION|FINAL PARTICLE INSPECTION|PARAMETRIC TEST
valid_0424,OPEN BOND PAD WINDOW|OPEN PAD WINDOW LITHO|DEVELOP PAD WINDOW|PASSIVATION ETCH|STRIP RESIST|CLEAN PAD OPENING|MEASURE PAD OPENING|BACKSIDE THINNING CHECK|BACKSIDE CLEAN FINAL|DEPOSIT BACKSIDE PROTECTION|BACKSIDE ANNEAL|FRONTSIDE CLEAN FINAL|FINAL CLEAN|FINAL THICKNESS MEASURE|FINAL GEOMETRY CHECK|FINAL OXIDE CHECK|FINAL CD INSPECTION|FINAL PARTICLE INSPECTION|FINAL ELECTRICAL TEST PREP|PARAMETRIC TEST|LEAKAGE TEST|THRESHOLD VOLTAGE TEST|SWITCHING TEST|WAFER SORT TEST|YIELD ANALYSIS|LOT RELEASE|PACKAGE PREPARATION|SHIP LOT|FINAL OXIDE CHECK|FINAL CD INSPECTION|FINAL PARTICLE INSPECTION|PARAMETRIC TEST|SWITCHING TEST|WAFER SORT TEST|FINAL LOT RELEASE|SHIP LOT|FINAL CD INSPECTION|FINAL PARTICLE INSPECTION|PARAMETRIC TEST|SWITCHING TEST|WAFER SORT TEST|FINAL LOT RELEASE|SHIP LOT|FINAL CD INSPECTION|FINAL PARTICLE INSPECTION|PARAMETRIC TEST|SWITCHING TEST|WAFER SORT TEST|FINAL LOT RELEASE|SHIP LOT|FINAL CD INSPECTION|FINAL PARTICLE INSPECTION|PARAMETRIC TEST|SWITCHING TEST|WAFER SORT TEST|FINAL LOT RELEASE|SHIP LOT|FINAL CD INSPECTION|FINAL PARTICLE INSPECTION|PARAMETRIC TEST|SWITCHING TEST|FINAL LOT RELEASE|SHIP LOT|FINAL CD INSPECTION|FINAL PARTICLE INSPECTION|PARAMETRIC TEST|SWITCHING TEST|FINAL LOT RELEASE|SHIP LOT|FINAL CD INSPECTION|FINAL PARTICLE INSPECTION|PARAMETRIC TEST|LEAKAGE TEST|BREAKDOWN VOLTAGE TEST|SWITCHING TEST|FINAL LOT RELEASE|SHIP LOT|FINAL CD INSPECTION|FINAL PARTICLE INSPECTION|PARAMETRIC TEST
valid_0425,CLEAN AFTER VIA ETCH|MEASURE VIA CD|DEPOSIT BARRIER METAL|DEPOSIT TUNGSTEN SEED|FILL VIA TUNGSTEN|CMP METAL|MEASURE VIA RESISTANCE|DEPOSIT TOP METAL|ANNEAL METAL 1|SPIN COAT PHOTORESIST|SOFT BAKE|ALIGN MASK LEVEL 4|EXPOSE LITHO LEVEL 4|DEVELOP PHOTORESIST|METAL PATTERN INSPECTION|METAL ETCH DRY|STRIP RESIST|CLEAN AFTER METAL ETCH|MEASURE LINE WIDTH|DEPOSIT PASSIVATION|CURE PASSIVATION|MEASURE PASSIVATION QUALITY|OPEN BOND PAD WINDOW|OPEN PAD WINDOW LITHO|DEVELOP PAD WINDOW|PASSIVATION ETCH|STRIP RESIST|CLEAN PAD OPENING|MEASURE PAD OPENING|BACKSIDE THINNING CHECK|BACKSIDE CLEAN FINAL|DEPOSIT BACKSIDE PROTECTION|BACKSIDE ANNEAL|FRONTSIDE CLEAN FINAL|FINAL CLEAN|FINAL THICKNESS MEASURE|FINAL GEOMETRY CHECK|FINAL OXIDE CHECK|FINAL CD INSPECTION|FINAL PARTICLE INSPECTION|FINAL ELECTRICAL TEST PREP|PARAMETRIC TEST|LEAKAGE TEST|THRESHOLD VOLTAGE TEST|SWITCHING TEST|WAFER SORT TEST|YIELD ANALYSIS|LOT RELEASE|PACKAGE PREPARATION|SHIP LOT|FINAL CD INSPECTION|FINAL PARTICLE INSPECTION|PARAMETRIC TEST|SWITCHING TEST|WAFER SORT TEST|FINAL LOT RELEASE|SHIP LOT|FINAL CD INSPECTION|FINAL PARTICLE INSPECTION|PARAMETRIC TEST|SWITCHING TEST|WAFER SORT TEST|FINAL LOT RELEASE|SHIP LOT|FINAL CD INSPECTION|FINAL PARTICLE INSPECTION|PARAMETRIC TEST|SWITCHING TEST|WAFER SORT TEST|FINAL LOT RELEASE|SHIP LOT|FINAL CD INSPECTION|FINAL PARTICLE INSPECTION|PARAMETRIC TEST|SWITCHING TEST|WAFER SORT TEST|FINAL LOT RELEASE|SHIP LOT|FINAL CD INSPECTION|FINAL PARTICLE INSPECTION
valid_0426,OPEN PAD WINDOW LITHO|DEVELOP PAD WINDOW|PASSIVATION ETCH|STRIP RESIST|CLEAN PAD OPENING|MEASURE PAD OPENING|BACKSIDE THINNING CHECK|BACKSIDE CLEAN FINAL|DEPOSIT BACKSIDE PROTECTION|BACKSIDE ANNEAL|FRONTSIDE CLEAN FINAL|FINAL CLEAN|FINAL THICKNESS MEASURE|FINAL GEOMETRY CHECK|FINAL OXIDE CHECK|FINAL CD INSPECTION|FINAL PARTICLE INSPECTION|FINAL ELECTRICAL TEST PREP|PARAMETRIC TEST|LEAKAGE TEST|THRESHOLD VOLTAGE TEST|SWITCHING TEST|WAFER SORT TEST|YIELD ANALYSIS|LOT RELEASE|PACKAGE PREPARATION|SHIP LOT|FINAL OXIDE CHECK|FINAL CD INSPECTION|FINAL PARTICLE INSPECTION|PARAMETRIC TEST|SWITCHING TEST|WAFER SORT TEST|FINAL LOT RELEASE|SHIP LOT|FINAL CD INSPECTION|FINAL PARTICLE INSPECTION|PARAMETRIC TEST|SWITCHING TEST|WAFER SORT TEST|FINAL LOT RELEASE|SHIP LOT|FINAL CD INSPECTION|FINAL PARTICLE INSPECTION|PARAMETRIC TEST|SWITCHING TEST|WAFER SORT TEST|FINAL LOT RELEASE|SHIP LOT|FINAL CD INSPECTION|FINAL PARTICLE INSPECTION|PARAMETRIC TEST|SWITCHING TEST|WAFER SORT TEST|FINAL LOT RELEASE|SHIP LOT|FINAL CD INSPECTION|FINAL PARTICLE INSPECTION|PARAMETRIC TEST|SWITCHING TEST|FINAL LOT RELEASE|SHIP LOT|IMPLANT P BODY|BREAKDOWN VOLTAGE TEST|SWITCHING TEST|FINAL LOT RELEASE|SHIP LOT|FINAL CD INSPECTION|FINAL PARTICLE INSPECTION|PARAMETRIC TEST|SWITCHING TEST|FINAL LOT RELEASE|SHIP LOT|FINAL CD INSPECTION|FINAL PARTICLE INSPECTION|PARAMETRIC TEST|SWITCHING TEST|FINAL LOT RELEASE|SHIP LOT|FINAL CD INSPECTION
valid_0427,CLEAN AFTER VIA ETCH|MEASURE VIA CD|DEPOSIT BARRIER METAL|DEPOSIT TUNGSTEN SEED|FILL VIA TUNGSTEN|CMP METAL|MEASURE VIA RESISTANCE|DEPOSIT TOP METAL|ANNEAL METAL 1|SPIN COAT PHOTORESIST|SOFT BAKE|ALIGN MASK LEVEL 4|EXPOSE LITHO LEVEL 4|DEVELOP PHOTORESIST|METAL PATTERN INSPECTION|METAL ETCH DRY|STRIP RESIST|CLEAN AFTER METAL ETCH|MEASURE LINE WIDTH|DEPOSIT PASSIVATION|CURE PASSIVATION|MEASURE PASSIVATION QUALITY|OPEN BOND PAD WINDOW|OPEN PAD WINDOW LITHO|DEVELOP PAD WINDOW|PASSIVATION ETCH|STRIP RESIST|CLEAN PAD OPENING|MEASURE PAD OPENING|BACKSIDE THINNING CHECK|BACKSIDE CLEAN FINAL|DEPOSIT BACKSIDE PROTECTION|BACKSIDE ANNEAL|FRONTSIDE CLEAN FINAL|FINAL CLEAN|FINAL THICKNESS MEASURE|FINAL GEOMETRY CHECK|FINAL OXIDE CHECK|FINAL CD INSPECTION|FINAL PARTICLE INSPECTION|FINAL ELECTRICAL TEST PREP|PARAMETRIC TEST|LEAKAGE TEST|THRESHOLD VOLTAGE TEST|SWITCHING TEST|WAFER SORT TEST|YIELD ANALYSIS|LOT RELEASE|PACKAGE PREPARATION|SHIP LOT|FINAL CD INSPECTION|FINAL PARTICLE INSPECTION|PARAMETRIC TEST|SWITCHING TEST|WAFER SORT TEST|FINAL LOT RELEASE|SHIP LOT|FINAL CD INSPECTION|FINAL PARTICLE INSPECTION|PARAMETRIC TEST|SWITCHING TEST|WAFER SORT TEST|FINAL LOT RELEASE|SHIP LOT|FINAL CD INSPECTION|FINAL PARTICLE INSPECTION|PARAMETRIC TEST|SWITCHING TEST|WAFER SORT TEST|FINAL LOT RELEASE|SHIP LOT|FINAL CD INSPECTION|FINAL PARTICLE INSPECTION|PARAMETRIC TEST|SWITCHING TEST|WAFER SORT TEST|FINAL LOT RELEASE|SHIP LOT|FINAL CD INSPECTION|FINAL PARTICLE INSPECTION
valid_0428,OPEN BOND PAD WINDOW|OPEN PAD WINDOW LITHO|DEVELOP PAD WINDOW|PASSIVATION ETCH|STRIP RESIST|CLEAN PAD OPENING|MEASURE PAD OPENING|BACKSIDE THINNING CHECK|BACKSIDE CLEAN FINAL|DEPOSIT BACKSIDE PROTECTION|BACKSIDE ANNEAL|FRONTSIDE CLEAN FINAL|FINAL CLEAN|FINAL THICKNESS MEASURE|FINAL GEOMETRY CHECK|FINAL OXIDE CHECK|FINAL CD INSPECTION|FINAL PARTICLE INSPECTION|FINAL ELECTRICAL TEST PREP|PARAMETRIC TEST|LEAKAGE TEST|THRESHOLD VOLTAGE TEST|SWITCHING TEST|WAFER SORT TEST|YIELD ANALYSIS|FINAL LOT RELEASE|PACKAGE PREPARATION|SHIP LOT|FINAL OXIDE CHECK|FINAL CD INSPECTION|FINAL PARTICLE INSPECTION|PARAMETRIC TEST|SWITCHING TEST|WAFER SORT TEST|FINAL LOT RELEASE|SHIP LOT|FINAL CD INSPECTION|FINAL PARTICLE INSPECTION|PARAMETRIC TEST|SWITCHING TEST|WAFER SORT TEST|FINAL LOT RELEASE|SHIP LOT|FINAL CD INSPECTION|FINAL PARTICLE INSPECTION|PARAMETRIC TEST|SWITCHING TEST|WAFER SORT TEST|FINAL LOT RELEASE|SHIP LOT|FINAL CD INSPECTION|FINAL PARTICLE INSPECTION|PARAMETRIC TEST|SWITCHING TEST|WAFER SORT TEST|FINAL LOT RELEASE|SHIP LOT|FINAL CD INSPECTION|FINAL PARTICLE INSPECTION|PARAMETRIC TEST|SWITCHING TEST|FINAL LOT RELEASE|SHIP LOT|IMPLANT P BODY|BREAKDOWN VOLTAGE TEST|SWITCHING TEST|FINAL LOT RELEASE|SHIP LOT|FINAL CD INSPECTION|FINAL PARTICLE INSPECTION|PARAMETRIC TEST|SWITCHING TEST|FINAL LOT RELEASE|SHIP LOT|FINAL CD INSPECTION|FINAL PARTICLE INSPECTION|PARAMETRIC TEST|SWITCHING TEST|FINAL LOT RELEASE|SHIP LOT
valid_0429,STRIP PHOTORESIST|CLEAN AFTER VIA ETCH|MEASURE VIA CD|DEPOSIT BARRIER METAL|DEPOSIT TUNGSTEN SEED|FILL VIA TUNGSTEN|CMP METAL|MEASURE VIA RESISTANCE|DEPOSIT TOP METAL|ANNEAL METAL 1|SPIN COAT PHOTORESIST|SOFT BAKE|ALIGN MASK LEVEL 4|EXPOSE LITHO LEVEL 4|DEVELOP PHOTORESIST|METAL PATTERN INSPECTION|METAL ETCH DRY|STRIP PHOTORESIST|CLEAN AFTER METAL ETCH|MEASURE LINE WIDTH|DEPOSIT PASSIVATION|CURE PASSIVATION|MEASURE PASSIVATION QUALITY|OPEN BOND PAD WINDOW|OPEN PAD WINDOW LITHO|DEVELOP PAD WINDOW|PASSIVATION ETCH PAD OPENING|STRIP PHOTORESIST|CLEAN PAD OPENING|MEASURE PAD OPENING|BACKSIDE THINNING CHECK|BACKSIDE CLEAN FINAL|DEPOSIT BACKSIDE PROTECTION|BACKSIDE ANNEAL|FRONTSIDE CLEAN FINAL|FINAL CLEAN|FINAL THICKNESS MEASURE|FINAL GEOMETRY CHECK|FINAL OXIDE CHECK|FINAL CD INSPECTION|FINAL PARTICLE INSPECTION|FINAL ELECTRICAL TEST PREP|PARAMETRIC TEST|LEAKAGE TEST|THRESHOLD VOLTAGE TEST|SWITCHING TEST|WAFER SORT TEST|YIELD ANALYSIS|LOT RELEASE|PACKAGE PREPARATION|SHIP LOT|FINAL OXIDE CHECK|FINAL CD INSPECTION|FINAL PARTICLE INSPECTION|PARAMETRIC TEST|SWITCHING TEST|WAFER SORT TEST|FINAL LOT RELEASE|PACKAGE PREPARATION|SHIP LOT|FINAL CD INSPECTION|FINAL PARTICLE INSPECTION|PARAMETRIC TEST|SWITCHING TEST|WAFER SORT TEST|FINAL LOT RELEASE|SHIP LOT|FINAL CD INSPECTION|FINAL PARTICLE INSPECTION|PARAMETRIC TEST|SWITCHING TEST|WAFER SORT TEST|FINAL LOT RELEASE|SHIP LOT|FINAL CD INSPECTION|FINAL PARTICLE INSPECTION|PARAMETRIC TEST|SWITCHING TEST|WAFER SORT TEST|FINAL LOT RELEASE
valid_0430,OPEN PAD WINDOW LITHO|DEVELOP PAD WINDOW|PASSIVATION ETCH PAD OPENING|STRIP RESIST|CLEAN PAD OPENING|MEASURE PAD OPENING|BACKSIDE THINNING CHECK|BACKSIDE CLEAN FINAL|DEPOSIT BACKSIDE PROTECTION|BACKSIDE ANNEAL|FRONTSIDE CLEAN FINAL|FINAL CLEAN|FINAL THICKNESS MEASURE|FINAL GEOMETRY CHECK|FINAL OXIDE CHECK|FINAL CD INSPECTION|FINAL PARTICLE INSPECTION|FINAL ELECTRICAL TEST PREP|PARAMETRIC TEST|LEAKAGE TEST|THRESHOLD VOLTAGE TEST|SWITCHING TEST|WAFER SORT TEST|YIELD ANALYSIS|LOT RELEASE|PACKAGE PREPARATION|SHIP LOT|FINAL OXIDE CHECK|FINAL CD INSPECTION|FINAL PARTICLE INSPECTION|PARAMETRIC TEST|SWITCHING TEST|WAFER SORT TEST|FINAL LOT RELEASE|PACKAGE PREPARATION|SHIP LOT|FINAL CD INSPECTION|FINAL PARTICLE INSPECTION|PARAMETRIC TEST|SWITCHING TEST|WAFER SORT TEST|FINAL LOT RELEASE|SHIP LOT|FINAL CD INSPECTION|FINAL PARTICLE INSPECTION|PARAMETRIC TEST|SWITCHING TEST|WAFER SORT TEST|FINAL LOT RELEASE|SHIP LOT|FINAL CD INSPECTION|FINAL PARTICLE INSPECTION|PARAMETRIC TEST|SWITCHING TEST|WAFER SORT TEST|FINAL LOT RELEASE|SHIP LOT|FINAL CD INSPECTION|FINAL PARTICLE INSPECTION|PARAMETRIC TEST|SWITCHING TEST|FINAL LOT RELEASE|SHIP LOT|IMPLANT P BODY|BREAKDOWN VOLTAGE TEST|SWITCHING TEST|FINAL LOT RELEASE|SHIP LOT|FINAL CD INSPECTION|FINAL PARTICLE INSPECTION|PARAMETRIC TEST|SWITCHING TEST|FINAL LOT RELEASE|SHIP LOT|FINAL CD INSPECTION|FINAL PARTICLE INSPECTION|PARAMETRIC TEST|SWITCHING TEST|FINAL LOT RELEASE|SHIP LOT
valid_0431,MEASURE VIA CD|DEPOSIT BARRIER METAL|DEPOSIT TUNGSTEN SEED|FILL VIA TUNGSTEN|CMP METAL|MEASURE VIA RESISTANCE|DEPOSIT TOP METAL|ANNEAL METAL 1|SPIN COAT PHOTORESIST|SOFT BAKE|ALIGN MASK LEVEL 4|EXPOSE LITHO LEVEL 4|DEVELOP PHOTORESIST|METAL PATTERN INSPECTION|METAL ETCH DRY|STRIP PHOTORESIST|CLEAN AFTER METAL ETCH|MEASURE LINE WIDTH|DEPOSIT PASSIVATION|CURE PASSIVATION|MEASURE PASSIVATION QUALITY|OPEN BOND PAD WINDOW|OPEN PAD WINDOW LITHO|DEVELOP PAD WINDOW|PASSIVATION ETCH|STRIP RESIST|CLEAN PAD OPENING|MEASURE PAD OPENING|BACKSIDE THINNING CHECK|BACKSIDE CLEAN FINAL|DEPOSIT BACKSIDE PROTECTION|BACKSIDE ANNEAL|FRONTSIDE CLEAN FINAL|FINAL CLEAN|FINAL THICKNESS MEASURE|FINAL GEOMETRY CHECK|FINAL OXIDE CHECK|FINAL CD INSPECTION|FINAL PARTICLE INSPECTION|FINAL ELECTRICAL TEST PREP|PARAMETRIC TEST|LEAKAGE TEST|THRESHOLD VOLTAGE TEST|SWITCHING TEST|WAFER SORT TEST|YIELD ANALYSIS|LOT RELEASE|PACKAGE PREPARATION|SHIP LOT|FINAL OXIDE CHECK|FINAL CD INSPECTION|FINAL PARTICLE INSPECTION|PARAMETRIC TEST|SWITCHING TEST|WAFER SORT TEST|FINAL LOT RELEASE|SHIP LOT|FINAL CD INSPECTION|FINAL PARTICLE INSPECTION|PARAMETRIC TEST|SWITCHING TEST|WAFER SORT TEST|FINAL LOT RELEASE|SHIP LOT|FINAL CD INSPECTION|FINAL PARTICLE INSPECTION|PARAMETRIC TEST|SWITCHING TEST|WAFER SORT TEST|FINAL LOT RELEASE|SHIP LOT|FINAL CD INSPECTION|FINAL PARTICLE INSPECTION|PARAMETRIC TEST|SWITCHING TEST|WAFER SORT TEST|FINAL LOT RELEASE|SHIP LOT|FINAL CD INSPECTION|FINAL PARTICLE INSPECTION
valid_0432,OPEN PAD WINDOW LITHO|DEVELOP PAD WINDOW|PASSIVATION ETCH|STRIP RESIST|CLEAN PAD OPENING|MEASURE PAD OPENING|BACKSIDE THINNING CHECK|BACKSIDE CLEAN FINAL|DEPOSIT BACKSIDE PROTECTION|BACKSIDE ANNEAL|FRONTSIDE CLEAN FINAL|FINAL CLEAN|FINAL THICKNESS MEASURE|FINAL GEOMETRY CHECK|FINAL OXIDE CHECK|FINAL CD INSPECTION|FINAL PARTICLE INSPECTION|FINAL ELECTRICAL TEST PREP|PARAMETRIC TEST|LEAKAGE TEST|THRESHOLD VOLTAGE TEST|SWITCHING TEST|WAFER SORT TEST|YIELD ANALYSIS|LOT RELEASE|PACKAGE PREPARATION|SHIP LOT|FINAL CD INSPECTION|FINAL PARTICLE INSPECTION|PARAMETRIC TEST|SWITCHING TEST|WAFER SORT TEST|FINAL LOT RELEASE|SHIP LOT|FINAL CD INSPECTION|FINAL PARTICLE INSPECTION|PARAMETRIC TEST|SWITCHING TEST|WAFER SORT TEST|FINAL LOT RELEASE|SHIP LOT|FINAL CD INSPECTION|FINAL PARTICLE INSPECTION|PARAMETRIC TEST|SWITCHING TEST|WAFER SORT TEST|FINAL LOT RELEASE|SHIP LOT|FINAL CD INSPECTION|FINAL PARTICLE INSPECTION|PARAMETRIC TEST|SWITCHING TEST|WAFER SORT TEST|FINAL LOT RELEASE|SHIP LOT|FINAL CD INSPECTION|FINAL PARTICLE INSPECTION|PARAMETRIC TEST|SWITCHING TEST|FINAL LOT RELEASE|SHIP LOT|IMPLANT P BODY|BREAKDOWN VOLTAGE TEST|SWITCHING TEST|FINAL LOT RELEASE|SHIP LOT|FINAL CD INSPECTION|FINAL PARTICLE INSPECTION|PARAMETRIC TEST|SWITCHING TEST|FINAL LOT RELEASE|SHIP LOT|FINAL CD INSPECTION|FINAL PARTICLE INSPECTION|PARAMETRIC TEST|SWITCHING TEST|FINAL LOT RELEASE|SHIP LOT|FINAL CD INSPECTION|FINAL PARTICLE INSPECTION
valid_0433,STRIP RESIST|CLEAN AFTER VIA ETCH|MEASURE VIA CD|DEPOSIT BARRIER METAL|DEPOSIT TUNGSTEN SEED|FILL VIA TUNGSTEN|CMP METAL|MEASURE VIA RESISTANCE|DEPOSIT METAL 1|ANNEAL METAL 1|SPIN COAT PHOTORESIST|SOFT BAKE|ALIGN MASK LEVEL 4|EXPOSE LITHO LEVEL 4|DEVELOP PHOTORESIST|METAL PATTERN INSPECTION|METAL ETCH DRY|STRIP PHOTORESIST|CLEAN AFTER METAL ETCH|MEASURE LINE WIDTH|DEPOSIT PASSIVATION|CURE PASSIVATION|MEASURE PASSIVATION QUALITY|OPEN BOND PAD WINDOW|OPEN PAD WINDOW LITHO|DEVELOP PAD WINDOW|PASSIVATION ETCH PAD OPENING|STRIP RESIST|CLEAN PAD OPENING|MEASURE PAD OPENING|BACKSIDE THINNING CHECK|BACKSIDE CLEAN FINAL|DEPOSIT BACKSIDE PROTECTION|BACKSIDE ANNEAL|FRONTSIDE CLEAN FINAL|FINAL CLEAN|FINAL THICKNESS MEASURE|FINAL GEOMETRY CHECK|FINAL OXIDE CHECK|FINAL CD INSPECTION|FINAL PARTICLE INSPECTION|FINAL ELECTRICAL TEST PREP|PARAMETRIC TEST|LEAKAGE TEST|THRESHOLD VOLTAGE TEST|SWITCHING TEST|WAFER SORT TEST|YIELD ANALYSIS|LOT RELEASE|PACKAGE PREPARATION|SHIP LOT|FINAL OXIDE CHECK|FINAL CD INSPECTION|FINAL PARTICLE INSPECTION|PARAMETRIC TEST|SWITCHING TEST|WAFER SORT TEST|FINAL LOT RELEASE|PACKAGE PREPARATION|SHIP LOT|FINAL CD INSPECTION|FINAL PARTICLE INSPECTION|PARAMETRIC TEST|SWITCHING TEST|WAFER SORT TEST|FINAL LOT RELEASE|SHIP LOT|FINAL CD INSPECTION|FINAL PARTICLE INSPECTION|PARAMETRIC TEST|SWITCHING TEST|WAFER SORT TEST|FINAL LOT RELEASE|SHIP LOT|FINAL CD INSPECTION|FINAL PARTICLE INSPECTION|PARAMETRIC TEST|SWITCHING TEST|WAFER SORT TEST|FINAL LOT RELEASE
valid_0434,DEVELOP PAD WINDOW|PASSIVATION ETCH PAD OPENING|STRIP PHOTORESIST|CLEAN PAD OPENING|MEASURE PAD OPENING|BACKSIDE THINNING CHECK|BACKSIDE CLEAN FINAL|DEPOSIT BACKSIDE PROTECTION|BACKSIDE ANNEAL|FRONTSIDE CLEAN FINAL|FINAL CLEAN|FINAL THICKNESS MEASURE|FINAL GEOMETRY CHECK|FINAL OXIDE CHECK|FINAL CD INSPECTION|FINAL PARTICLE INSPECTION|FINAL ELECTRICAL TEST PREP|PARAMETRIC TEST|LEAKAGE TEST|THRESHOLD VOLTAGE TEST|SWITCHING TEST|WAFER SORT TEST|YIELD ANALYSIS|LOT RELEASE|PACKAGE PREPARATION|SHIP LOT|FINAL OXIDE CHECK|FINAL CD INSPECTION|FINAL PARTICLE INSPECTION|PARAMETRIC TEST|SWITCHING TEST|WAFER SORT TEST|FINAL LOT RELEASE|PACKAGE PREPARATION|SHIP LOT|FINAL CD INSPECTION|FINAL PARTICLE INSPECTION|PARAMETRIC TEST|SWITCHING TEST|WAFER SORT TEST|FINAL LOT RELEASE|SHIP LOT|FINAL CD INSPECTION|FINAL PARTICLE INSPECTION|PARAMETRIC TEST|SWITCHING TEST|WAFER SORT TEST|FINAL LOT RELEASE|SHIP LOT|FINAL CD INSPECTION|FINAL PARTICLE INSPECTION|PARAMETRIC TEST|SWITCHING TEST|WAFER SORT TEST|FINAL LOT RELEASE|SHIP LOT|FINAL CD INSPECTION|FINAL PARTICLE INSPECTION|PARAMETRIC TEST|SWITCHING TEST|WAFER SORT TEST|FINAL LOT RELEASE|SHIP LOT|FINAL CD INSPECTION|FINAL PARTICLE INSPECTION|PARAMETRIC TEST|SWITCHING TEST|FINAL LOT RELEASE|SHIP LOT|IMPLANT P BODY|BREAKDOWN VOLTAGE TEST|SWITCHING TEST|FINAL LOT RELEASE|SHIP LOT|FINAL CD INSPECTION|FINAL PARTICLE INSPECTION|PARAMETRIC TEST|SWITCHING TEST|FINAL LOT RELEASE|SHIP LOT
valid_0435,DEPOSIT BARRIER METAL|DEPOSIT TUNGSTEN SEED|FILL VIA TUNGSTEN|CMP METAL|MEASURE VIA RESISTANCE|DEPOSIT METAL 1|ANNEAL METAL 1|SPIN COAT PHOTORESIST|SOFT BAKE|ALIGN MASK LEVEL 4|EXPOSE LITHO LEVEL 4|DEVELOP PHOTORESIST|METAL PATTERN INSPECTION|METAL ETCH DRY|STRIP PHOTORESIST|CLEAN AFTER METAL ETCH|MEASURE LINE WIDTH|DEPOSIT PASSIVATION|CURE PASSIVATION|MEASURE PASSIVATION QUALITY|OPEN BOND PAD WINDOW|OPEN PAD WINDOW LITHO|DEVELOP PAD WINDOW|PASSIVATION ETCH PAD OPENING|STRIP RESIST|CLEAN PAD OPENING|MEASURE PAD OPENING|BACKSIDE THINNING CHECK|BACKSIDE CLEAN FINAL|DEPOSIT BACKSIDE PROTECTION|BACKSIDE ANNEAL|FRONTSIDE CLEAN FINAL|FINAL CLEAN|FINAL THICKNESS MEASURE|FINAL GEOMETRY CHECK|FINAL OXIDE CHECK|FINAL CD INSPECTION|FINAL PARTICLE INSPECTION|FINAL ELECTRICAL TEST PREP|PARAMETRIC TEST|LEAKAGE TEST|THRESHOLD VOLTAGE TEST|SWITCHING TEST|WAFER SORT TEST|YIELD ANALYSIS|LOT RELEASE|PACKAGE PREPARATION|SHIP LOT|FINAL OXIDE CHECK|FINAL CD INSPECTION|FINAL PARTICLE INSPECTION|PARAMETRIC TEST|SWITCHING TEST|WAFER SORT TEST|FINAL LOT RELEASE|PACKAGE PREPARATION|SHIP LOT|FINAL CD INSPECTION|FINAL PARTICLE INSPECTION|PARAMETRIC TEST|SWITCHING TEST|WAFER SORT TEST|FINAL LOT RELEASE|SHIP LOT|FINAL CD INSPECTION|FINAL PARTICLE INSPECTION|PARAMETRIC TEST|SWITCHING TEST|WAFER SORT TEST|FINAL LOT RELEASE|SHIP LOT|FINAL CD INSPECTION|FINAL PARTICLE INSPECTION|PARAMETRIC TEST|SWITCHING TEST|WAFER SORT TEST|FINAL LOT RELEASE|SHIP LOT|FINAL CD INSPECTION|FINAL PARTICLE INSPECTION
valid_0436,OPEN PAD WINDOW LITHO|DEVELOP PAD WINDOW|PASSIVATION ETCH|STRIP RESIST|CLEAN PAD OPENING|MEASURE PAD OPENING|BACKSIDE THINNING CHECK|BACKSIDE CLEAN FINAL|DEPOSIT BACKSIDE PROTECTION|BACKSIDE ANNEAL|FRONTSIDE CLEAN FINAL|FINAL CLEAN|FINAL THICKNESS MEASURE|FINAL GEOMETRY CHECK|FINAL OXIDE CHECK|FINAL CD INSPECTION|FINAL PARTICLE INSPECTION|FINAL ELECTRICAL TEST PREP|PARAMETRIC TEST|LEAKAGE TEST|THRESHOLD VOLTAGE TEST|SWITCHING TEST|WAFER SORT TEST|YIELD ANALYSIS|LOT RELEASE|PACKAGE PREPARATION|SHIP LOT|FINAL CD INSPECTION|FINAL PARTICLE INSPECTION|PARAMETRIC TEST|SWITCHING TEST|WAFER SORT TEST|FINAL LOT RELEASE|PACKAGE PREPARATION|SHIP LOT|FINAL CD INSPECTION|FINAL PARTICLE INSPECTION|PARAMETRIC TEST|SWITCHING TEST|WAFER SORT TEST|FINAL LOT RELEASE|SHIP LOT|FINAL CD INSPECTION|FINAL PARTICLE INSPECTION|PARAMETRIC TEST|SWITCHING TEST|WAFER SORT TEST|FINAL LOT RELEASE|SHIP LOT|FINAL CD INSPECTION|FINAL PARTICLE INSPECTION|PARAMETRIC TEST|SWITCHING TEST|WAFER SORT TEST|FINAL LOT RELEASE|SHIP LOT|FINAL CD INSPECTION|FINAL PARTICLE INSPECTION|PARAMETRIC TEST|SWITCHING TEST|FINAL LOT RELEASE|SHIP LOT|IMPLANT P BODY|BREAKDOWN VOLTAGE TEST|SWITCHING TEST|FINAL LOT RELEASE|SHIP LOT|FINAL CD INSPECTION|FINAL PARTICLE INSPECTION|PARAMETRIC TEST|SWITCHING TEST|FINAL LOT RELEASE|SHIP LOT|FINAL CD INSPECTION|FINAL PARTICLE INSPECTION|PARAMETRIC TEST|SWITCHING TEST|FINAL LOT RELEASE|SHIP LOT|FINAL CD INSPECTION
valid_0437,CLEAN AFTER VIA ETCH|MEASURE VIA CD|DEPOSIT BARRIER METAL|DEPOSIT TUNGSTEN SEED|FILL VIA TUNGSTEN|CMP METAL|MEASURE VIA RESISTANCE|DEPOSIT TOP METAL|ANNEAL METAL 1|SPIN COAT PHOTORESIST|SOFT BAKE|ALIGN MASK LEVEL 4|EXPOSE LITHO LEVEL 4|DEVELOP PHOTORESIST|METAL PATTERN INSPECTION|METAL ETCH DRY|STRIP RESIST|CLEAN AFTER METAL ETCH|MEASURE LINE WIDTH|DEPOSIT PASSIVATION|CURE PASSIVATION|MEASURE PASSIVATION QUALITY|OPEN BOND PAD WINDOW|OPEN PAD WINDOW LITHO|DEVELOP PAD WINDOW|PASSIVATION ETCH|STRIP RESIST|CLEAN PAD OPENING|MEASURE PAD OPENING|BACKSIDE THINNING CHECK|BACKSIDE CLEAN FINAL|DEPOSIT BACKSIDE PROTECTION|BACKSIDE ANNEAL|FRONTSIDE CLEAN FINAL|FINAL CLEAN|FINAL THICKNESS MEASURE|FINAL GEOMETRY CHECK|FINAL OXIDE CHECK|FINAL CD INSPECTION|FINAL PARTICLE INSPECTION|FINAL ELECTRICAL TEST PREP|PARAMETRIC TEST|LEAKAGE TEST|THRESHOLD VOLTAGE TEST|SWITCHING TEST|WAFER SORT TEST|YIELD ANALYSIS|LOT RELEASE|PACKAGE PREPARATION|SHIP LOT|FINAL OXIDE CHECK|FINAL CD INSPECTION|FINAL PARTICLE INSPECTION|PARAMETRIC TEST|SWITCHING TEST|WAFER SORT TEST|FINAL LOT RELEASE|SHIP LOT|FINAL CD INSPECTION|FINAL PARTICLE INSPECTION|PARAMETRIC TEST|SWITCHING TEST|WAFER SORT TEST|FINAL LOT RELEASE|SHIP LOT|FINAL CD INSPECTION|FINAL PARTICLE INSPECTION|PARAMETRIC TEST|SWITCHING TEST|WAFER SORT TEST|FINAL LOT RELEASE|SHIP LOT|FINAL CD INSPECTION|FINAL PARTICLE INSPECTION|PARAMETRIC TEST|SWITCHING TEST|WAFER SORT TEST|FINAL LOT RELEASE|SHIP LOT|FINAL CD INSPECTION
valid_0438,OPEN PAD WINDOW LITHO|DEVELOP PAD WINDOW|PASSIVATION ETCH|STRIP RESIST|CLEAN PAD OPENING|MEASURE PAD OPENING|BACKSIDE THINNING CHECK|BACKSIDE CLEAN FINAL|DEPOSIT BACKSIDE PROTECTION|BACKSIDE ANNEAL|FRONTSIDE CLEAN FINAL|FINAL CLEAN|FINAL THICKNESS MEASURE|FINAL GEOMETRY CHECK|FINAL OXIDE CHECK|FINAL CD INSPECTION|FINAL PARTICLE INSPECTION|FINAL ELECTRICAL TEST PREP|PARAMETRIC TEST|LEAKAGE TEST|THRESHOLD VOLTAGE TEST|SWITCHING TEST|WAFER SORT TEST|YIELD ANALYSIS|LOT RELEASE|PACKAGE PREPARATION|SHIP LOT|FINAL OXIDE CHECK|FINAL CD INSPECTION|FINAL PARTICLE INSPECTION|PARAMETRIC TEST|SWITCHING TEST|WAFER SORT TEST|FINAL LOT RELEASE|SHIP LOT|FINAL CD INSPECTION|FINAL PARTICLE INSPECTION|PARAMETRIC TEST|SWITCHING TEST|WAFER SORT TEST|FINAL LOT RELEASE|SHIP LOT|FINAL CD INSPECTION|FINAL PARTICLE INSPECTION|PARAMETRIC TEST|SWITCHING TEST|WAFER SORT TEST|FINAL LOT RELEASE|SHIP LOT|FINAL CD INSPECTION|FINAL PARTICLE INSPECTION|PARAMETRIC TEST|SWITCHING TEST|WAFER SORT TEST|FINAL LOT RELEASE|SHIP LOT|FINAL CD INSPECTION|FINAL PARTICLE INSPECTION|PARAMETRIC TEST|SWITCHING TEST|FINAL LOT RELEASE|SHIP LOT|IMPLANT P BODY|BREAKDOWN VOLTAGE TEST|SWITCHING TEST|FINAL LOT RELEASE|SHIP LOT|FINAL CD INSPECTION|FINAL PARTICLE INSPECTION|PARAMETRIC TEST|SWITCHING TEST|FINAL LOT RELEASE|SHIP LOT|FINAL CD INSPECTION|FINAL PARTICLE INSPECTION|PARAMETRIC TEST|SWITCHING TEST|FINAL LOT RELEASE|SHIP LOT|FINAL CD INSPECTION
valid_0439,CLEAN AFTER VIA ETCH|MEASURE VIA CD|DEPOSIT BARRIER METAL|DEPOSIT TUNGSTEN SEED|FILL VIA TUNGSTEN|CMP METAL|MEASURE VIA RESISTANCE|DEPOSIT METAL 1|ANNEAL METAL 1|SPIN COAT PHOTORESIST|SOFT BAKE|ALIGN MASK LEVEL 4|EXPOSE LITHO LEVEL 4|DEVELOP PHOTORESIST|METAL PATTERN INSPECTION|METAL ETCH DRY|STRIP RESIST|CLEAN AFTER METAL ETCH|MEASURE LINE WIDTH|DEPOSIT PASSIVATION|CURE PASSIVATION|MEASURE PASSIVATION QUALITY|OPEN BOND PAD WINDOW|OPEN PAD WINDOW LITHO|DEVELOP PAD WINDOW|PASSIVATION ETCH PAD OPENING|STRIP RESIST|CLEAN PAD OPENING|MEASURE PAD OPENING|BACKSIDE THINNING CHECK|BACKSIDE CLEAN FINAL|DEPOSIT BACKSIDE PROTECTION|BACKSIDE ANNEAL|FRONTSIDE CLEAN FINAL|FINAL CLEAN|FINAL THICKNESS MEASURE|FINAL GEOMETRY CHECK|FINAL OXIDE CHECK|FINAL CD INSPECTION|FINAL PARTICLE INSPECTION|FINAL ELECTRICAL TEST PREP|PARAMETRIC TEST|LEAKAGE TEST|THRESHOLD VOLTAGE TEST|SWITCHING TEST|WAFER SORT TEST|YIELD ANALYSIS|LOT RELEASE|PACKAGE PREPARATION|SHIP LOT|FINAL OXIDE CHECK|FINAL CD INSPECTION|FINAL PARTICLE INSPECTION|PARAMETRIC TEST|SWITCHING TEST|WAFER SORT TEST|FINAL LOT RELEASE|PACKAGE PREPARATION|SHIP LOT|FINAL CD INSPECTION|FINAL PARTICLE INSPECTION|PARAMETRIC TEST|SWITCHING TEST|WAFER SORT TEST|FINAL LOT RELEASE|SHIP LOT|FINAL CD INSPECTION|FINAL PARTICLE INSPECTION|PARAMETRIC TEST|SWITCHING TEST|WAFER SORT TEST|FINAL LOT RELEASE|SHIP LOT|FINAL CD INSPECTION|FINAL PARTICLE INSPECTION|PARAMETRIC TEST|SWITCHING TEST|WAFER SORT TEST|FINAL LOT RELEASE|SHIP LOT
valid_0440,OPEN PAD WINDOW LITHO|DEVELOP PAD WINDOW|PASSIVATION ETCH PAD OPENING|STRIP RESIST|CLEAN PAD OPENING|MEASURE PAD OPENING|BACKSIDE THINNING CHECK|BACKSIDE CLEAN FINAL|DEPOSIT BACKSIDE PROTECTION|BACKSIDE ANNEAL|FRONTSIDE CLEAN FINAL|FINAL CLEAN|FINAL THICKNESS MEASURE|FINAL GEOMETRY CHECK|FINAL OXIDE CHECK|FINAL CD INSPECTION|FINAL PARTICLE INSPECTION|FINAL ELECTRICAL TEST PREP|PARAMETRIC TEST|LEAKAGE TEST|THRESHOLD VOLTAGE TEST|SWITCHING TEST|WAFER SORT TEST|YIELD ANALYSIS|LOT RELEASE|PACKAGE PREPARATION|SHIP LOT|FINAL OXIDE CHECK|FINAL CD INSPECTION|FINAL PARTICLE INSPECTION|PARAMETRIC TEST|SWITCHING TEST|WAFER SORT TEST|FINAL LOT RELEASE|PACKAGE PREPARATION|SHIP LOT|FINAL CD INSPECTION|FINAL PARTICLE INSPECTION|PARAMETRIC TEST|SWITCHING TEST|WAFER SORT TEST|FINAL LOT RELEASE|SHIP LOT|FINAL CD INSPECTION|FINAL PARTICLE INSPECTION|PARAMETRIC TEST|SWITCHING TEST|WAFER SORT TEST|FINAL LOT RELEASE|SHIP LOT|FINAL CD INSPECTION|FINAL PARTICLE INSPECTION|PARAMETRIC TEST|SWITCHING TEST|WAFER SORT TEST|FINAL LOT RELEASE|SHIP LOT|FINAL CD INSPECTION|FINAL PARTICLE INSPECTION|PARAMETRIC TEST|SWITCHING TEST|FINAL LOT RELEASE|SHIP LOT|IMPLANT P BODY|BREAKDOWN VOLTAGE TEST|SWITCHING TEST|FINAL LOT RELEASE|SHIP LOT|FINAL CD INSPECTION|FINAL PARTICLE INSPECTION|PARAMETRIC TEST|SWITCHING TEST|FINAL LOT RELEASE|SHIP LOT|FINAL CD INSPECTION|FINAL PARTICLE INSPECTION|PARAMETRIC TEST|SWITCHING TEST|FINAL LOT RELEASE|SHIP LOT
valid_0441,STRIP PHOTORESIST|CLEAN AFTER VIA ETCH|MEASURE VIA CD|DEPOSIT BARRIER METAL|DEPOSIT TUNGSTEN SEED|FILL VIA TUNGSTEN|CMP METAL|MEASURE VIA RESISTANCE|DEPOSIT TOP METAL|ANNEAL METAL 1|SPIN COAT PHOTORESIST|SOFT BAKE|ALIGN MASK LEVEL 4|EXPOSE LITHO LEVEL 4|DEVELOP PHOTORESIST|METAL PATTERN INSPECTION|METAL ETCH DRY|STRIP RESIST|CLEAN AFTER METAL ETCH|MEASURE LINE WIDTH|DEPOSIT PASSIVATION|CURE PASSIVATION|MEASURE PASSIVATION QUALITY|OPEN BOND PAD WINDOW|OPEN PAD WINDOW LITHO|DEVELOP PAD WINDOW|PASSIVATION ETCH|STRIP RESIST|CLEAN PAD OPENING|MEASURE PAD OPENING|BACKSIDE THINNING CHECK|BACKSIDE CLEAN FINAL|DEPOSIT BACKSIDE PROTECTION|BACKSIDE ANNEAL|FRONTSIDE CLEAN FINAL|FINAL CLEAN|FINAL THICKNESS MEASURE|FINAL GEOMETRY CHECK|FINAL OXIDE CHECK|FINAL CD INSPECTION|FINAL PARTICLE INSPECTION|FINAL ELECTRICAL TEST PREP|PARAMETRIC TEST|LEAKAGE TEST|THRESHOLD VOLTAGE TEST|SWITCHING TEST|WAFER SORT TEST|YIELD ANALYSIS|LOT RELEASE|PACKAGE PREPARATION|SHIP LOT|FINAL CD INSPECTION|FINAL PARTICLE INSPECTION|PARAMETRIC TEST|SWITCHING TEST|WAFER SORT TEST|FINAL LOT RELEASE|SHIP LOT|FINAL CD INSPECTION|FINAL PARTICLE INSPECTION|PARAMETRIC TEST|SWITCHING TEST|WAFER SORT TEST|FINAL LOT RELEASE|SHIP LOT|FINAL CD INSPECTION|FINAL PARTICLE INSPECTION|PARAMETRIC TEST|SWITCHING TEST|WAFER SORT TEST|FINAL LOT RELEASE|SHIP LOT|FINAL CD INSPECTION|FINAL PARTICLE INSPECTION|PARAMETRIC TEST|SWITCHING TEST|WAFER SORT TEST|FINAL LOT RELEASE|SHIP LOT|FINAL CD INSPECTION
valid_0442,OPEN BOND PAD WINDOW|OPEN PAD WINDOW LITHO|DEVELOP PAD WINDOW|PASSIVATION ETCH|STRIP RESIST|CLEAN PAD OPENING|MEASURE PAD OPENING|BACKSIDE THINNING CHECK|BACKSIDE CLEAN FINAL|DEPOSIT BACKSIDE PROTECTION|BACKSIDE ANNEAL|FRONTSIDE CLEAN FINAL|FINAL CLEAN|FINAL THICKNESS MEASURE|FINAL GEOMETRY CHECK|FINAL OXIDE CHECK|FINAL CD INSPECTION|FINAL PARTICLE INSPECTION|FINAL ELECTRICAL TEST PREP|PARAMETRIC TEST|LEAKAGE TEST|THRESHOLD VOLTAGE TEST|SWITCHING TEST|WAFER SORT TEST|YIELD ANALYSIS|LOT RELEASE|PACKAGE PREPARATION|SHIP LOT|FINAL CD INSPECTION|FINAL PARTICLE INSPECTION|PARAMETRIC TEST|SWITCHING TEST|WAFER SORT TEST|FINAL LOT RELEASE|SHIP LOT|FINAL CD INSPECTION|FINAL PARTICLE INSPECTION|PARAMETRIC TEST|SWITCHING TEST|WAFER SORT TEST|FINAL LOT RELEASE|SHIP LOT|FINAL CD INSPECTION|FINAL PARTICLE INSPECTION|PARAMETRIC TEST|SWITCHING TEST|WAFER SORT TEST|FINAL LOT RELEASE|SHIP LOT|FINAL CD INSPECTION|FINAL PARTICLE INSPECTION|PARAMETRIC TEST|SWITCHING TEST|WAFER SORT TEST|FINAL LOT RELEASE|SHIP LOT|FINAL CD INSPECTION|FINAL PARTICLE INSPECTION|PARAMETRIC TEST|SWITCHING TEST|FINAL LOT RELEASE|SHIP LOT|IMPLANT P BODY|BREAKDOWN VOLTAGE TEST|SWITCHING TEST|FINAL LOT RELEASE|SHIP LOT|FINAL CD INSPECTION|FINAL PARTICLE INSPECTION|PARAMETRIC TEST|SWITCHING TEST|FINAL LOT RELEASE|SHIP LOT|FINAL CD INSPECTION|FINAL PARTICLE INSPECTION|PARAMETRIC TEST|SWITCHING TEST|FINAL LOT RELEASE|SHIP LOT|FINAL CD INSPECTION
valid_0443,DEPOSIT BARRIER METAL|DEPOSIT TUNGSTEN SEED|FILL VIA TUNGSTEN|CMP METAL|MEASURE VIA RESISTANCE|DEPOSIT METAL 1|ANNEAL METAL 1|SPIN COAT PHOTORESIST|SOFT BAKE|ALIGN MASK LEVEL 4|EXPOSE LITHO LEVEL 4|DEVELOP PHOTORESIST|METAL PATTERN INSPECTION|METAL ETCH DRY|STRIP RESIST|CLEAN AFTER METAL ETCH|MEASURE LINE WIDTH|DEPOSIT PASSIVATION|CURE PASSIVATION|MEASURE PASSIVATION QUALITY|OPEN BOND PAD WINDOW|OPEN PAD WINDOW LITHO|DEVELOP PAD WINDOW|PASSIVATION ETCH PAD OPENING|STRIP RESIST|CLEAN PAD OPENING|MEASURE PAD OPENING|BACKSIDE THINNING CHECK|BACKSIDE CLEAN FINAL|DEPOSIT BACKSIDE PROTECTION|BACKSIDE ANNEAL|FRONTSIDE CLEAN FINAL|FINAL CLEAN|FINAL THICKNESS MEASURE|FINAL GEOMETRY CHECK|FINAL OXIDE CHECK|FINAL CD INSPECTION|FINAL PARTICLE INSPECTION|FINAL ELECTRICAL TEST PREP|PARAMETRIC TEST|LEAKAGE TEST|THRESHOLD VOLTAGE TEST|SWITCHING TEST|WAFER SORT TEST|YIELD ANALYSIS|LOT RELEASE|PACKAGE PREPARATION|SHIP LOT|FINAL OXIDE CHECK|FINAL CD INSPECTION|FINAL PARTICLE INSPECTION|PARAMETRIC TEST|SWITCHING TEST|WAFER SORT TEST|FINAL LOT RELEASE|PACKAGE PREPARATION|SHIP LOT|FINAL CD INSPECTION|FINAL PARTICLE INSPECTION|PARAMETRIC TEST|SWITCHING TEST|WAFER SORT TEST|FINAL LOT RELEASE|SHIP LOT|FINAL CD INSPECTION|FINAL PARTICLE INSPECTION|PARAMETRIC TEST|SWITCHING TEST|WAFER SORT TEST|FINAL LOT RELEASE|SHIP LOT|FINAL CD INSPECTION|FINAL PARTICLE INSPECTION|PARAMETRIC TEST|SWITCHING TEST|WAFER SORT TEST|FINAL LOT RELEASE|SHIP LOT|FINAL CD INSPECTION|FINAL PARTICLE INSPECTION
valid_0444,OPEN BOND PAD WINDOW|OPEN PAD WINDOW LITHO|DEVELOP PAD WINDOW|PASSIVATION ETCH|STRIP RESIST|CLEAN PAD OPENING|MEASURE PAD OPENING|BACKSIDE THINNING CHECK|BACKSIDE CLEAN FINAL|DEPOSIT BACKSIDE PROTECTION|BACKSIDE ANNEAL|FRONTSIDE CLEAN FINAL|FINAL CLEAN|FINAL THICKNESS MEASURE|FINAL GEOMETRY CHECK|FINAL OXIDE CHECK|FINAL CD INSPECTION|FINAL PARTICLE INSPECTION|FINAL ELECTRICAL TEST PREP|PARAMETRIC TEST|LEAKAGE TEST|THRESHOLD VOLTAGE TEST|SWITCHING TEST|WAFER SORT TEST|YIELD ANALYSIS|FINAL LOT RELEASE|PACKAGE PREPARATION|SHIP LOT|FINAL OXIDE CHECK|FINAL CD INSPECTION|FINAL PARTICLE INSPECTION|PARAMETRIC TEST|SWITCHING TEST|WAFER SORT TEST|FINAL LOT RELEASE|SHIP LOT|FINAL CD INSPECTION|FINAL PARTICLE INSPECTION|PARAMETRIC TEST|SWITCHING TEST|WAFER SORT TEST|FINAL LOT RELEASE|SHIP LOT|FINAL CD INSPECTION|FINAL PARTICLE INSPECTION|PARAMETRIC TEST|SWITCHING TEST|WAFER SORT TEST|FINAL LOT RELEASE|SHIP LOT|FINAL CD INSPECTION|FINAL PARTICLE INSPECTION|PARAMETRIC TEST|SWITCHING TEST|WAFER SORT TEST|FINAL LOT RELEASE|SHIP LOT|FINAL CD INSPECTION|FINAL PARTICLE INSPECTION|PARAMETRIC TEST|SWITCHING TEST|FINAL LOT RELEASE|SHIP LOT|IMPLANT P BODY|BREAKDOWN VOLTAGE TEST|SWITCHING TEST|FINAL LOT RELEASE|SHIP LOT|FINAL CD INSPECTION|FINAL PARTICLE INSPECTION|PARAMETRIC TEST|SWITCHING TEST|FINAL LOT RELEASE|SHIP LOT|FINAL CD INSPECTION|FINAL PARTICLE INSPECTION|PARAMETRIC TEST|SWITCHING TEST|FINAL LOT RELEASE|SHIP LOT
valid_0445,CLEAN AFTER VIA ETCH|MEASURE VIA CD|DEPOSIT BARRIER METAL|DEPOSIT TUNGSTEN SEED|FILL VIA TUNGSTEN|CMP METAL|MEASURE VIA RESISTANCE|DEPOSIT TOP METAL|ANNEAL METAL 1|SPIN COAT PHOTORESIST|SOFT BAKE|ALIGN MASK LEVEL 4|EXPOSE LITHO LEVEL 4|DEVELOP PHOTORESIST|METAL PATTERN INSPECTION|METAL ETCH DRY|STRIP RESIST|CLEAN AFTER METAL ETCH|MEASURE LINE WIDTH|DEPOSIT PASSIVATION|CURE PASSIVATION|MEASURE PASSIVATION QUALITY|OPEN BOND PAD WINDOW|OPEN PAD WINDOW LITHO|DEVELOP PAD WINDOW|PASSIVATION ETCH|STRIP RESIST|CLEAN PAD OPENING|MEASURE PAD OPENING|BACKSIDE THINNING CHECK|BACKSIDE CLEAN FINAL|DEPOSIT BACKSIDE PROTECTION|BACKSIDE ANNEAL|FRONTSIDE CLEAN FINAL|FINAL CLEAN|FINAL THICKNESS MEASURE|FINAL GEOMETRY CHECK|FINAL OXIDE CHECK|FINAL CD INSPECTION|FINAL PARTICLE INSPECTION|FINAL ELECTRICAL TEST PREP|PARAMETRIC TEST|LEAKAGE TEST|THRESHOLD VOLTAGE TEST|SWITCHING TEST|WAFER SORT TEST|YIELD ANALYSIS|LOT RELEASE|PACKAGE PREPARATION|SHIP LOT|FINAL CD INSPECTION|FINAL PARTICLE INSPECTION|PARAMETRIC TEST|SWITCHING TEST|WAFER SORT TEST|FINAL LOT RELEASE|PACKAGE PREPARATION|SHIP LOT|FINAL CD INSPECTION|FINAL PARTICLE INSPECTION|PARAMETRIC TEST|SWITCHING TEST|WAFER SORT TEST|FINAL LOT RELEASE|SHIP LOT|FINAL CD INSPECTION|FINAL PARTICLE INSPECTION|PARAMETRIC TEST|SWITCHING TEST|WAFER SORT TEST|FINAL LOT RELEASE|SHIP LOT|FINAL CD INSPECTION|FINAL PARTICLE INSPECTION|PARAMETRIC TEST|SWITCHING TEST|WAFER SORT TEST|FINAL LOT RELEASE|SHIP LOT|FINAL CD INSPECTION
valid_0446,OPEN BOND PAD WINDOW|OPEN PAD WINDOW LITHO|DEVELOP PAD WINDOW|PASSIVATION ETCH|STRIP RESIST|CLEAN PAD OPENING|MEASURE PAD OPENING|BACKSIDE THINNING CHECK|BACKSIDE CLEAN FINAL|DEPOSIT BACKSIDE PROTECTION|BACKSIDE ANNEAL|FRONTSIDE CLEAN FINAL|FINAL CLEAN|FINAL THICKNESS MEASURE|FINAL GEOMETRY CHECK|FINAL OXIDE CHECK|FINAL CD INSPECTION|FINAL PARTICLE INSPECTION|FINAL ELECTRICAL TEST PREP|PARAMETRIC TEST|LEAKAGE TEST|THRESHOLD VOLTAGE TEST|SWITCHING TEST|WAFER SORT TEST|YIELD ANALYSIS|FINAL LOT RELEASE|PACKAGE PREPARATION|SHIP LOT|FINAL CD INSPECTION|FINAL PARTICLE INSPECTION|PARAMETRIC TEST|SWITCHING TEST|WAFER SORT TEST|FINAL LOT RELEASE|SHIP LOT|FINAL CD INSPECTION|FINAL PARTICLE INSPECTION|PARAMETRIC TEST|SWITCHING TEST|WAFER SORT TEST|FINAL LOT RELEASE|SHIP LOT|FINAL CD INSPECTION|FINAL PARTICLE INSPECTION|PARAMETRIC TEST|SWITCHING TEST|WAFER SORT TEST|FINAL LOT RELEASE|SHIP LOT|FINAL CD INSPECTION|FINAL PARTICLE INSPECTION|PARAMETRIC TEST|SWITCHING TEST|WAFER SORT TEST|FINAL LOT RELEASE|SHIP LOT|FINAL CD INSPECTION|FINAL PARTICLE INSPECTION|PARAMETRIC TEST|SWITCHING TEST|FINAL LOT RELEASE|SHIP LOT|IMPLANT P BODY|BREAKDOWN VOLTAGE TEST|SWITCHING TEST|FINAL LOT RELEASE|SHIP LOT|FINAL CD INSPECTION|FINAL PARTICLE INSPECTION|PARAMETRIC TEST|SWITCHING TEST|FINAL LOT RELEASE|SHIP LOT|FINAL CD INSPECTION|FINAL PARTICLE INSPECTION|PARAMETRIC TEST|SWITCHING TEST|FINAL LOT RELEASE|SHIP LOT|FINAL CD INSPECTION
valid_0447,CLEAN AFTER VIA ETCH|MEASURE VIA CD|DEPOSIT BARRIER METAL|DEPOSIT TUNGSTEN SEED|FILL VIA TUNGSTEN|CMP METAL|MEASURE VIA RESISTANCE|DEPOSIT TOP METAL|ANNEAL METAL 1|SPIN COAT PHOTORESIST|SOFT BAKE|ALIGN MASK LEVEL 4|EXPOSE LITHO LEVEL 4|DEVELOP PHOTORESIST|METAL PATTERN INSPECTION|METAL ETCH DRY|STRIP RESIST|CLEAN AFTER METAL ETCH|MEASURE LINE WIDTH|DEPOSIT PASSIVATION|CURE PASSIVATION|MEASURE PASSIVATION QUALITY|OPEN BOND PAD WINDOW|OPEN PAD WINDOW LITHO|DEVELOP PAD WINDOW|PASSIVATION ETCH|STRIP RESIST|CLEAN PAD OPENING|MEASURE PAD OPENING|BACKSIDE THINNING CHECK|BACKSIDE CLEAN FINAL|DEPOSIT BACKSIDE PROTECTION|BACKSIDE ANNEAL|FRONTSIDE CLEAN FINAL|FINAL CLEAN|FINAL THICKNESS MEASURE|FINAL GEOMETRY CHECK|FINAL OXIDE CHECK|FINAL CD INSPECTION|FINAL PARTICLE INSPECTION|FINAL ELECTRICAL TEST PREP|PARAMETRIC TEST|LEAKAGE TEST|THRESHOLD VOLTAGE TEST|SWITCHING TEST|WAFER SORT TEST|YIELD ANALYSIS|LOT RELEASE|PACKAGE PREPARATION|SHIP LOT|FINAL CD INSPECTION|FINAL PARTICLE INSPECTION|PARAMETRIC TEST|SWITCHING TEST|WAFER SORT TEST|FINAL LOT RELEASE|SHIP LOT|FINAL CD INSPECTION|FINAL PARTICLE INSPECTION|PARAMETRIC TEST|SWITCHING TEST|WAFER SORT TEST|FINAL LOT RELEASE|SHIP LOT|FINAL CD INSPECTION|FINAL PARTICLE INSPECTION|PARAMETRIC TEST|SWITCHING TEST|WAFER SORT TEST|FINAL LOT RELEASE|SHIP LOT|FINAL CD INSPECTION|FINAL PARTICLE INSPECTION|PARAMETRIC TEST|SWITCHING TEST|WAFER SORT TEST|FINAL LOT RELEASE|SHIP LOT|FINAL CD INSPECTION|FINAL PARTICLE INSPECTION
valid_0448,DEVELOP PAD WINDOW|PASSIVATION ETCH|STRIP RESIST|CLEAN PAD OPENING|MEASURE PAD OPENING|BACKSIDE THINNING CHECK|BACKSIDE CLEAN FINAL|DEPOSIT BACKSIDE PROTECTION|BACKSIDE ANNEAL|FRONTSIDE CLEAN FINAL|FINAL CLEAN|FINAL THICKNESS MEASURE|FINAL GEOMETRY CHECK|FINAL OXIDE CHECK|FINAL CD INSPECTION|FINAL PARTICLE INSPECTION|FINAL ELECTRICAL TEST PREP|PARAMETRIC TEST|LEAKAGE TEST|THRESHOLD VOLTAGE TEST|SWITCHING TEST|WAFER SORT TEST|YIELD ANALYSIS|LOT RELEASE|PACKAGE PREPARATION|SHIP LOT|FINAL CD INSPECTION|FINAL PARTICLE INSPECTION|PARAMETRIC TEST|SWITCHING TEST|WAFER SORT TEST|FINAL LOT RELEASE|SHIP LOT|FINAL CD INSPECTION|FINAL PARTICLE INSPECTION|PARAMETRIC TEST|SWITCHING TEST|WAFER SORT TEST|FINAL LOT RELEASE|SHIP LOT|FINAL CD INSPECTION|FINAL PARTICLE INSPECTION|PARAMETRIC TEST|SWITCHING TEST|WAFER SORT TEST|FINAL LOT RELEASE|SHIP LOT|FINAL CD INSPECTION|FINAL PARTICLE INSPECTION|PARAMETRIC TEST|SWITCHING TEST|WAFER SORT TEST|FINAL LOT RELEASE|SHIP LOT|FINAL CD INSPECTION|FINAL PARTICLE INSPECTION|PARAMETRIC TEST|SWITCHING TEST|FINAL LOT RELEASE|SHIP LOT|IMPLANT P BODY|BREAKDOWN VOLTAGE TEST|SWITCHING TEST|FINAL LOT RELEASE|SHIP LOT|FINAL CD INSPECTION|FINAL PARTICLE INSPECTION|PARAMETRIC TEST|SWITCHING TEST|FINAL LOT RELEASE|SHIP LOT|FINAL CD INSPECTION|FINAL PARTICLE INSPECTION|PARAMETRIC TEST|SWITCHING TEST|FINAL LOT RELEASE|SHIP LOT|FINAL CD INSPECTION|FINAL PARTICLE INSPECTION|PARAMETRIC TEST
valid_0449,CLEAN AFTER VIA ETCH|MEASURE VIA CD|DEPOSIT BARRIER METAL|DEPOSIT TUNGSTEN SEED|FILL VIA TUNGSTEN|CMP METAL|MEASURE VIA RESISTANCE|DEPOSIT TOP METAL|ANNEAL METAL 1|SPIN COAT PHOTORESIST|SOFT BAKE|ALIGN MASK LEVEL 4|EXPOSE LITHO LEVEL 4|DEVELOP PHOTORESIST|METAL PATTERN INSPECTION|METAL ETCH DRY|STRIP RESIST|CLEAN AFTER METAL ETCH|MEASURE LINE WIDTH|DEPOSIT PASSIVATION|CURE PASSIVATION|MEASURE PASSIVATION QUALITY|OPEN BOND PAD WINDOW|OPEN PAD WINDOW LITHO|DEVELOP PAD WINDOW|PASSIVATION ETCH|STRIP RESIST|CLEAN PAD OPENING|MEASURE PAD OPENING|BACKSIDE THINNING CHECK|BACKSIDE CLEAN FINAL|DEPOSIT BACKSIDE PROTECTION|BACKSIDE ANNEAL|FRONTSIDE CLEAN FINAL|FINAL CLEAN|FINAL THICKNESS MEASURE|FINAL GEOMETRY CHECK|FINAL OXIDE CHECK|FINAL CD INSPECTION|FINAL PARTICLE INSPECTION|FINAL ELECTRICAL TEST PREP|PARAMETRIC TEST|LEAKAGE TEST|THRESHOLD VOLTAGE TEST|SWITCHING TEST|WAFER SORT TEST|YIELD ANALYSIS|LOT RELEASE|PACKAGE PREPARATION|SHIP LOT|FINAL CD INSPECTION|FINAL PARTICLE INSPECTION|PARAMETRIC TEST|SWITCHING TEST|WAFER SORT TEST|FINAL LOT RELEASE|SHIP LOT|FINAL CD INSPECTION|FINAL PARTICLE INSPECTION|PARAMETRIC TEST|SWITCHING TEST|WAFER SORT TEST|FINAL LOT RELEASE|SHIP LOT|FINAL CD INSPECTION|FINAL PARTICLE INSPECTION|PARAMETRIC TEST|SWITCHING TEST|WAFER SORT TEST|FINAL LOT RELEASE|SHIP LOT|FINAL CD INSPECTION|FINAL PARTICLE INSPECTION|PARAMETRIC TEST|SWITCHING TEST|WAFER SORT TEST|FINAL LOT RELEASE|SHIP LOT|FINAL CD INSPECTION|FINAL PARTICLE INSPECTION
valid_0450,OPEN PAD WINDOW LITHO|DEVELOP PAD WINDOW|PASSIVATION ETCH|STRIP RESIST|CLEAN PAD OPENING|MEASURE PAD OPENING|BACKSIDE THINNING CHECK|BACKSIDE CLEAN FINAL|DEPOSIT BACKSIDE PROTECTION|BACKSIDE ANNEAL|FRONTSIDE CLEAN FINAL|FINAL CLEAN|FINAL THICKNESS MEASURE|FINAL GEOMETRY CHECK|FINAL OXIDE CHECK|FINAL CD INSPECTION|FINAL PARTICLE INSPECTION|FINAL ELECTRICAL TEST PREP|PARAMETRIC TEST|LEAKAGE TEST|THRESHOLD VOLTAGE TEST|SWITCHING TEST|WAFER SORT TEST|YIELD ANALYSIS|FINAL LOT RELEASE|PACKAGE PREPARATION|SHIP LOT|FINAL OXIDE CHECK|FINAL CD INSPECTION|FINAL PARTICLE INSPECTION|PARAMETRIC TEST|SWITCHING TEST|WAFER SORT TEST|FINAL LOT RELEASE|SHIP LOT|FINAL CD INSPECTION|FINAL PARTICLE INSPECTION|PARAMETRIC TEST|SWITCHING TEST|WAFER SORT TEST|FINAL LOT RELEASE|SHIP LOT|FINAL CD INSPECTION|FINAL PARTICLE INSPECTION|PARAMETRIC TEST|SWITCHING TEST|WAFER SORT TEST|FINAL LOT RELEASE|SHIP LOT|FINAL CD INSPECTION|FINAL PARTICLE INSPECTION|PARAMETRIC TEST|SWITCHING TEST|WAFER SORT TEST|FINAL LOT RELEASE|SHIP LOT|FINAL CD INSPECTION|FINAL PARTICLE INSPECTION|PARAMETRIC TEST|SWITCHING TEST|FINAL LOT RELEASE|SHIP LOT|IMPLANT P BODY|BREAKDOWN VOLTAGE TEST|SWITCHING TEST|FINAL LOT RELEASE|SHIP LOT|FINAL CD INSPECTION|FINAL PARTICLE INSPECTION|PARAMETRIC TEST|SWITCHING TEST|FINAL LOT RELEASE|SHIP LOT|FINAL CD INSPECTION|FINAL PARTICLE INSPECTION|PARAMETRIC TEST|SWITCHING TEST|FINAL LOT RELEASE|SHIP LOT|FINAL CD INSPECTION
valid_0451,MEASURE VIA CD|DEPOSIT BARRIER METAL|DEPOSIT TUNGSTEN SEED|FILL VIA TUNGSTEN|CMP METAL|MEASURE VIA RESISTANCE|DEPOSIT TOP METAL|ANNEAL METAL 1|SPIN COAT PHOTORESIST|SOFT BAKE|ALIGN MASK LEVEL 4|EXPOSE LITHO LEVEL 4|DEVELOP PHOTORESIST|METAL PATTERN INSPECTION|METAL ETCH DRY|STRIP RESIST|CLEAN AFTER METAL ETCH|MEASURE LINE WIDTH|DEPOSIT PASSIVATION|CURE PASSIVATION|MEASURE PASSIVATION QUALITY|OPEN BOND PAD WINDOW|OPEN PAD WINDOW LITHO|DEVELOP PAD WINDOW|PASSIVATION ETCH|STRIP RESIST|CLEAN PAD OPENING|MEASURE PAD OPENING|BACKSIDE THINNING CHECK|BACKSIDE CLEAN FINAL|DEPOSIT BACKSIDE PROTECTION|BACKSIDE ANNEAL|FRONTSIDE CLEAN FINAL|FINAL CLEAN|FINAL THICKNESS MEASURE|FINAL GEOMETRY CHECK|FINAL OXIDE CHECK|FINAL CD INSPECTION|FINAL PARTICLE INSPECTION|FINAL ELECTRICAL TEST PREP|PARAMETRIC TEST|LEAKAGE TEST|THRESHOLD VOLTAGE TEST|SWITCHING TEST|WAFER SORT TEST|YIELD ANALYSIS|LOT RELEASE|PACKAGE PREPARATION|SHIP LOT|FINAL CD INSPECTION|FINAL PARTICLE INSPECTION|PARAMETRIC TEST|SWITCHING TEST|WAFER SORT TEST|FINAL LOT RELEASE|SHIP LOT|FINAL CD INSPECTION|FINAL PARTICLE INSPECTION|PARAMETRIC TEST|SWITCHING TEST|WAFER SORT TEST|FINAL LOT RELEASE|SHIP LOT|FINAL CD INSPECTION|FINAL PARTICLE INSPECTION|PARAMETRIC TEST|SWITCHING TEST|WAFER SORT TEST|FINAL LOT RELEASE|SHIP LOT|FINAL CD INSPECTION|FINAL PARTICLE INSPECTION|PARAMETRIC TEST|SWITCHING TEST|WAFER SORT TEST|FINAL LOT RELEASE|SHIP LOT|FINAL CD INSPECTION|FINAL PARTICLE INSPECTION|PARAMETRIC TEST
valid_0452,DEVELOP PAD WINDOW|PASSIVATION ETCH|STRIP RESIST|CLEAN PAD OPENING|MEASURE PAD OPENING|BACKSIDE THINNING CHECK|BACKSIDE CLEAN FINAL|DEPOSIT BACKSIDE PROTECTION|BACKSIDE ANNEAL|FRONTSIDE CLEAN FINAL|FINAL CLEAN|FINAL THICKNESS MEASURE|FINAL GEOMETRY CHECK|FINAL OXIDE CHECK|FINAL CD INSPECTION|FINAL PARTICLE INSPECTION|FINAL ELECTRICAL TEST PREP|PARAMETRIC TEST|LEAKAGE TEST|THRESHOLD VOLTAGE TEST|SWITCHING TEST|WAFER SORT TEST|YIELD ANALYSIS|LOT RELEASE|PACKAGE PREPARATION|SHIP LOT|FINAL OXIDE CHECK|FINAL CD INSPECTION|FINAL PARTICLE INSPECTION|PARAMETRIC TEST|SWITCHING TEST|WAFER SORT TEST|FINAL LOT RELEASE|SHIP LOT|FINAL CD INSPECTION|FINAL PARTICLE INSPECTION|PARAMETRIC TEST|SWITCHING TEST|WAFER SORT TEST|FINAL LOT RELEASE|SHIP LOT|FINAL CD INSPECTION|FINAL PARTICLE INSPECTION|PARAMETRIC TEST|SWITCHING TEST|WAFER SORT TEST|FINAL LOT RELEASE|SHIP LOT|FINAL CD INSPECTION|FINAL PARTICLE INSPECTION|PARAMETRIC TEST|SWITCHING TEST|WAFER SORT TEST|FINAL LOT RELEASE|SHIP LOT|FINAL CD INSPECTION|FINAL PARTICLE INSPECTION|PARAMETRIC TEST|SWITCHING TEST|FINAL LOT RELEASE|SHIP LOT|IMPLANT P BODY|BREAKDOWN VOLTAGE TEST|SWITCHING TEST|FINAL LOT RELEASE|SHIP LOT|FINAL CD INSPECTION|FINAL PARTICLE INSPECTION|PARAMETRIC TEST|SWITCHING TEST|FINAL LOT RELEASE|SHIP LOT|FINAL CD INSPECTION|FINAL PARTICLE INSPECTION|PARAMETRIC TEST|SWITCHING TEST|FINAL LOT RELEASE|SHIP LOT|FINAL CD INSPECTION|FINAL PARTICLE INSPECTION
valid_0453,MEASURE VIA CD|DEPOSIT BARRIER METAL|DEPOSIT TUNGSTEN SEED|FILL VIA TUNGSTEN|CMP METAL|MEASURE VIA RESISTANCE|DEPOSIT METAL 1|ANNEAL METAL 1|SPIN COAT PHOTORESIST|SOFT BAKE|ALIGN MASK LEVEL 4|EXPOSE LITHO LEVEL 4|DEVELOP PHOTORESIST|METAL PATTERN INSPECTION|METAL ETCH DRY|STRIP RESIST|CLEAN AFTER METAL ETCH|MEASURE LINE WIDTH|DEPOSIT PASSIVATION|CURE PASSIVATION|MEASURE PASSIVATION QUALITY|OPEN BOND PAD WINDOW|OPEN PAD WINDOW LITHO|DEVELOP PAD WINDOW|PASSIVATION ETCH|STRIP RESIST|CLEAN PAD OPENING|MEASURE PAD OPENING|BACKSIDE THINNING CHECK|BACKSIDE CLEAN FINAL|DEPOSIT BACKSIDE PROTECTION|BACKSIDE ANNEAL|FRONTSIDE CLEAN FINAL|FINAL CLEAN|FINAL THICKNESS MEASURE|FINAL GEOMETRY CHECK|FINAL OXIDE CHECK|FINAL CD INSPECTION|FINAL PARTICLE INSPECTION|FINAL ELECTRICAL TEST PREP|PARAMETRIC TEST|LEAKAGE TEST|THRESHOLD VOLTAGE TEST|SWITCHING TEST|WAFER SORT TEST|YIELD ANALYSIS|LOT RELEASE|PACKAGE PREPARATION|SHIP LOT|FINAL OXIDE CHECK|FINAL CD INSPECTION|FINAL PARTICLE INSPECTION|PARAMETRIC TEST|SWITCHING TEST|WAFER SORT TEST|FINAL LOT RELEASE|PACKAGE PREPARATION|SHIP LOT|FINAL CD INSPECTION|FINAL PARTICLE INSPECTION|PARAMETRIC TEST|SWITCHING TEST|WAFER SORT TEST|FINAL LOT RELEASE|SHIP LOT|FINAL CD INSPECTION|FINAL PARTICLE INSPECTION|PARAMETRIC TEST|SWITCHING TEST|WAFER SORT TEST|FINAL LOT RELEASE|SHIP LOT|FINAL CD INSPECTION|FINAL PARTICLE INSPECTION|PARAMETRIC TEST|SWITCHING TEST|WAFER SORT TEST|FINAL LOT RELEASE|SHIP LOT|FINAL CD INSPECTION
valid_0454,OPEN PAD WINDOW LITHO|DEVELOP PAD WINDOW|PASSIVATION ETCH|STRIP RESIST|CLEAN PAD OPENING|MEASURE PAD OPENING|BACKSIDE THINNING CHECK|BACKSIDE CLEAN FINAL|DEPOSIT BACKSIDE PROTECTION|BACKSIDE ANNEAL|FRONTSIDE CLEAN FINAL|FINAL CLEAN|FINAL THICKNESS MEASURE|FINAL GEOMETRY CHECK|FINAL OXIDE CHECK|FINAL CD INSPECTION|FINAL PARTICLE INSPECTION|FINAL ELECTRICAL TEST PREP|PARAMETRIC TEST|LEAKAGE TEST|THRESHOLD VOLTAGE TEST|SWITCHING TEST|WAFER SORT TEST|YIELD ANALYSIS|LOT RELEASE|PACKAGE PREPARATION|SHIP LOT|FINAL CD INSPECTION|FINAL PARTICLE INSPECTION|PARAMETRIC TEST|SWITCHING TEST|WAFER SORT TEST|FINAL LOT RELEASE|PACKAGE PREPARATION|SHIP LOT|FINAL CD INSPECTION|FINAL PARTICLE INSPECTION|PARAMETRIC TEST|SWITCHING TEST|WAFER SORT TEST|FINAL LOT RELEASE|SHIP LOT|FINAL CD INSPECTION|FINAL PARTICLE INSPECTION|PARAMETRIC TEST|SWITCHING TEST|WAFER SORT TEST|FINAL LOT RELEASE|SHIP LOT|FINAL CD INSPECTION|FINAL PARTICLE INSPECTION|PARAMETRIC TEST|SWITCHING TEST|WAFER SORT TEST|FINAL LOT RELEASE|SHIP LOT|FINAL CD INSPECTION|FINAL PARTICLE INSPECTION|PARAMETRIC TEST|SWITCHING TEST|FINAL LOT RELEASE|SHIP LOT|IMPLANT P BODY|BREAKDOWN VOLTAGE TEST|SWITCHING TEST|FINAL LOT RELEASE|SHIP LOT|FINAL CD INSPECTION|FINAL PARTICLE INSPECTION|PARAMETRIC TEST|SWITCHING TEST|FINAL LOT RELEASE|SHIP LOT|FINAL CD INSPECTION|FINAL PARTICLE INSPECTION|PARAMETRIC TEST|SWITCHING TEST|FINAL LOT RELEASE|SHIP LOT|FINAL CD INSPECTION
valid_0455,DEPOSIT BARRIER METAL|DEPOSIT TUNGSTEN SEED|FILL VIA TUNGSTEN|CMP METAL|MEASURE VIA RESISTANCE|DEPOSIT METAL 1|ANNEAL METAL 1|SPIN COAT PHOTORESIST|SOFT BAKE|ALIGN MASK LEVEL 4|EXPOSE LITHO LEVEL 4|DEVELOP PHOTORESIST|METAL PATTERN INSPECTION|METAL ETCH DRY|STRIP PHOTORESIST|CLEAN AFTER METAL ETCH|MEASURE LINE WIDTH|DEPOSIT PASSIVATION|CURE PASSIVATION|MEASURE PASSIVATION QUALITY|OPEN BOND PAD WINDOW|OPEN PAD WINDOW LITHO|DEVELOP PAD WINDOW|PASSIVATION ETCH PAD OPENING|STRIP PHOTORESIST|CLEAN PAD OPENING|MEASURE PAD OPENING|BACKSIDE THINNING CHECK|BACKSIDE CLEAN FINAL|DEPOSIT BACKSIDE PROTECTION|BACKSIDE ANNEAL|FRONTSIDE CLEAN FINAL|FINAL CLEAN|FINAL THICKNESS MEASURE|FINAL GEOMETRY CHECK|FINAL OXIDE CHECK|FINAL CD INSPECTION|FINAL PARTICLE INSPECTION|FINAL ELECTRICAL TEST PREP|PARAMETRIC TEST|LEAKAGE TEST|THRESHOLD VOLTAGE TEST|SWITCHING TEST|WAFER SORT TEST|YIELD ANALYSIS|LOT RELEASE|PACKAGE PREPARATION|SHIP LOT|FINAL OXIDE CHECK|FINAL CD INSPECTION|FINAL PARTICLE INSPECTION|PARAMETRIC TEST|SWITCHING TEST|WAFER SORT TEST|FINAL LOT RELEASE|PACKAGE PREPARATION|SHIP LOT|FINAL CD INSPECTION|FINAL PARTICLE INSPECTION|PARAMETRIC TEST|SWITCHING TEST|WAFER SORT TEST|FINAL LOT RELEASE|SHIP LOT|FINAL CD INSPECTION|FINAL PARTICLE INSPECTION|PARAMETRIC TEST|SWITCHING TEST|WAFER SORT TEST|FINAL LOT RELEASE|SHIP LOT|FINAL CD INSPECTION|FINAL PARTICLE INSPECTION|PARAMETRIC TEST|SWITCHING TEST|WAFER SORT TEST|FINAL LOT RELEASE|SHIP LOT|FINAL CD INSPECTION|FINAL PARTICLE INSPECTION
valid_0456,DEVELOP PAD WINDOW|PASSIVATION ETCH PAD OPENING|STRIP RESIST|CLEAN PAD OPENING|MEASURE PAD OPENING|BACKSIDE THINNING CHECK|BACKSIDE CLEAN FINAL|DEPOSIT BACKSIDE PROTECTION|BACKSIDE ANNEAL|FRONTSIDE CLEAN FINAL|FINAL CLEAN|FINAL THICKNESS MEASURE|FINAL GEOMETRY CHECK|FINAL OXIDE CHECK|FINAL CD INSPECTION|FINAL PARTICLE INSPECTION|FINAL ELECTRICAL TEST PREP|PARAMETRIC TEST|LEAKAGE TEST|THRESHOLD VOLTAGE TEST|SWITCHING TEST|WAFER SORT TEST|YIELD ANALYSIS|LOT RELEASE|PACKAGE PREPARATION|SHIP LOT|FINAL OXIDE CHECK|FINAL CD INSPECTION|FINAL PARTICLE INSPECTION|PARAMETRIC TEST|SWITCHING TEST|WAFER SORT TEST|FINAL LOT RELEASE|PACKAGE PREPARATION|SHIP LOT|FINAL CD INSPECTION|FINAL PARTICLE INSPECTION|PARAMETRIC TEST|SWITCHING TEST|WAFER SORT TEST|FINAL LOT RELEASE|SHIP LOT|FINAL CD INSPECTION|FINAL PARTICLE INSPECTION|PARAMETRIC TEST|SWITCHING TEST|WAFER SORT TEST|FINAL LOT RELEASE|SHIP LOT|FINAL CD INSPECTION|FINAL PARTICLE INSPECTION|PARAMETRIC TEST|SWITCHING TEST|WAFER SORT TEST|FINAL LOT RELEASE|SHIP LOT|FINAL CD INSPECTION|FINAL PARTICLE INSPECTION|PARAMETRIC TEST|SWITCHING TEST|FINAL LOT RELEASE|SHIP LOT|IMPLANT P BODY|BREAKDOWN VOLTAGE TEST|SWITCHING TEST|FINAL LOT RELEASE|SHIP LOT|FINAL CD INSPECTION|FINAL PARTICLE INSPECTION|PARAMETRIC TEST|SWITCHING TEST|FINAL LOT RELEASE|SHIP LOT|FINAL CD INSPECTION|FINAL PARTICLE INSPECTION|PARAMETRIC TEST|SWITCHING TEST|FINAL LOT RELEASE|SHIP LOT|FINAL CD INSPECTION
valid_0457,STRIP PHOTORESIST|CLEAN AFTER VIA ETCH|MEASURE VIA CD|DEPOSIT BARRIER METAL|DEPOSIT TUNGSTEN SEED|FILL VIA TUNGSTEN|CMP METAL|MEASURE VIA RESISTANCE|DEPOSIT TOP METAL|ANNEAL METAL 1|SPIN COAT PHOTORESIST|SOFT BAKE|ALIGN MASK LEVEL 4|EXPOSE LITHO LEVEL 4|DEVELOP PHOTORESIST|METAL PATTERN INSPECTION|METAL ETCH DRY|STRIP PHOTORESIST|CLEAN AFTER METAL ETCH|MEASURE LINE WIDTH|DEPOSIT PASSIVATION|CURE PASSIVATION|MEASURE PASSIVATION QUALITY|OPEN BOND PAD WINDOW|OPEN PAD WINDOW LITHO|DEVELOP PAD WINDOW|PASSIVATION ETCH PAD OPENING|STRIP PHOTORESIST|CLEAN PAD OPENING|MEASURE PAD OPENING|BACKSIDE THINNING CHECK|BACKSIDE CLEAN FINAL|DEPOSIT BACKSIDE PROTECTION|BACKSIDE ANNEAL|FRONTSIDE CLEAN FINAL|FINAL CLEAN|FINAL THICKNESS MEASURE|FINAL GEOMETRY CHECK|FINAL OXIDE CHECK|FINAL CD INSPECTION|FINAL PARTICLE INSPECTION|FINAL ELECTRICAL TEST PREP|PARAMETRIC TEST|LEAKAGE TEST|THRESHOLD VOLTAGE TEST|SWITCHING TEST|WAFER SORT TEST|YIELD ANALYSIS|LOT RELEASE|PACKAGE PREPARATION|SHIP LOT|FINAL OXIDE CHECK|FINAL CD INSPECTION|FINAL PARTICLE INSPECTION|PARAMETRIC TEST|SWITCHING TEST|WAFER SORT TEST|FINAL LOT RELEASE|PACKAGE PREPARATION|SHIP LOT|FINAL CD INSPECTION|FINAL PARTICLE INSPECTION|PARAMETRIC TEST|SWITCHING TEST|WAFER SORT TEST|FINAL LOT RELEASE|SHIP LOT|FINAL CD INSPECTION|FINAL PARTICLE INSPECTION|PARAMETRIC TEST|SWITCHING TEST|WAFER SORT TEST|FINAL LOT RELEASE|SHIP LOT|FINAL CD INSPECTION|FINAL PARTICLE INSPECTION|PARAMETRIC TEST|SWITCHING TEST|WAFER SORT TEST|FINAL LOT RELEASE
valid_0458,MEASURE PASSIVATION QUALITY|OPEN BOND PAD WINDOW|OPEN PAD WINDOW LITHO|DEVELOP PAD WINDOW|PASSIVATION ETCH PAD OPENING|STRIP PHOTORESIST|CLEAN PAD OPENING|MEASURE PAD OPENING|BACKSIDE THINNING CHECK|BACKSIDE CLEAN FINAL|DEPOSIT BACKSIDE PROTECTION|BACKSIDE ANNEAL|FRONTSIDE CLEAN FINAL|FINAL CLEAN|FINAL THICKNESS MEASURE|FINAL GEOMETRY CHECK|FINAL OXIDE CHECK|FINAL CD INSPECTION|FINAL PARTICLE INSPECTION|FINAL ELECTRICAL TEST PREP|PARAMETRIC TEST|LEAKAGE TEST|THRESHOLD VOLTAGE TEST|SWITCHING TEST|WAFER SORT TEST|YIELD ANALYSIS|LOT RELEASE|PACKAGE PREPARATION|SHIP LOT|FINAL OXIDE CHECK|FINAL CD INSPECTION|FINAL PARTICLE INSPECTION|PARAMETRIC TEST|SWITCHING TEST|WAFER SORT TEST|FINAL LOT RELEASE|PACKAGE PREPARATION|SHIP LOT|FINAL CD INSPECTION|FINAL PARTICLE INSPECTION|PARAMETRIC TEST|SWITCHING TEST|WAFER SORT TEST|FINAL LOT RELEASE|SHIP LOT|FINAL CD INSPECTION|FINAL PARTICLE INSPECTION|PARAMETRIC TEST|SWITCHING TEST|WAFER SORT TEST|FINAL LOT RELEASE|SHIP LOT|FINAL CD INSPECTION|FINAL PARTICLE INSPECTION|PARAMETRIC TEST|SWITCHING TEST|WAFER SORT TEST|FINAL LOT RELEASE|SHIP LOT|FINAL CD INSPECTION|FINAL PARTICLE INSPECTION|PARAMETRIC TEST|SWITCHING TEST|FINAL LOT RELEASE|SHIP LOT|IMPLANT P BODY|BREAKDOWN VOLTAGE TEST|SWITCHING TEST|FINAL LOT RELEASE|SHIP LOT|FINAL CD INSPECTION|FINAL PARTICLE INSPECTION|PARAMETRIC TEST|SWITCHING TEST|FINAL LOT RELEASE|SHIP LOT|FINAL CD INSPECTION|FINAL PARTICLE INSPECTION|PARAMETRIC TEST|SWITCHING TEST
valid_0459,VIA ETCH|STRIP PHOTORESIST|CLEAN AFTER VIA ETCH|MEASURE VIA CD|DEPOSIT BARRIER METAL|DEPOSIT TUNGSTEN SEED|FILL VIA TUNGSTEN|CMP METAL|MEASURE VIA RESISTANCE|DEPOSIT TOP METAL|ANNEAL METAL 1|SPIN COAT PHOTORESIST|SOFT BAKE|ALIGN MASK LEVEL 4|EXPOSE LITHO LEVEL 4|DEVELOP PHOTORESIST|METAL PATTERN INSPECTION|METAL ETCH DRY|STRIP RESIST|CLEAN AFTER METAL ETCH|MEASURE LINE WIDTH|DEPOSIT PASSIVATION|CURE PASSIVATION|MEASURE PASSIVATION QUALITY|OPEN BOND PAD WINDOW|OPEN PAD WINDOW LITHO|DEVELOP PAD WINDOW|PASSIVATION ETCH|STRIP RESIST|CLEAN PAD OPENING|MEASURE PAD OPENING|BACKSIDE THINNING CHECK|BACKSIDE CLEAN FINAL|DEPOSIT BACKSIDE PROTECTION|BACKSIDE ANNEAL|FRONTSIDE CLEAN FINAL|FINAL CLEAN|FINAL THICKNESS MEASURE|FINAL GEOMETRY CHECK|FINAL OXIDE CHECK|FINAL CD INSPECTION|FINAL PARTICLE INSPECTION|FINAL ELECTRICAL TEST PREP|PARAMETRIC TEST|LEAKAGE TEST|THRESHOLD VOLTAGE TEST|SWITCHING TEST|WAFER SORT TEST|YIELD ANALYSIS|LOT RELEASE|PACKAGE PREPARATION|SHIP LOT|FINAL CD INSPECTION|FINAL PARTICLE INSPECTION|PARAMETRIC TEST|SWITCHING TEST|WAFER SORT TEST|FINAL LOT RELEASE|SHIP LOT|FINAL CD INSPECTION|FINAL PARTICLE INSPECTION|PARAMETRIC TEST|SWITCHING TEST|WAFER SORT TEST|FINAL LOT RELEASE|SHIP LOT|FINAL CD INSPECTION|FINAL PARTICLE INSPECTION|PARAMETRIC TEST|SWITCHING TEST|WAFER SORT TEST|FINAL LOT RELEASE|SHIP LOT|FINAL CD INSPECTION|FINAL PARTICLE INSPECTION|PARAMETRIC TEST|SWITCHING TEST|WAFER SORT TEST|FINAL LOT RELEASE|SHIP LOT
valid_0460,MEASURE PASSIVATION QUALITY|OPEN BOND PAD WINDOW|OPEN PAD WINDOW LITHO|DEVELOP PAD WINDOW|PASSIVATION ETCH|STRIP RESIST|CLEAN PAD OPENING|MEASURE PAD OPENING|BACKSIDE THINNING CHECK|BACKSIDE CLEAN FINAL|DEPOSIT BACKSIDE PROTECTION|BACKSIDE ANNEAL|FRONTSIDE CLEAN FINAL|FINAL CLEAN|FINAL THICKNESS MEASURE|FINAL GEOMETRY CHECK|FINAL OXIDE CHECK|FINAL CD INSPECTION|FINAL PARTICLE INSPECTION|FINAL ELECTRICAL TEST PREP|PARAMETRIC TEST|LEAKAGE TEST|THRESHOLD VOLTAGE TEST|SWITCHING TEST|WAFER SORT TEST|YIELD ANALYSIS|LOT RELEASE|PACKAGE PREPARATION|SHIP LOT|FINAL CD INSPECTION|FINAL PARTICLE INSPECTION|PARAMETRIC TEST|SWITCHING TEST|WAFER SORT TEST|FINAL LOT RELEASE|SHIP LOT|FINAL CD INSPECTION|FINAL PARTICLE INSPECTION|PARAMETRIC TEST|SWITCHING TEST|WAFER SORT TEST|FINAL LOT RELEASE|SHIP LOT|FINAL CD INSPECTION|FINAL PARTICLE INSPECTION|PARAMETRIC TEST|SWITCHING TEST|WAFER SORT TEST|FINAL LOT RELEASE|SHIP LOT|FINAL CD INSPECTION|FINAL PARTICLE INSPECTION|PARAMETRIC TEST|SWITCHING TEST|WAFER SORT TEST|FINAL LOT RELEASE|SHIP LOT|FINAL CD INSPECTION|FINAL PARTICLE INSPECTION|PARAMETRIC TEST|SWITCHING TEST|FINAL LOT RELEASE|SHIP LOT|IMPLANT P BODY|BREAKDOWN VOLTAGE TEST|SWITCHING TEST|FINAL LOT RELEASE|SHIP LOT|FINAL CD INSPECTION|FINAL PARTICLE INSPECTION|PARAMETRIC TEST|SWITCHING TEST|FINAL LOT RELEASE|SHIP LOT|FINAL CD INSPECTION|FINAL PARTICLE INSPECTION|PARAMETRIC TEST|SWITCHING TEST|FINAL LOT RELEASE|SHIP LOT
valid_0461,MEASURE VIA CD|DEPOSIT BARRIER METAL|DEPOSIT TUNGSTEN SEED|FILL VIA TUNGSTEN|CMP METAL|MEASURE VIA RESISTANCE|DEPOSIT METAL 1|ANNEAL METAL 1|SPIN COAT PHOTORESIST|SOFT BAKE|ALIGN MASK LEVEL 4|EXPOSE LITHO LEVEL 4|DEVELOP PHOTORESIST|METAL PATTERN INSPECTION|METAL ETCH DRY|STRIP RESIST|CLEAN AFTER METAL ETCH|MEASURE LINE WIDTH|DEPOSIT PASSIVATION|CURE PASSIVATION|MEASURE PASSIVATION QUALITY|OPEN BOND PAD WINDOW|OPEN PAD WINDOW LITHO|DEVELOP PAD WINDOW|PASSIVATION ETCH|STRIP RESIST|CLEAN PAD OPENING|MEASURE PAD OPENING|BACKSIDE THINNING CHECK|BACKSIDE CLEAN FINAL|DEPOSIT BACKSIDE PROTECTION|BACKSIDE ANNEAL|FRONTSIDE CLEAN FINAL|FINAL CLEAN|FINAL THICKNESS MEASURE|FINAL GEOMETRY CHECK|FINAL OXIDE CHECK|FINAL CD INSPECTION|FINAL PARTICLE INSPECTION|FINAL ELECTRICAL TEST PREP|PARAMETRIC TEST|LEAKAGE TEST|THRESHOLD VOLTAGE TEST|SWITCHING TEST|WAFER SORT TEST|YIELD ANALYSIS|LOT RELEASE|PACKAGE PREPARATION|SHIP LOT|FINAL OXIDE CHECK|FINAL CD INSPECTION|FINAL PARTICLE INSPECTION|PARAMETRIC TEST|SWITCHING TEST|WAFER SORT TEST|FINAL LOT RELEASE|PACKAGE PREPARATION|SHIP LOT|FINAL CD INSPECTION|FINAL PARTICLE INSPECTION|PARAMETRIC TEST|SWITCHING TEST|WAFER SORT TEST|FINAL LOT RELEASE|SHIP LOT|FINAL CD INSPECTION|FINAL PARTICLE INSPECTION|PARAMETRIC TEST|SWITCHING TEST|WAFER SORT TEST|FINAL LOT RELEASE|SHIP LOT|FINAL CD INSPECTION|FINAL PARTICLE INSPECTION|PARAMETRIC TEST|SWITCHING TEST|WAFER SORT TEST|FINAL LOT RELEASE|SHIP LOT|FINAL CD INSPECTION
valid_0462,OPEN PAD WINDOW LITHO|DEVELOP PAD WINDOW|PASSIVATION ETCH|STRIP RESIST|CLEAN PAD OPENING|MEASURE PAD OPENING|BACKSIDE THINNING CHECK|BACKSIDE CLEAN FINAL|DEPOSIT BACKSIDE PROTECTION|BACKSIDE ANNEAL|FRONTSIDE CLEAN FINAL|FINAL CLEAN|FINAL THICKNESS MEASURE|FINAL GEOMETRY CHECK|FINAL OXIDE CHECK|FINAL CD INSPECTION|FINAL PARTICLE INSPECTION|FINAL ELECTRICAL TEST PREP|PARAMETRIC TEST|LEAKAGE TEST|THRESHOLD VOLTAGE TEST|SWITCHING TEST|WAFER SORT TEST|YIELD ANALYSIS|LOT RELEASE|PACKAGE PREPARATION|SHIP LOT|FINAL OXIDE CHECK|FINAL CD INSPECTION|FINAL PARTICLE INSPECTION|PARAMETRIC TEST|SWITCHING TEST|WAFER SORT TEST|FINAL LOT RELEASE|SHIP LOT|FINAL CD INSPECTION|FINAL PARTICLE INSPECTION|PARAMETRIC TEST|SWITCHING TEST|WAFER SORT TEST|FINAL LOT RELEASE|SHIP LOT|FINAL CD INSPECTION|FINAL PARTICLE INSPECTION|PARAMETRIC TEST|SWITCHING TEST|WAFER SORT TEST|FINAL LOT RELEASE|SHIP LOT|FINAL CD INSPECTION|FINAL PARTICLE INSPECTION|PARAMETRIC TEST|SWITCHING TEST|WAFER SORT TEST|FINAL LOT RELEASE|SHIP LOT|FINAL CD INSPECTION|FINAL PARTICLE INSPECTION|PARAMETRIC TEST|SWITCHING TEST|FINAL LOT RELEASE|SHIP LOT|IMPLANT P BODY|BREAKDOWN VOLTAGE TEST|SWITCHING TEST|FINAL LOT RELEASE|SHIP LOT|FINAL CD INSPECTION|FINAL PARTICLE INSPECTION|PARAMETRIC TEST|SWITCHING TEST|FINAL LOT RELEASE|SHIP LOT|FINAL CD INSPECTION|FINAL PARTICLE INSPECTION|PARAMETRIC TEST|SWITCHING TEST|FINAL LOT RELEASE|SHIP LOT|FINAL CD INSPECTION
valid_0463,MEASURE VIA CD|DEPOSIT BARRIER METAL|DEPOSIT TUNGSTEN SEED|FILL VIA TUNGSTEN|CMP METAL|MEASURE VIA RESISTANCE|DEPOSIT METAL 1|ANNEAL METAL 1|SPIN COAT PHOTORESIST|SOFT BAKE|ALIGN MASK LEVEL 4|EXPOSE LITHO LEVEL 4|DEVELOP PHOTORESIST|METAL PATTERN INSPECTION|METAL ETCH DRY|STRIP PHOTORESIST|CLEAN AFTER METAL ETCH|MEASURE LINE WIDTH|DEPOSIT PASSIVATION|CURE PASSIVATION|MEASURE PASSIVATION QUALITY|OPEN BOND PAD WINDOW|OPEN PAD WINDOW LITHO|DEVELOP PAD WINDOW|PASSIVATION ETCH PAD OPENING|STRIP RESIST|CLEAN PAD OPENING|MEASURE PAD OPENING|BACKSIDE THINNING CHECK|BACKSIDE CLEAN FINAL|DEPOSIT BACKSIDE PROTECTION|BACKSIDE ANNEAL|FRONTSIDE CLEAN FINAL|FINAL CLEAN|FINAL THICKNESS MEASURE|FINAL GEOMETRY CHECK|FINAL OXIDE CHECK|FINAL CD INSPECTION|FINAL PARTICLE INSPECTION|FINAL ELECTRICAL TEST PREP|PARAMETRIC TEST|LEAKAGE TEST|THRESHOLD VOLTAGE TEST|SWITCHING TEST|WAFER SORT TEST|YIELD ANALYSIS|LOT RELEASE|PACKAGE PREPARATION|SHIP LOT|FINAL OXIDE CHECK|FINAL CD INSPECTION|FINAL PARTICLE INSPECTION|PARAMETRIC TEST|SWITCHING TEST|WAFER SORT TEST|FINAL LOT RELEASE|PACKAGE PREPARATION|SHIP LOT|FINAL CD INSPECTION|FINAL PARTICLE INSPECTION|PARAMETRIC TEST|SWITCHING TEST|WAFER SORT TEST|FINAL LOT RELEASE|SHIP LOT|FINAL CD INSPECTION|FINAL PARTICLE INSPECTION|PARAMETRIC TEST|SWITCHING TEST|WAFER SORT TEST|FINAL LOT RELEASE|SHIP LOT|FINAL CD INSPECTION|FINAL PARTICLE INSPECTION|PARAMETRIC TEST|SWITCHING TEST|WAFER SORT TEST|FINAL LOT RELEASE|SHIP LOT|FINAL CD INSPECTION
valid_0464,OPEN PAD WINDOW LITHO|DEVELOP PAD WINDOW|PASSIVATION ETCH PAD OPENING|STRIP RESIST|CLEAN PAD OPENING|MEASURE PAD OPENING|BACKSIDE THINNING CHECK|BACKSIDE CLEAN FINAL|DEPOSIT BACKSIDE PROTECTION|BACKSIDE ANNEAL|FRONTSIDE CLEAN FINAL|FINAL CLEAN|FINAL THICKNESS MEASURE|FINAL GEOMETRY CHECK|FINAL OXIDE CHECK|FINAL CD INSPECTION|FINAL PARTICLE INSPECTION|FINAL ELECTRICAL TEST PREP|PARAMETRIC TEST|LEAKAGE TEST|THRESHOLD VOLTAGE TEST|SWITCHING TEST|WAFER SORT TEST|YIELD ANALYSIS|LOT RELEASE|PACKAGE PREPARATION|SHIP LOT|FINAL OXIDE CHECK|FINAL CD INSPECTION|FINAL PARTICLE INSPECTION|PARAMETRIC TEST|SWITCHING TEST|WAFER SORT TEST|FINAL LOT RELEASE|PACKAGE PREPARATION|SHIP LOT|FINAL CD INSPECTION|FINAL PARTICLE INSPECTION|PARAMETRIC TEST|SWITCHING TEST|WAFER SORT TEST|FINAL LOT RELEASE|SHIP LOT|FINAL CD INSPECTION|FINAL PARTICLE INSPECTION|PARAMETRIC TEST|SWITCHING TEST|WAFER SORT TEST|FINAL LOT RELEASE|SHIP LOT|FINAL CD INSPECTION|FINAL PARTICLE INSPECTION|PARAMETRIC TEST|SWITCHING TEST|WAFER SORT TEST|FINAL LOT RELEASE|SHIP LOT|FINAL CD INSPECTION|FINAL PARTICLE INSPECTION|PARAMETRIC TEST|SWITCHING TEST|WAFER SORT TEST|FINAL LOT RELEASE|SHIP LOT|IMPLANT P BODY|BREAKDOWN VOLTAGE TEST|SWITCHING TEST|FINAL LOT RELEASE|SHIP LOT|FINAL CD INSPECTION|FINAL PARTICLE INSPECTION|PARAMETRIC TEST|SWITCHING TEST|FINAL LOT RELEASE|SHIP LOT|FINAL CD INSPECTION|FINAL PARTICLE INSPECTION|PARAMETRIC TEST|LEAKAGE TEST|BREAKDOWN VOLTAGE TEST
valid_0465,VIA ETCH|STRIP PHOTORESIST|CLEAN AFTER VIA ETCH|MEASURE VIA CD|DEPOSIT BARRIER METAL|DEPOSIT TUNGSTEN SEED|FILL VIA TUNGSTEN|CMP METAL|MEASURE VIA RESISTANCE|DEPOSIT TOP METAL|ANNEAL METAL 1|SPIN COAT PHOTORESIST|SOFT BAKE|ALIGN MASK LEVEL 4|EXPOSE LITHO LEVEL 4|DEVELOP PHOTORESIST|METAL PATTERN INSPECTION|METAL ETCH DRY|STRIP PHOTORESIST|CLEAN AFTER METAL ETCH|MEASURE LINE WIDTH|DEPOSIT PASSIVATION|CURE PASSIVATION|MEASURE PASSIVATION QUALITY|OPEN BOND PAD WINDOW|OPEN PAD WINDOW LITHO|DEVELOP PAD WINDOW|PASSIVATION ETCH|STRIP PHOTORESIST|CLEAN PAD OPENING|MEASURE PAD OPENING|BACKSIDE THINNING CHECK|BACKSIDE CLEAN FINAL|DEPOSIT BACKSIDE PROTECTION|BACKSIDE ANNEAL|FRONTSIDE CLEAN FINAL|FINAL CLEAN|FINAL THICKNESS MEASURE|FINAL GEOMETRY CHECK|FINAL OXIDE CHECK|FINAL CD INSPECTION|FINAL PARTICLE INSPECTION|FINAL ELECTRICAL TEST PREP|PARAMETRIC TEST|LEAKAGE TEST|THRESHOLD VOLTAGE TEST|SWITCHING TEST|WAFER SORT TEST|YIELD ANALYSIS|LOT RELEASE|PACKAGE PREPARATION|SHIP LOT|FINAL OXIDE CHECK|FINAL CD INSPECTION|FINAL PARTICLE INSPECTION|PARAMETRIC TEST|SWITCHING TEST|WAFER SORT TEST|FINAL LOT RELEASE|SHIP LOT|FINAL CD INSPECTION|FINAL PARTICLE INSPECTION|PARAMETRIC TEST|SWITCHING TEST|WAFER SORT TEST|FINAL LOT RELEASE|SHIP LOT|FINAL CD INSPECTION|FINAL PARTICLE INSPECTION|PARAMETRIC TEST|SWITCHING TEST|WAFER SORT TEST|FINAL LOT RELEASE|SHIP LOT|FINAL CD INSPECTION|FINAL PARTICLE INSPECTION|PARAMETRIC TEST|SWITCHING TEST|WAFER SORT TEST|FINAL LOT RELEASE
valid_0466,CURE PASSIVATION|MEASURE PASSIVATION QUALITY|OPEN BOND PAD WINDOW|OPEN PAD WINDOW LITHO|DEVELOP PAD WINDOW|PASSIVATION ETCH|STRIP PHOTORESIST|CLEAN PAD OPENING|MEASURE PAD OPENING|BACKSIDE THINNING CHECK|BACKSIDE CLEAN FINAL|DEPOSIT BACKSIDE PROTECTION|BACKSIDE ANNEAL|FRONTSIDE CLEAN FINAL|FINAL CLEAN|FINAL THICKNESS MEASURE|FINAL GEOMETRY CHECK|FINAL OXIDE CHECK|FINAL CD INSPECTION|FINAL PARTICLE INSPECTION|FINAL ELECTRICAL TEST PREP|PARAMETRIC TEST|LEAKAGE TEST|THRESHOLD VOLTAGE TEST|SWITCHING TEST|WAFER SORT TEST|YIELD ANALYSIS|LOT RELEASE|PACKAGE PREPARATION|SHIP LOT|FINAL OXIDE CHECK|FINAL CD INSPECTION|FINAL PARTICLE INSPECTION|PARAMETRIC TEST|SWITCHING TEST|WAFER SORT TEST|FINAL LOT RELEASE|SHIP LOT|FINAL CD INSPECTION|FINAL PARTICLE INSPECTION|PARAMETRIC TEST|SWITCHING TEST|WAFER SORT TEST|FINAL LOT RELEASE|SHIP LOT|FINAL CD INSPECTION|FINAL PARTICLE INSPECTION|PARAMETRIC TEST|SWITCHING TEST|WAFER SORT TEST|FINAL LOT RELEASE|SHIP LOT|FINAL CD INSPECTION|FINAL PARTICLE INSPECTION|PARAMETRIC TEST|SWITCHING TEST|WAFER SORT TEST|FINAL LOT RELEASE|SHIP LOT|FINAL CD INSPECTION|FINAL PARTICLE INSPECTION|PARAMETRIC TEST|SWITCHING TEST|FINAL LOT RELEASE|SHIP LOT|IMPLANT P BODY|BREAKDOWN VOLTAGE TEST|SWITCHING TEST|FINAL LOT RELEASE|SHIP LOT|FINAL CD INSPECTION|FINAL PARTICLE INSPECTION|PARAMETRIC TEST|SWITCHING TEST|FINAL LOT RELEASE|SHIP LOT|FINAL CD INSPECTION|FINAL PARTICLE INSPECTION|PARAMETRIC TEST|SWITCHING TEST
valid_0467,CLEAN AFTER VIA ETCH|MEASURE VIA CD|DEPOSIT BARRIER METAL|DEPOSIT TUNGSTEN SEED|FILL VIA TUNGSTEN|CMP METAL|MEASURE VIA RESISTANCE|DEPOSIT TOP METAL|ANNEAL METAL 1|SPIN COAT PHOTORESIST|SOFT BAKE|ALIGN MASK LEVEL 4|EXPOSE LITHO LEVEL 4|DEVELOP PHOTORESIST|METAL PATTERN INSPECTION|METAL ETCH DRY|STRIP PHOTORESIST|CLEAN AFTER METAL ETCH|MEASURE LINE WIDTH|DEPOSIT PASSIVATION|CURE PASSIVATION|MEASURE PASSIVATION QUALITY|OPEN BOND PAD WINDOW|OPEN PAD WINDOW LITHO|DEVELOP PAD WINDOW|PASSIVATION ETCH|STRIP RESIST|CLEAN PAD OPENING|MEASURE PAD OPENING|BACKSIDE THINNING CHECK|BACKSIDE CLEAN FINAL|DEPOSIT BACKSIDE PROTECTION|BACKSIDE ANNEAL|FRONTSIDE CLEAN FINAL|FINAL CLEAN|FINAL THICKNESS MEASURE|FINAL GEOMETRY CHECK|FINAL OXIDE CHECK|FINAL CD INSPECTION|FINAL PARTICLE INSPECTION|FINAL ELECTRICAL TEST PREP|PARAMETRIC TEST|LEAKAGE TEST|THRESHOLD VOLTAGE TEST|SWITCHING TEST|WAFER SORT TEST|YIELD ANALYSIS|LOT RELEASE|PACKAGE PREPARATION|SHIP LOT|FINAL OXIDE CHECK|FINAL CD INSPECTION|FINAL PARTICLE INSPECTION|PARAMETRIC TEST|SWITCHING TEST|WAFER SORT TEST|FINAL LOT RELEASE|SHIP LOT|FINAL CD INSPECTION|FINAL PARTICLE INSPECTION|PARAMETRIC TEST|SWITCHING TEST|WAFER SORT TEST|FINAL LOT RELEASE|SHIP LOT|FINAL CD INSPECTION|FINAL PARTICLE INSPECTION|PARAMETRIC TEST|SWITCHING TEST|WAFER SORT TEST|FINAL LOT RELEASE|SHIP LOT|FINAL CD INSPECTION|FINAL PARTICLE INSPECTION|PARAMETRIC TEST|SWITCHING TEST|WAFER SORT TEST|FINAL LOT RELEASE|SHIP LOT|FINAL CD INSPECTION
valid_0468,OPEN BOND PAD WINDOW|OPEN PAD WINDOW LITHO|DEVELOP PAD WINDOW|PASSIVATION ETCH|STRIP RESIST|CLEAN PAD OPENING|MEASURE PAD OPENING|BACKSIDE THINNING CHECK|BACKSIDE CLEAN FINAL|DEPOSIT BACKSIDE PROTECTION|BACKSIDE ANNEAL|FRONTSIDE CLEAN FINAL|FINAL CLEAN|FINAL THICKNESS MEASURE|FINAL GEOMETRY CHECK|FINAL OXIDE CHECK|FINAL CD INSPECTION|FINAL PARTICLE INSPECTION|FINAL ELECTRICAL TEST PREP|PARAMETRIC TEST|LEAKAGE TEST|THRESHOLD VOLTAGE TEST|SWITCHING TEST|WAFER SORT TEST|YIELD ANALYSIS|LOT RELEASE|PACKAGE PREPARATION|SHIP LOT|FINAL CD INSPECTION|FINAL PARTICLE INSPECTION|PARAMETRIC TEST|SWITCHING TEST|WAFER SORT TEST|FINAL LOT RELEASE|SHIP LOT|FINAL CD INSPECTION|FINAL PARTICLE INSPECTION|PARAMETRIC TEST|SWITCHING TEST|WAFER SORT TEST|FINAL LOT RELEASE|SHIP LOT|FINAL CD INSPECTION|FINAL PARTICLE INSPECTION|PARAMETRIC TEST|SWITCHING TEST|WAFER SORT TEST|FINAL LOT RELEASE|SHIP LOT|FINAL CD INSPECTION|FINAL PARTICLE INSPECTION|PARAMETRIC TEST|SWITCHING TEST|WAFER SORT TEST|FINAL LOT RELEASE|SHIP LOT|FINAL CD INSPECTION|FINAL PARTICLE INSPECTION|PARAMETRIC TEST|SWITCHING TEST|FINAL LOT RELEASE|SHIP LOT|IMPLANT P BODY|BREAKDOWN VOLTAGE TEST|SWITCHING TEST|FINAL LOT RELEASE|SHIP LOT|FINAL CD INSPECTION|FINAL PARTICLE INSPECTION|PARAMETRIC TEST|SWITCHING TEST|FINAL LOT RELEASE|SHIP LOT|FINAL CD INSPECTION|FINAL PARTICLE INSPECTION|PARAMETRIC TEST|SWITCHING TEST|FINAL LOT RELEASE|SHIP LOT|FINAL CD INSPECTION
valid_0469,CLEAN AFTER VIA ETCH|MEASURE VIA CD|DEPOSIT BARRIER METAL|DEPOSIT TUNGSTEN SEED|FILL VIA TUNGSTEN|CMP METAL|MEASURE VIA RESISTANCE|DEPOSIT METAL 1|ANNEAL METAL 1|SPIN COAT PHOTORESIST|SOFT BAKE|ALIGN MASK LEVEL 4|EXPOSE LITHO LEVEL 4|DEVELOP PHOTORESIST|METAL PATTERN INSPECTION|METAL ETCH DRY|STRIP PHOTORESIST|CLEAN AFTER METAL ETCH|MEASURE LINE WIDTH|DEPOSIT PASSIVATION|CURE PASSIVATION|MEASURE PASSIVATION QUALITY|OPEN BOND PAD WINDOW|OPEN PAD WINDOW LITHO|DEVELOP PAD WINDOW|PASSIVATION ETCH PAD OPENING|STRIP PHOTORESIST|CLEAN PAD OPENING|MEASURE PAD OPENING|BACKSIDE THINNING CHECK|BACKSIDE CLEAN FINAL|DEPOSIT BACKSIDE PROTECTION|BACKSIDE ANNEAL|FRONTSIDE CLEAN FINAL|FINAL CLEAN|FINAL THICKNESS MEASURE|FINAL GEOMETRY CHECK|FINAL OXIDE CHECK|FINAL CD INSPECTION|FINAL PARTICLE INSPECTION|FINAL ELECTRICAL TEST PREP|PARAMETRIC TEST|LEAKAGE TEST|THRESHOLD VOLTAGE TEST|SWITCHING TEST|WAFER SORT TEST|YIELD ANALYSIS|LOT RELEASE|PACKAGE PREPARATION|SHIP LOT|FINAL OXIDE CHECK|FINAL CD INSPECTION|FINAL PARTICLE INSPECTION|PARAMETRIC TEST|SWITCHING TEST|WAFER SORT TEST|FINAL LOT RELEASE|PACKAGE PREPARATION|SHIP LOT|FINAL CD INSPECTION|FINAL PARTICLE INSPECTION|PARAMETRIC TEST|SWITCHING TEST|WAFER SORT TEST|FINAL LOT RELEASE|SHIP LOT|FINAL CD INSPECTION|FINAL PARTICLE INSPECTION|PARAMETRIC TEST|SWITCHING TEST|WAFER SORT TEST|FINAL LOT RELEASE|SHIP LOT|FINAL CD INSPECTION|FINAL PARTICLE INSPECTION|PARAMETRIC TEST|SWITCHING TEST|WAFER SORT TEST|FINAL LOT RELEASE|SHIP LOT
valid_0470,OPEN BOND PAD WINDOW|OPEN PAD WINDOW LITHO|DEVELOP PAD WINDOW|PASSIVATION ETCH|STRIP RESIST|CLEAN PAD OPENING|MEASURE PAD OPENING|BACKSIDE THINNING CHECK|BACKSIDE CLEAN FINAL|DEPOSIT BACKSIDE PROTECTION|BACKSIDE ANNEAL|FRONTSIDE CLEAN FINAL|FINAL CLEAN|FINAL THICKNESS MEASURE|FINAL GEOMETRY CHECK|FINAL OXIDE CHECK|FINAL CD INSPECTION|FINAL PARTICLE INSPECTION|FINAL ELECTRICAL TEST PREP|PARAMETRIC TEST|LEAKAGE TEST|THRESHOLD VOLTAGE TEST|SWITCHING TEST|WAFER SORT TEST|YIELD ANALYSIS|LOT RELEASE|PACKAGE PREPARATION|SHIP LOT|FINAL CD INSPECTION|FINAL PARTICLE INSPECTION|PARAMETRIC TEST|SWITCHING TEST|WAFER SORT TEST|FINAL LOT RELEASE|PACKAGE PREPARATION|SHIP LOT|FINAL CD INSPECTION|FINAL PARTICLE INSPECTION|PARAMETRIC TEST|SWITCHING TEST|WAFER SORT TEST|FINAL LOT RELEASE|SHIP LOT|FINAL CD INSPECTION|FINAL PARTICLE INSPECTION|PARAMETRIC TEST|SWITCHING TEST|WAFER SORT TEST|FINAL LOT RELEASE|SHIP LOT|FINAL CD INSPECTION|FINAL PARTICLE INSPECTION|PARAMETRIC TEST|SWITCHING TEST|WAFER SORT TEST|FINAL LOT RELEASE|SHIP LOT|FINAL CD INSPECTION|FINAL PARTICLE INSPECTION|PARAMETRIC TEST|SWITCHING TEST|FINAL LOT RELEASE|SHIP LOT|IMPLANT P BODY|BREAKDOWN VOLTAGE TEST|SWITCHING TEST|FINAL LOT RELEASE|SHIP LOT|FINAL CD INSPECTION|FINAL PARTICLE INSPECTION|PARAMETRIC TEST|SWITCHING TEST|FINAL LOT RELEASE|SHIP LOT|FINAL CD INSPECTION|FINAL PARTICLE INSPECTION|PARAMETRIC TEST|SWITCHING TEST|FINAL LOT RELEASE|SHIP LOT
valid_0471,DEPOSIT BARRIER METAL|DEPOSIT TUNGSTEN SEED|FILL VIA TUNGSTEN|CMP METAL|MEASURE VIA RESISTANCE|DEPOSIT TOP METAL|ANNEAL METAL 1|SPIN COAT PHOTORESIST|SOFT BAKE|ALIGN MASK LEVEL 4|EXPOSE LITHO LEVEL 4|DEVELOP PHOTORESIST|METAL PATTERN INSPECTION|METAL ETCH DRY|STRIP PHOTORESIST|CLEAN AFTER METAL ETCH|MEASURE LINE WIDTH|DEPOSIT PASSIVATION|CURE PASSIVATION|MEASURE PASSIVATION QUALITY|OPEN BOND PAD WINDOW|OPEN PAD WINDOW LITHO|DEVELOP PAD WINDOW|PASSIVATION ETCH|STRIP RESIST|CLEAN PAD OPENING|MEASURE PAD OPENING|BACKSIDE THINNING CHECK|BACKSIDE CLEAN FINAL|DEPOSIT BACKSIDE PROTECTION|BACKSIDE ANNEAL|FRONTSIDE CLEAN FINAL|FINAL CLEAN|FINAL THICKNESS MEASURE|FINAL GEOMETRY CHECK|FINAL OXIDE CHECK|FINAL CD INSPECTION|FINAL PARTICLE INSPECTION|FINAL ELECTRICAL TEST PREP|PARAMETRIC TEST|LEAKAGE TEST|THRESHOLD VOLTAGE TEST|SWITCHING TEST|WAFER SORT TEST|YIELD ANALYSIS|LOT RELEASE|PACKAGE PREPARATION|SHIP LOT|FINAL OXIDE CHECK|FINAL CD INSPECTION|FINAL PARTICLE INSPECTION|PARAMETRIC TEST|SWITCHING TEST|WAFER SORT TEST|FINAL LOT RELEASE|PACKAGE PREPARATION|SHIP LOT|FINAL CD INSPECTION|FINAL PARTICLE INSPECTION|PARAMETRIC TEST|SWITCHING TEST|WAFER SORT TEST|FINAL LOT RELEASE|SHIP LOT|FINAL CD INSPECTION|FINAL PARTICLE INSPECTION|PARAMETRIC TEST|SWITCHING TEST|WAFER SORT TEST|FINAL LOT RELEASE|SHIP LOT|FINAL CD INSPECTION|FINAL PARTICLE INSPECTION|PARAMETRIC TEST|SWITCHING TEST|WAFER SORT TEST|FINAL LOT RELEASE|SHIP LOT|FINAL CD INSPECTION|FINAL PARTICLE INSPECTION
valid_0472,PASSIVATION ETCH|STRIP RESIST|CLEAN PAD OPENING|MEASURE PAD OPENING|BACKSIDE THINNING CHECK|BACKSIDE CLEAN FINAL|DEPOSIT BACKSIDE PROTECTION|BACKSIDE ANNEAL|FRONTSIDE CLEAN FINAL|FINAL CLEAN|FINAL THICKNESS MEASURE|FINAL GEOMETRY CHECK|FINAL OXIDE CHECK|FINAL CD INSPECTION|FINAL PARTICLE INSPECTION|FINAL ELECTRICAL TEST PREP|PARAMETRIC TEST|LEAKAGE TEST|THRESHOLD VOLTAGE TEST|SWITCHING TEST|WAFER SORT TEST|YIELD ANALYSIS|LOT RELEASE|PACKAGE PREPARATION|SHIP LOT|FINAL CD INSPECTION|FINAL PARTICLE INSPECTION|PARAMETRIC TEST|SWITCHING TEST|WAFER SORT TEST|FINAL LOT RELEASE|PACKAGE PREPARATION|SHIP LOT|FINAL CD INSPECTION|FINAL PARTICLE INSPECTION|PARAMETRIC TEST|SWITCHING TEST|WAFER SORT TEST|FINAL LOT RELEASE|SHIP LOT|FINAL CD INSPECTION|FINAL PARTICLE INSPECTION|PARAMETRIC TEST|SWITCHING TEST|WAFER SORT TEST|FINAL LOT RELEASE|SHIP LOT|FINAL CD INSPECTION|FINAL PARTICLE INSPECTION|PARAMETRIC TEST|SWITCHING TEST|WAFER SORT TEST|FINAL LOT RELEASE|SHIP LOT|FINAL CD INSPECTION|FINAL PARTICLE INSPECTION|PARAMETRIC TEST|SWITCHING TEST|FINAL LOT RELEASE|SHIP LOT|IMPLANT P BODY|BREAKDOWN VOLTAGE TEST|SWITCHING TEST|FINAL LOT RELEASE|SHIP LOT|FINAL CD INSPECTION|FINAL PARTICLE INSPECTION|PARAMETRIC TEST|SWITCHING TEST|FINAL LOT RELEASE|SHIP LOT|FINAL CD INSPECTION|FINAL PARTICLE INSPECTION|PARAMETRIC TEST|SWITCHING TEST|FINAL LOT RELEASE|SHIP LOT|FINAL CD INSPECTION|FINAL PARTICLE INSPECTION|PARAMETRIC TEST
valid_0473,STRIP PHOTORESIST|CLEAN AFTER VIA ETCH|MEASURE VIA CD|DEPOSIT BARRIER METAL|DEPOSIT TUNGSTEN SEED|FILL VIA TUNGSTEN|CMP METAL|MEASURE VIA RESISTANCE|DEPOSIT METAL 1|ANNEAL METAL 1|SPIN COAT PHOTORESIST|SOFT BAKE|ALIGN MASK LEVEL 4|EXPOSE LITHO LEVEL 4|DEVELOP PHOTORESIST|METAL PATTERN INSPECTION|METAL ETCH DRY|STRIP RESIST|CLEAN AFTER METAL ETCH|MEASURE LINE WIDTH|DEPOSIT PASSIVATION|CURE PASSIVATION|MEASURE PASSIVATION QUALITY|OPEN BOND PAD WINDOW|OPEN PAD WINDOW LITHO|DEVELOP PAD WINDOW|PASSIVATION ETCH PAD OPENING|STRIP RESIST|CLEAN PAD OPENING|MEASURE PAD OPENING|BACKSIDE THINNING CHECK|BACKSIDE CLEAN FINAL|DEPOSIT BACKSIDE PROTECTION|BACKSIDE ANNEAL|FRONTSIDE CLEAN FINAL|FINAL CLEAN|FINAL THICKNESS MEASURE|FINAL GEOMETRY CHECK|FINAL OXIDE CHECK|FINAL CD INSPECTION|FINAL PARTICLE INSPECTION|FINAL ELECTRICAL TEST PREP|PARAMETRIC TEST|LEAKAGE TEST|THRESHOLD VOLTAGE TEST|SWITCHING TEST|WAFER SORT TEST|YIELD ANALYSIS|LOT RELEASE|PACKAGE PREPARATION|SHIP LOT|FINAL OXIDE CHECK|FINAL CD INSPECTION|FINAL PARTICLE INSPECTION|PARAMETRIC TEST|SWITCHING TEST|WAFER SORT TEST|FINAL LOT RELEASE|PACKAGE PREPARATION|SHIP LOT|FINAL CD INSPECTION|FINAL PARTICLE INSPECTION|PARAMETRIC TEST|SWITCHING TEST|WAFER SORT TEST|FINAL LOT RELEASE|SHIP LOT|FINAL CD INSPECTION|FINAL PARTICLE INSPECTION|PARAMETRIC TEST|SWITCHING TEST|WAFER SORT TEST|FINAL LOT RELEASE|SHIP LOT|FINAL CD INSPECTION|FINAL PARTICLE INSPECTION|PARAMETRIC TEST|SWITCHING TEST|WAFER SORT TEST|FINAL LOT RELEASE
valid_0474,MEASURE PASSIVATION QUALITY|OPEN BOND PAD WINDOW|OPEN PAD WINDOW LITHO|DEVELOP PAD WINDOW|PASSIVATION ETCH|STRIP RESIST|CLEAN PAD OPENING|MEASURE PAD OPENING|BACKSIDE THINNING CHECK|BACKSIDE CLEAN FINAL|DEPOSIT BACKSIDE PROTECTION|BACKSIDE ANNEAL|FRONTSIDE CLEAN FINAL|FINAL CLEAN|FINAL THICKNESS MEASURE|FINAL GEOMETRY CHECK|FINAL OXIDE CHECK|FINAL CD INSPECTION|FINAL PARTICLE INSPECTION|FINAL ELECTRICAL TEST PREP|PARAMETRIC TEST|LEAKAGE TEST|THRESHOLD VOLTAGE TEST|SWITCHING TEST|WAFER SORT TEST|YIELD ANALYSIS|LOT RELEASE|PACKAGE PREPARATION|SHIP LOT|FINAL OXIDE CHECK|FINAL CD INSPECTION|FINAL PARTICLE INSPECTION|PARAMETRIC TEST|SWITCHING TEST|WAFER SORT TEST|FINAL LOT RELEASE|PACKAGE PREPARATION|SHIP LOT|FINAL CD INSPECTION|FINAL PARTICLE INSPECTION|PARAMETRIC TEST|SWITCHING TEST|WAFER SORT TEST|FINAL LOT RELEASE|SHIP LOT|FINAL CD INSPECTION|FINAL PARTICLE INSPECTION|PARAMETRIC TEST|SWITCHING TEST|WAFER SORT TEST|FINAL LOT RELEASE|SHIP LOT|FINAL CD INSPECTION|FINAL PARTICLE INSPECTION|PARAMETRIC TEST|SWITCHING TEST|WAFER SORT TEST|FINAL LOT RELEASE|SHIP LOT|FINAL CD INSPECTION|FINAL PARTICLE INSPECTION|PARAMETRIC TEST|SWITCHING TEST|FINAL LOT RELEASE|SHIP LOT|IMPLANT P BODY|BREAKDOWN VOLTAGE TEST|SWITCHING TEST|FINAL LOT RELEASE|SHIP LOT|FINAL CD INSPECTION|FINAL PARTICLE INSPECTION|PARAMETRIC TEST|SWITCHING TEST|FINAL LOT RELEASE|SHIP LOT|FINAL CD INSPECTION|FINAL PARTICLE INSPECTION|PARAMETRIC TEST|SWITCHING TEST
valid_0475,VIA ETCH|STRIP PHOTORESIST|CLEAN AFTER VIA ETCH|MEASURE VIA CD|DEPOSIT BARRIER METAL|DEPOSIT TUNGSTEN SEED|FILL VIA TUNGSTEN|CMP METAL|MEASURE VIA RESISTANCE|DEPOSIT TOP METAL|ANNEAL METAL 1|SPIN COAT PHOTORESIST|SOFT BAKE|ALIGN MASK LEVEL 4|EXPOSE LITHO LEVEL 4|DEVELOP PHOTORESIST|METAL PATTERN INSPECTION|METAL ETCH DRY|STRIP RESIST|CLEAN AFTER METAL ETCH|MEASURE LINE WIDTH|DEPOSIT PASSIVATION|CURE PASSIVATION|MEASURE PASSIVATION QUALITY|OPEN BOND PAD WINDOW|OPEN PAD WINDOW LITHO|DEVELOP PAD WINDOW|PASSIVATION ETCH|STRIP RESIST|CLEAN PAD OPENING|MEASURE PAD OPENING|BACKSIDE THINNING CHECK|BACKSIDE CLEAN FINAL|DEPOSIT BACKSIDE PROTECTION|BACKSIDE ANNEAL|FRONTSIDE CLEAN FINAL|FINAL CLEAN|FINAL THICKNESS MEASURE|FINAL GEOMETRY CHECK|FINAL OXIDE CHECK|FINAL CD INSPECTION|FINAL PARTICLE INSPECTION|FINAL ELECTRICAL TEST PREP|PARAMETRIC TEST|LEAKAGE TEST|THRESHOLD VOLTAGE TEST|SWITCHING TEST|WAFER SORT TEST|YIELD ANALYSIS|LOT RELEASE|PACKAGE PREPARATION|SHIP LOT|FINAL CD INSPECTION|FINAL PARTICLE INSPECTION|PARAMETRIC TEST|SWITCHING TEST|WAFER SORT TEST|FINAL LOT RELEASE|PACKAGE PREPARATION|SHIP LOT|FINAL CD INSPECTION|FINAL PARTICLE INSPECTION|PARAMETRIC TEST|SWITCHING TEST|WAFER SORT TEST|FINAL LOT RELEASE|SHIP LOT|FINAL CD INSPECTION|FINAL PARTICLE INSPECTION|PARAMETRIC TEST|SWITCHING TEST|WAFER SORT TEST|FINAL LOT RELEASE|SHIP LOT|FINAL CD INSPECTION|FINAL PARTICLE INSPECTION|PARAMETRIC TEST|SWITCHING TEST|WAFER SORT TEST|FINAL LOT RELEASE
valid_0476,MEASURE PASSIVATION QUALITY|OPEN BOND PAD WINDOW|OPEN PAD WINDOW LITHO|DEVELOP PAD WINDOW|PASSIVATION ETCH|STRIP RESIST|CLEAN PAD OPENING|MEASURE PAD OPENING|BACKSIDE THINNING CHECK|BACKSIDE CLEAN FINAL|DEPOSIT BACKSIDE PROTECTION|BACKSIDE ANNEAL|FRONTSIDE CLEAN FINAL|FINAL CLEAN|FINAL THICKNESS MEASURE|FINAL GEOMETRY CHECK|FINAL OXIDE CHECK|FINAL CD INSPECTION|FINAL PARTICLE INSPECTION|FINAL ELECTRICAL TEST PREP|PARAMETRIC TEST|LEAKAGE TEST|THRESHOLD VOLTAGE TEST|SWITCHING TEST|WAFER SORT TEST|YIELD ANALYSIS|LOT RELEASE|PACKAGE PREPARATION|SHIP LOT|FINAL CD INSPECTION|FINAL PARTICLE INSPECTION|PARAMETRIC TEST|SWITCHING TEST|WAFER SORT TEST|FINAL LOT RELEASE|PACKAGE PREPARATION|SHIP LOT|FINAL CD INSPECTION|FINAL PARTICLE INSPECTION|PARAMETRIC TEST|SWITCHING TEST|WAFER SORT TEST|FINAL LOT RELEASE|SHIP LOT|FINAL CD INSPECTION|FINAL PARTICLE INSPECTION|PARAMETRIC TEST|SWITCHING TEST|WAFER SORT TEST|FINAL LOT RELEASE|SHIP LOT|FINAL CD INSPECTION|FINAL PARTICLE INSPECTION|PARAMETRIC TEST|SWITCHING TEST|WAFER SORT TEST|FINAL LOT RELEASE|SHIP LOT|FINAL CD INSPECTION|FINAL PARTICLE INSPECTION|PARAMETRIC TEST|SWITCHING TEST|FINAL LOT RELEASE|SHIP LOT|IMPLANT P BODY|BREAKDOWN VOLTAGE TEST|SWITCHING TEST|FINAL LOT RELEASE|SHIP LOT|FINAL CD INSPECTION|FINAL PARTICLE INSPECTION|PARAMETRIC TEST|SWITCHING TEST|FINAL LOT RELEASE|SHIP LOT|FINAL CD INSPECTION|FINAL PARTICLE INSPECTION|PARAMETRIC TEST|SWITCHING TEST|FINAL LOT RELEASE
valid_0477,CLEAN AFTER VIA ETCH|MEASURE VIA CD|DEPOSIT BARRIER METAL|DEPOSIT TUNGSTEN SEED|FILL VIA TUNGSTEN|CMP METAL|MEASURE VIA RESISTANCE|DEPOSIT TOP METAL|ANNEAL METAL 1|SPIN COAT PHOTORESIST|SOFT BAKE|ALIGN MASK LEVEL 4|EXPOSE LITHO LEVEL 4|DEVELOP PHOTORESIST|METAL PATTERN INSPECTION|METAL ETCH DRY|STRIP RESIST|CLEAN AFTER METAL ETCH|MEASURE LINE WIDTH|DEPOSIT PASSIVATION|CURE PASSIVATION|MEASURE PASSIVATION QUALITY|OPEN BOND PAD WINDOW|OPEN PAD WINDOW LITHO|DEVELOP PAD WINDOW|PASSIVATION ETCH|STRIP RESIST|CLEAN PAD OPENING|MEASURE PAD OPENING|BACKSIDE THINNING CHECK|BACKSIDE CLEAN FINAL|DEPOSIT BACKSIDE PROTECTION|BACKSIDE ANNEAL|FRONTSIDE CLEAN FINAL|FINAL CLEAN|FINAL THICKNESS MEASURE|FINAL GEOMETRY CHECK|FINAL OXIDE CHECK|FINAL CD INSPECTION|FINAL PARTICLE INSPECTION|FINAL ELECTRICAL TEST PREP|PARAMETRIC TEST|LEAKAGE TEST|THRESHOLD VOLTAGE TEST|SWITCHING TEST|WAFER SORT TEST|YIELD ANALYSIS|LOT RELEASE|PACKAGE PREPARATION|SHIP LOT|FINAL OXIDE CHECK|FINAL CD INSPECTION|FINAL PARTICLE INSPECTION|PARAMETRIC TEST|SWITCHING TEST|WAFER SORT TEST|FINAL LOT RELEASE|SHIP LOT|FINAL CD INSPECTION|FINAL PARTICLE INSPECTION|PARAMETRIC TEST|SWITCHING TEST|WAFER SORT TEST|FINAL LOT RELEASE|SHIP LOT|FINAL CD INSPECTION|FINAL PARTICLE INSPECTION|PARAMETRIC TEST|SWITCHING TEST|WAFER SORT TEST|FINAL LOT RELEASE|SHIP LOT|FINAL CD INSPECTION|FINAL PARTICLE INSPECTION|PARAMETRIC TEST|SWITCHING TEST|WAFER SORT TEST|FINAL LOT RELEASE|SHIP LOT|FINAL CD INSPECTION
valid_0478,OPEN BOND PAD WINDOW|OPEN PAD WINDOW LITHO|DEVELOP PAD WINDOW|PASSIVATION ETCH|STRIP RESIST|CLEAN PAD OPENING|MEASURE PAD OPENING|BACKSIDE THINNING CHECK|BACKSIDE CLEAN FINAL|DEPOSIT BACKSIDE PROTECTION|BACKSIDE ANNEAL|FRONTSIDE CLEAN FINAL|FINAL CLEAN|FINAL THICKNESS MEASURE|FINAL GEOMETRY CHECK|FINAL OXIDE CHECK|FINAL CD INSPECTION|FINAL PARTICLE INSPECTION|FINAL ELECTRICAL TEST PREP|PARAMETRIC TEST|LEAKAGE TEST|THRESHOLD VOLTAGE TEST|SWITCHING TEST|WAFER SORT TEST|YIELD ANALYSIS|LOT RELEASE|PACKAGE PREPARATION|SHIP LOT|FINAL CD INSPECTION|FINAL PARTICLE INSPECTION|PARAMETRIC TEST|SWITCHING TEST|WAFER SORT TEST|FINAL LOT RELEASE|SHIP LOT|FINAL CD INSPECTION|FINAL PARTICLE INSPECTION|PARAMETRIC TEST|SWITCHING TEST|WAFER SORT TEST|FINAL LOT RELEASE|SHIP LOT|FINAL CD INSPECTION|FINAL PARTICLE INSPECTION|PARAMETRIC TEST|SWITCHING TEST|WAFER SORT TEST|FINAL LOT RELEASE|SHIP LOT|FINAL CD INSPECTION|FINAL PARTICLE INSPECTION|PARAMETRIC TEST|SWITCHING TEST|WAFER SORT TEST|FINAL LOT RELEASE|SHIP LOT|FINAL CD INSPECTION|FINAL PARTICLE INSPECTION|PARAMETRIC TEST|SWITCHING TEST|FINAL LOT RELEASE|SHIP LOT|IMPLANT P BODY|BREAKDOWN VOLTAGE TEST|SWITCHING TEST|FINAL LOT RELEASE|SHIP LOT|FINAL CD INSPECTION|FINAL PARTICLE INSPECTION|PARAMETRIC TEST|SWITCHING TEST|FINAL LOT RELEASE|SHIP LOT|FINAL CD INSPECTION|FINAL PARTICLE INSPECTION|PARAMETRIC TEST|SWITCHING TEST|FINAL LOT RELEASE|SHIP LOT|FINAL CD INSPECTION
valid_0479,CLEAN AFTER VIA ETCH|MEASURE VIA CD|DEPOSIT BARRIER METAL|DEPOSIT TUNGSTEN SEED|FILL VIA TUNGSTEN|CMP METAL|MEASURE VIA RESISTANCE|DEPOSIT TOP METAL|ANNEAL METAL 1|SPIN COAT PHOTORESIST|SOFT BAKE|ALIGN MASK LEVEL 4|EXPOSE LITHO LEVEL 4|DEVELOP PHOTORESIST|METAL PATTERN INSPECTION|METAL ETCH DRY|STRIP RESIST|CLEAN AFTER METAL ETCH|MEASURE LINE WIDTH|DEPOSIT PASSIVATION|CURE PASSIVATION|MEASURE PASSIVATION QUALITY|OPEN BOND PAD WINDOW|OPEN PAD WINDOW LITHO|DEVELOP PAD WINDOW|PASSIVATION ETCH|STRIP RESIST|CLEAN PAD OPENING|MEASURE PAD OPENING|BACKSIDE THINNING CHECK|BACKSIDE CLEAN FINAL|DEPOSIT BACKSIDE PROTECTION|BACKSIDE ANNEAL|FRONTSIDE CLEAN FINAL|FINAL CLEAN|FINAL THICKNESS MEASURE|FINAL GEOMETRY CHECK|FINAL OXIDE CHECK|FINAL CD INSPECTION|FINAL PARTICLE INSPECTION|FINAL ELECTRICAL TEST PREP|PARAMETRIC TEST|LEAKAGE TEST|THRESHOLD VOLTAGE TEST|SWITCHING TEST|WAFER SORT TEST|YIELD ANALYSIS|LOT RELEASE|PACKAGE PREPARATION|SHIP LOT|FINAL CD INSPECTION|FINAL PARTICLE INSPECTION|PARAMETRIC TEST|SWITCHING TEST|WAFER SORT TEST|FINAL LOT RELEASE|PACKAGE PREPARATION|SHIP LOT|FINAL CD INSPECTION|FINAL PARTICLE INSPECTION|PARAMETRIC TEST|SWITCHING TEST|WAFER SORT TEST|FINAL LOT RELEASE|SHIP LOT|FINAL CD INSPECTION|FINAL PARTICLE INSPECTION|PARAMETRIC TEST|SWITCHING TEST|WAFER SORT TEST|FINAL LOT RELEASE|SHIP LOT|FINAL CD INSPECTION|FINAL PARTICLE INSPECTION|PARAMETRIC TEST|SWITCHING TEST|WAFER SORT TEST|FINAL LOT RELEASE|SHIP LOT|FINAL CD INSPECTION
valid_0480,OPEN PAD WINDOW LITHO|DEVELOP PAD WINDOW|PASSIVATION ETCH|STRIP RESIST|CLEAN PAD OPENING|MEASURE PAD OPENING|BACKSIDE THINNING CHECK|BACKSIDE CLEAN FINAL|DEPOSIT BACKSIDE PROTECTION|BACKSIDE ANNEAL|FRONTSIDE CLEAN FINAL|FINAL CLEAN|FINAL THICKNESS MEASURE|FINAL GEOMETRY CHECK|FINAL OXIDE CHECK|FINAL CD INSPECTION|FINAL PARTICLE INSPECTION|FINAL ELECTRICAL TEST PREP|PARAMETRIC TEST|LEAKAGE TEST|THRESHOLD VOLTAGE TEST|SWITCHING TEST|WAFER SORT TEST|YIELD ANALYSIS|LOT RELEASE|PACKAGE PREPARATION|SHIP LOT|FINAL OXIDE CHECK|FINAL CD INSPECTION|FINAL PARTICLE INSPECTION|PARAMETRIC TEST|SWITCHING TEST|WAFER SORT TEST|FINAL LOT RELEASE|SHIP LOT|FINAL CD INSPECTION|FINAL PARTICLE INSPECTION|PARAMETRIC TEST|SWITCHING TEST|WAFER SORT TEST|FINAL LOT RELEASE|SHIP LOT|FINAL CD INSPECTION|FINAL PARTICLE INSPECTION|PARAMETRIC TEST|SWITCHING TEST|WAFER SORT TEST|FINAL LOT RELEASE|SHIP LOT|FINAL CD INSPECTION|FINAL PARTICLE INSPECTION|PARAMETRIC TEST|SWITCHING TEST|WAFER SORT TEST|FINAL LOT RELEASE|SHIP LOT|FINAL CD INSPECTION|FINAL PARTICLE INSPECTION|PARAMETRIC TEST|SWITCHING TEST|FINAL LOT RELEASE|SHIP LOT|IMPLANT P BODY|BREAKDOWN VOLTAGE TEST|SWITCHING TEST|FINAL LOT RELEASE|SHIP LOT|FINAL CD INSPECTION|FINAL PARTICLE INSPECTION|PARAMETRIC TEST|SWITCHING TEST|FINAL LOT RELEASE|SHIP LOT|FINAL CD INSPECTION|FINAL PARTICLE INSPECTION|PARAMETRIC TEST|SWITCHING TEST|FINAL LOT RELEASE|SHIP LOT|FINAL CD INSPECTION
valid_0481,MEASURE VIA CD|DEPOSIT BARRIER METAL|DEPOSIT TUNGSTEN SEED|FILL VIA TUNGSTEN|CMP METAL|MEASURE VIA RESISTANCE|DEPOSIT METAL 1|ANNEAL METAL 1|SPIN COAT PHOTORESIST|SOFT BAKE|ALIGN MASK LEVEL 4|EXPOSE LITHO LEVEL 4|DEVELOP PHOTORESIST|METAL PATTERN INSPECTION|METAL ETCH DRY|STRIP RESIST|CLEAN AFTER METAL ETCH|MEASURE LINE WIDTH|DEPOSIT PASSIVATION|CURE PASSIVATION|MEASURE PASSIVATION QUALITY|OPEN BOND PAD WINDOW|OPEN PAD WINDOW LITHO|DEVELOP PAD WINDOW|PASSIVATION ETCH|STRIP RESIST|CLEAN PAD OPENING|MEASURE PAD OPENING|BACKSIDE THINNING CHECK|BACKSIDE CLEAN FINAL|DEPOSIT BACKSIDE PROTECTION|BACKSIDE ANNEAL|FRONTSIDE CLEAN FINAL|FINAL CLEAN|FINAL THICKNESS MEASURE|FINAL GEOMETRY CHECK|FINAL OXIDE CHECK|FINAL CD INSPECTION|FINAL PARTICLE INSPECTION|FINAL ELECTRICAL TEST PREP|PARAMETRIC TEST|LEAKAGE TEST|THRESHOLD VOLTAGE TEST|SWITCHING TEST|WAFER SORT TEST|YIELD ANALYSIS|LOT RELEASE|PACKAGE PREPARATION|SHIP LOT|FINAL OXIDE CHECK|FINAL CD INSPECTION|FINAL PARTICLE INSPECTION|PARAMETRIC TEST|SWITCHING TEST|WAFER SORT TEST|FINAL LOT RELEASE|PACKAGE PREPARATION|SHIP LOT|FINAL CD INSPECTION|FINAL PARTICLE INSPECTION|PARAMETRIC TEST|SWITCHING TEST|WAFER SORT TEST|FINAL LOT RELEASE|SHIP LOT|FINAL CD INSPECTION|FINAL PARTICLE INSPECTION|PARAMETRIC TEST|SWITCHING TEST|WAFER SORT TEST|FINAL LOT RELEASE|SHIP LOT|FINAL CD INSPECTION|FINAL PARTICLE INSPECTION|PARAMETRIC TEST|SWITCHING TEST|WAFER SORT TEST|FINAL LOT RELEASE|SHIP LOT|FINAL CD INSPECTION
valid_0482,OPEN BOND PAD WINDOW|OPEN PAD WINDOW LITHO|DEVELOP PAD WINDOW|PASSIVATION ETCH|STRIP RESIST|CLEAN PAD OPENING|MEASURE PAD OPENING|BACKSIDE THINNING CHECK|BACKSIDE CLEAN FINAL|DEPOSIT BACKSIDE PROTECTION|BACKSIDE ANNEAL|FRONTSIDE CLEAN FINAL|FINAL CLEAN|FINAL THICKNESS MEASURE|FINAL GEOMETRY CHECK|FINAL OXIDE CHECK|FINAL CD INSPECTION|FINAL PARTICLE INSPECTION|FINAL ELECTRICAL TEST PREP|PARAMETRIC TEST|LEAKAGE TEST|THRESHOLD VOLTAGE TEST|SWITCHING TEST|WAFER SORT TEST|YIELD ANALYSIS|LOT RELEASE|PACKAGE PREPARATION|SHIP LOT|FINAL CD INSPECTION|FINAL PARTICLE INSPECTION|PARAMETRIC TEST|SWITCHING TEST|WAFER SORT TEST|FINAL LOT RELEASE|SHIP LOT|FINAL CD INSPECTION|FINAL PARTICLE INSPECTION|PARAMETRIC TEST|SWITCHING TEST|WAFER SORT TEST|FINAL LOT RELEASE|SHIP LOT|FINAL CD INSPECTION|FINAL PARTICLE INSPECTION|PARAMETRIC TEST|SWITCHING TEST|WAFER SORT TEST|FINAL LOT RELEASE|SHIP LOT|FINAL CD INSPECTION|FINAL PARTICLE INSPECTION|PARAMETRIC TEST|SWITCHING TEST|WAFER SORT TEST|FINAL LOT RELEASE|SHIP LOT|FINAL CD INSPECTION|FINAL PARTICLE INSPECTION|PARAMETRIC TEST|SWITCHING TEST|FINAL LOT RELEASE|SHIP LOT|IMPLANT P BODY|BREAKDOWN VOLTAGE TEST|SWITCHING TEST|FINAL LOT RELEASE|SHIP LOT|FINAL CD INSPECTION|FINAL PARTICLE INSPECTION|PARAMETRIC TEST|SWITCHING TEST|FINAL LOT RELEASE|SHIP LOT|FINAL CD INSPECTION|FINAL PARTICLE INSPECTION|PARAMETRIC TEST|SWITCHING TEST|FINAL LOT RELEASE|SHIP LOT|FINAL CD INSPECTION
valid_0483,DEPOSIT TUNGSTEN SEED|FILL VIA TUNGSTEN|CMP METAL|MEASURE VIA RESISTANCE|DEPOSIT TOP METAL|ANNEAL METAL 1|SPIN COAT PHOTORESIST|SOFT BAKE|ALIGN MASK LEVEL 4|EXPOSE LITHO LEVEL 4|DEVELOP PHOTORESIST|METAL PATTERN INSPECTION|METAL ETCH DRY|STRIP PHOTORESIST|CLEAN AFTER METAL ETCH|MEASURE LINE WIDTH|DEPOSIT PASSIVATION|CURE PASSIVATION|MEASURE PASSIVATION QUALITY|OPEN BOND PAD WINDOW|OPEN PAD WINDOW LITHO|DEVELOP PAD WINDOW|PASSIVATION ETCH PAD OPENING|STRIP RESIST|CLEAN PAD OPENING|MEASURE PAD OPENING|BACKSIDE THINNING CHECK|BACKSIDE CLEAN FINAL|DEPOSIT BACKSIDE PROTECTION|BACKSIDE ANNEAL|FRONTSIDE CLEAN FINAL|FINAL CLEAN|FINAL THICKNESS MEASURE|FINAL GEOMETRY CHECK|FINAL OXIDE CHECK|FINAL CD INSPECTION|FINAL PARTICLE INSPECTION|FINAL ELECTRICAL TEST PREP|PARAMETRIC TEST|LEAKAGE TEST|THRESHOLD VOLTAGE TEST|SWITCHING TEST|WAFER SORT TEST|YIELD ANALYSIS|LOT RELEASE|PACKAGE PREPARATION|SHIP LOT|FINAL OXIDE CHECK|FINAL CD INSPECTION|FINAL PARTICLE INSPECTION|PARAMETRIC TEST|SWITCHING TEST|WAFER SORT TEST|FINAL LOT RELEASE|PACKAGE PREPARATION|SHIP LOT|FINAL CD INSPECTION|FINAL PARTICLE INSPECTION|PARAMETRIC TEST|SWITCHING TEST|WAFER SORT TEST|FINAL LOT RELEASE|SHIP LOT|FINAL CD INSPECTION|FINAL PARTICLE INSPECTION|PARAMETRIC TEST|SWITCHING TEST|WAFER SORT TEST|FINAL LOT RELEASE|SHIP LOT|FINAL CD INSPECTION|FINAL PARTICLE INSPECTION|PARAMETRIC TEST|SWITCHING TEST|WAFER SORT TEST|FINAL LOT RELEASE|SHIP LOT|FINAL CD INSPECTION|FINAL PARTICLE INSPECTION|PARAMETRIC TEST
valid_0484,DEVELOP PAD WINDOW|PASSIVATION ETCH PAD OPENING|STRIP RESIST|CLEAN PAD OPENING|MEASURE PAD OPENING|BACKSIDE THINNING CHECK|BACKSIDE CLEAN FINAL|DEPOSIT BACKSIDE PROTECTION|BACKSIDE ANNEAL|FRONTSIDE CLEAN FINAL|FINAL CLEAN|FINAL THICKNESS MEASURE|FINAL GEOMETRY CHECK|FINAL OXIDE CHECK|FINAL CD INSPECTION|FINAL PARTICLE INSPECTION|FINAL ELECTRICAL TEST PREP|PARAMETRIC TEST|LEAKAGE TEST|THRESHOLD VOLTAGE TEST|SWITCHING TEST|WAFER SORT TEST|YIELD ANALYSIS|LOT RELEASE|PACKAGE PREPARATION|SHIP LOT|FINAL OXIDE CHECK|FINAL CD INSPECTION|FINAL PARTICLE INSPECTION|PARAMETRIC TEST|SWITCHING TEST|WAFER SORT TEST|FINAL LOT RELEASE|PACKAGE PREPARATION|SHIP LOT|FINAL CD INSPECTION|FINAL PARTICLE INSPECTION|PARAMETRIC TEST|SWITCHING TEST|WAFER SORT TEST|FINAL LOT RELEASE|SHIP LOT|FINAL CD INSPECTION|FINAL PARTICLE INSPECTION|PARAMETRIC TEST|SWITCHING TEST|WAFER SORT TEST|FINAL LOT RELEASE|SHIP LOT|FINAL CD INSPECTION|FINAL PARTICLE INSPECTION|PARAMETRIC TEST|SWITCHING TEST|WAFER SORT TEST|FINAL LOT RELEASE|SHIP LOT|FINAL CD INSPECTION|FINAL PARTICLE INSPECTION|PARAMETRIC TEST|SWITCHING TEST|FINAL LOT RELEASE|SHIP LOT|IMPLANT P BODY|BREAKDOWN VOLTAGE TEST|SWITCHING TEST|FINAL LOT RELEASE|SHIP LOT|FINAL CD INSPECTION|FINAL PARTICLE INSPECTION|PARAMETRIC TEST|SWITCHING TEST|FINAL LOT RELEASE|SHIP LOT|FINAL CD INSPECTION|FINAL PARTICLE INSPECTION|PARAMETRIC TEST|SWITCHING TEST|FINAL LOT RELEASE|SHIP LOT|FINAL CD INSPECTION
valid_0485,DEPOSIT BARRIER METAL|DEPOSIT TUNGSTEN SEED|FILL VIA TUNGSTEN|CMP METAL|MEASURE VIA RESISTANCE|DEPOSIT TOP METAL|ANNEAL METAL 1|SPIN COAT PHOTORESIST|SOFT BAKE|ALIGN MASK LEVEL 4|EXPOSE LITHO LEVEL 4|DEVELOP PHOTORESIST|METAL PATTERN INSPECTION|METAL ETCH DRY|STRIP RESIST|CLEAN AFTER METAL ETCH|MEASURE LINE WIDTH|DEPOSIT PASSIVATION|CURE PASSIVATION|MEASURE PASSIVATION QUALITY|OPEN BOND PAD WINDOW|OPEN PAD WINDOW LITHO|DEVELOP PAD WINDOW|PASSIVATION ETCH|STRIP RESIST|CLEAN PAD OPENING|MEASURE PAD OPENING|BACKSIDE THINNING CHECK|BACKSIDE CLEAN FINAL|DEPOSIT BACKSIDE PROTECTION|BACKSIDE ANNEAL|FRONTSIDE CLEAN FINAL|FINAL CLEAN|FINAL THICKNESS MEASURE|FINAL GEOMETRY CHECK|FINAL OXIDE CHECK|FINAL CD INSPECTION|FINAL PARTICLE INSPECTION|FINAL ELECTRICAL TEST PREP|PARAMETRIC TEST|LEAKAGE TEST|THRESHOLD VOLTAGE TEST|SWITCHING TEST|WAFER SORT TEST|YIELD ANALYSIS|LOT RELEASE|PACKAGE PREPARATION|SHIP LOT|FINAL OXIDE CHECK|FINAL CD INSPECTION|FINAL PARTICLE INSPECTION|PARAMETRIC TEST|SWITCHING TEST|WAFER SORT TEST|FINAL LOT RELEASE|SHIP LOT|FINAL CD INSPECTION|FINAL PARTICLE INSPECTION|PARAMETRIC TEST|SWITCHING TEST|WAFER SORT TEST|FINAL LOT RELEASE|SHIP LOT|FINAL CD INSPECTION|FINAL PARTICLE INSPECTION|PARAMETRIC TEST|SWITCHING TEST|WAFER SORT TEST|FINAL LOT RELEASE|SHIP LOT|FINAL CD INSPECTION|FINAL PARTICLE INSPECTION|PARAMETRIC TEST|SWITCHING TEST|WAFER SORT TEST|FINAL LOT RELEASE|SHIP LOT|FINAL CD INSPECTION|FINAL PARTICLE INSPECTION|PARAMETRIC TEST
valid_0486,DEVELOP PAD WINDOW|PASSIVATION ETCH|STRIP RESIST|CLEAN PAD OPENING|MEASURE PAD OPENING|BACKSIDE THINNING CHECK|BACKSIDE CLEAN FINAL|DEPOSIT BACKSIDE PROTECTION|BACKSIDE ANNEAL|FRONTSIDE CLEAN FINAL|FINAL CLEAN|FINAL THICKNESS MEASURE|FINAL GEOMETRY CHECK|FINAL OXIDE CHECK|FINAL CD INSPECTION|FINAL PARTICLE INSPECTION|FINAL ELECTRICAL TEST PREP|PARAMETRIC TEST|LEAKAGE TEST|THRESHOLD VOLTAGE TEST|SWITCHING TEST|WAFER SORT TEST|YIELD ANALYSIS|LOT RELEASE|PACKAGE PREPARATION|SHIP LOT|FINAL OXIDE CHECK|FINAL CD INSPECTION|FINAL PARTICLE INSPECTION|PARAMETRIC TEST|SWITCHING TEST|WAFER SORT TEST|FINAL LOT RELEASE|SHIP LOT|FINAL CD INSPECTION|FINAL PARTICLE INSPECTION|PARAMETRIC TEST|SWITCHING TEST|WAFER SORT TEST|FINAL LOT RELEASE|SHIP LOT|FINAL CD INSPECTION|FINAL PARTICLE INSPECTION|PARAMETRIC TEST|SWITCHING TEST|WAFER SORT TEST|FINAL LOT RELEASE|SHIP LOT|FINAL CD INSPECTION|FINAL PARTICLE INSPECTION|PARAMETRIC TEST|SWITCHING TEST|WAFER SORT TEST|FINAL LOT RELEASE|SHIP LOT|FINAL CD INSPECTION|FINAL PARTICLE INSPECTION|PARAMETRIC TEST|SWITCHING TEST|FINAL LOT RELEASE|SHIP LOT|FINAL CD INSPECTION|FINAL PARTICLE INSPECTION|PARAMETRIC TEST|SWITCHING TEST|FINAL LOT RELEASE|SHIP LOT|FINAL CD INSPECTION|FINAL PARTICLE INSPECTION|PARAMETRIC TEST|LEAKAGE TEST|BREAKDOWN VOLTAGE TEST|SWITCHING TEST|FINAL LOT RELEASE|SHIP LOT|FINAL CD INSPECTION|FINAL PARTICLE INSPECTION|PARAMETRIC TEST|SWITCHING TEST|FINAL LOT RELEASE
valid_0487,CLEAN AFTER VIA ETCH|MEASURE VIA CD|DEPOSIT BARRIER METAL|DEPOSIT TUNGSTEN SEED|FILL VIA TUNGSTEN|CMP METAL|MEASURE VIA RESISTANCE|DEPOSIT METAL 1|ANNEAL METAL 1|SPIN COAT PHOTORESIST|SOFT BAKE|ALIGN MASK LEVEL 4|EXPOSE LITHO LEVEL 4|DEVELOP PHOTORESIST|METAL PATTERN INSPECTION|METAL ETCH DRY|STRIP PHOTORESIST|CLEAN AFTER METAL ETCH|MEASURE LINE WIDTH|DEPOSIT PASSIVATION|CURE PASSIVATION|MEASURE PASSIVATION QUALITY|OPEN BOND PAD WINDOW|OPEN PAD WINDOW LITHO|DEVELOP PAD WINDOW|PASSIVATION ETCH|STRIP RESIST|CLEAN PAD OPENING|MEASURE PAD OPENING|BACKSIDE THINNING CHECK|BACKSIDE CLEAN FINAL|DEPOSIT BACKSIDE PROTECTION|BACKSIDE ANNEAL|FRONTSIDE CLEAN FINAL|FINAL CLEAN|FINAL THICKNESS MEASURE|FINAL GEOMETRY CHECK|FINAL OXIDE CHECK|FINAL CD INSPECTION|FINAL PARTICLE INSPECTION|FINAL ELECTRICAL TEST PREP|PARAMETRIC TEST|LEAKAGE TEST|THRESHOLD VOLTAGE TEST|SWITCHING TEST|WAFER SORT TEST|YIELD ANALYSIS|LOT RELEASE|PACKAGE PREPARATION|SHIP LOT|FINAL OXIDE CHECK|FINAL CD INSPECTION|FINAL PARTICLE INSPECTION|PARAMETRIC TEST|SWITCHING TEST|WAFER SORT TEST|FINAL LOT RELEASE|PACKAGE PREPARATION|SHIP LOT|FINAL CD INSPECTION|FINAL PARTICLE INSPECTION|PARAMETRIC TEST|SWITCHING TEST|WAFER SORT TEST|FINAL LOT RELEASE|SHIP LOT|FINAL CD INSPECTION|FINAL PARTICLE INSPECTION|PARAMETRIC TEST|SWITCHING TEST|WAFER SORT TEST|FINAL LOT RELEASE|SHIP LOT|FINAL CD INSPECTION|FINAL PARTICLE INSPECTION|PARAMETRIC TEST|SWITCHING TEST|WAFER SORT TEST|FINAL LOT RELEASE|SHIP LOT
valid_0488,MEASURE PASSIVATION QUALITY|OPEN BOND PAD WINDOW|OPEN PAD WINDOW LITHO|DEVELOP PAD WINDOW|PASSIVATION ETCH|STRIP RESIST|CLEAN PAD OPENING|MEASURE PAD OPENING|BACKSIDE THINNING CHECK|BACKSIDE CLEAN FINAL|DEPOSIT BACKSIDE PROTECTION|BACKSIDE ANNEAL|FRONTSIDE CLEAN FINAL|FINAL CLEAN|FINAL THICKNESS MEASURE|FINAL GEOMETRY CHECK|FINAL OXIDE CHECK|FINAL CD INSPECTION|FINAL PARTICLE INSPECTION|FINAL ELECTRICAL TEST PREP|PARAMETRIC TEST|LEAKAGE TEST|THRESHOLD VOLTAGE TEST|SWITCHING TEST|WAFER SORT TEST|YIELD ANALYSIS|LOT RELEASE|PACKAGE PREPARATION|SHIP LOT|FINAL CD INSPECTION|FINAL PARTICLE INSPECTION|PARAMETRIC TEST|SWITCHING TEST|WAFER SORT TEST|FINAL LOT RELEASE|SHIP LOT|FINAL CD INSPECTION|FINAL PARTICLE INSPECTION|PARAMETRIC TEST|SWITCHING TEST|WAFER SORT TEST|FINAL LOT RELEASE|SHIP LOT|FINAL CD INSPECTION|FINAL PARTICLE INSPECTION|PARAMETRIC TEST|SWITCHING TEST|WAFER SORT TEST|FINAL LOT RELEASE|SHIP LOT|FINAL CD INSPECTION|FINAL PARTICLE INSPECTION|PARAMETRIC TEST|SWITCHING TEST|WAFER SORT TEST|FINAL LOT RELEASE|SHIP LOT|FINAL CD INSPECTION|FINAL PARTICLE INSPECTION|PARAMETRIC TEST|SWITCHING TEST|FINAL LOT RELEASE|SHIP LOT|IMPLANT P BODY|BREAKDOWN VOLTAGE TEST|SWITCHING TEST|FINAL LOT RELEASE|SHIP LOT|FINAL CD INSPECTION|FINAL PARTICLE INSPECTION|PARAMETRIC TEST|SWITCHING TEST|FINAL LOT RELEASE|SHIP LOT|FINAL CD INSPECTION|FINAL PARTICLE INSPECTION|PARAMETRIC TEST|SWITCHING TEST|FINAL LOT RELEASE|SHIP LOT
valid_0489,CLEAN AFTER VIA ETCH|MEASURE VIA CD|DEPOSIT BARRIER METAL|DEPOSIT TUNGSTEN SEED|FILL VIA TUNGSTEN|CMP METAL|MEASURE VIA RESISTANCE|DEPOSIT TOP METAL|ANNEAL METAL 1|SPIN COAT PHOTORESIST|SOFT BAKE|ALIGN MASK LEVEL 4|EXPOSE LITHO LEVEL 4|DEVELOP PHOTORESIST|METAL PATTERN INSPECTION|METAL ETCH DRY|STRIP RESIST|CLEAN AFTER METAL ETCH|MEASURE LINE WIDTH|DEPOSIT PASSIVATION|CURE PASSIVATION|MEASURE PASSIVATION QUALITY|OPEN BOND PAD WINDOW|OPEN PAD WINDOW LITHO|DEVELOP PAD WINDOW|PASSIVATION ETCH|STRIP RESIST|CLEAN PAD OPENING|MEASURE PAD OPENING|BACKSIDE THINNING CHECK|BACKSIDE CLEAN FINAL|DEPOSIT BACKSIDE PROTECTION|BACKSIDE ANNEAL|FRONTSIDE CLEAN FINAL|FINAL CLEAN|FINAL THICKNESS MEASURE|FINAL GEOMETRY CHECK|FINAL OXIDE CHECK|FINAL CD INSPECTION|FINAL PARTICLE INSPECTION|FINAL ELECTRICAL TEST PREP|PARAMETRIC TEST|LEAKAGE TEST|THRESHOLD VOLTAGE TEST|SWITCHING TEST|WAFER SORT TEST|YIELD ANALYSIS|LOT RELEASE|PACKAGE PREPARATION|SHIP LOT|FINAL CD INSPECTION|FINAL PARTICLE INSPECTION|PARAMETRIC TEST|SWITCHING TEST|WAFER SORT TEST|FINAL LOT RELEASE|SHIP LOT|FINAL CD INSPECTION|FINAL PARTICLE INSPECTION|PARAMETRIC TEST|SWITCHING TEST|WAFER SORT TEST|FINAL LOT RELEASE|SHIP LOT|FINAL CD INSPECTION|FINAL PARTICLE INSPECTION|PARAMETRIC TEST|SWITCHING TEST|WAFER SORT TEST|FINAL LOT RELEASE|SHIP LOT|FINAL CD INSPECTION|FINAL PARTICLE INSPECTION|PARAMETRIC TEST|SWITCHING TEST|WAFER SORT TEST|FINAL LOT RELEASE|SHIP LOT|FINAL CD INSPECTION|FINAL PARTICLE INSPECTION
valid_0490,OPEN BOND PAD WINDOW|OPEN PAD WINDOW LITHO|DEVELOP PAD WINDOW|PASSIVATION ETCH|STRIP RESIST|CLEAN PAD OPENING|MEASURE PAD OPENING|BACKSIDE THINNING CHECK|BACKSIDE CLEAN FINAL|DEPOSIT BACKSIDE PROTECTION|BACKSIDE ANNEAL|FRONTSIDE CLEAN FINAL|FINAL CLEAN|FINAL THICKNESS MEASURE|FINAL GEOMETRY CHECK|FINAL OXIDE CHECK|FINAL CD INSPECTION|FINAL PARTICLE INSPECTION|FINAL ELECTRICAL TEST PREP|PARAMETRIC TEST|LEAKAGE TEST|THRESHOLD VOLTAGE TEST|SWITCHING TEST|WAFER SORT TEST|YIELD ANALYSIS|LOT RELEASE|PACKAGE PREPARATION|SHIP LOT|FINAL OXIDE CHECK|FINAL CD INSPECTION|FINAL PARTICLE INSPECTION|PARAMETRIC TEST|SWITCHING TEST|WAFER SORT TEST|FINAL LOT RELEASE|SHIP LOT|FINAL CD INSPECTION|FINAL PARTICLE INSPECTION|PARAMETRIC TEST|SWITCHING TEST|WAFER SORT TEST|FINAL LOT RELEASE|SHIP LOT|FINAL CD INSPECTION|FINAL PARTICLE INSPECTION|PARAMETRIC TEST|SWITCHING TEST|WAFER SORT TEST|FINAL LOT RELEASE|SHIP LOT|FINAL CD INSPECTION|FINAL PARTICLE INSPECTION|PARAMETRIC TEST|SWITCHING TEST|WAFER SORT TEST|FINAL LOT RELEASE|SHIP LOT|FINAL CD INSPECTION|FINAL PARTICLE INSPECTION|PARAMETRIC TEST|SWITCHING TEST|FINAL LOT RELEASE|SHIP LOT|IMPLANT P BODY|BREAKDOWN VOLTAGE TEST|SWITCHING TEST|FINAL LOT RELEASE|SHIP LOT|FINAL CD INSPECTION|FINAL PARTICLE INSPECTION|PARAMETRIC TEST|SWITCHING TEST|FINAL LOT RELEASE|SHIP LOT|FINAL CD INSPECTION|FINAL PARTICLE INSPECTION|PARAMETRIC TEST|SWITCHING TEST|FINAL LOT RELEASE|SHIP LOT
valid_0491,STRIP PHOTORESIST|CLEAN AFTER VIA ETCH|MEASURE VIA CD|DEPOSIT BARRIER METAL|DEPOSIT TUNGSTEN SEED|FILL VIA TUNGSTEN|CMP METAL|MEASURE VIA RESISTANCE|DEPOSIT TOP METAL|ANNEAL METAL 1|SPIN COAT PHOTORESIST|SOFT BAKE|ALIGN MASK LEVEL 4|EXPOSE LITHO LEVEL 4|DEVELOP PHOTORESIST|METAL PATTERN INSPECTION|METAL ETCH DRY|STRIP RESIST|CLEAN AFTER METAL ETCH|MEASURE LINE WIDTH|DEPOSIT PASSIVATION|CURE PASSIVATION|MEASURE PASSIVATION QUALITY|OPEN BOND PAD WINDOW|OPEN PAD WINDOW LITHO|DEVELOP PAD WINDOW|PASSIVATION ETCH|STRIP RESIST|CLEAN PAD OPENING|MEASURE PAD OPENING|BACKSIDE THINNING CHECK|BACKSIDE CLEAN FINAL|DEPOSIT BACKSIDE PROTECTION|BACKSIDE ANNEAL|FRONTSIDE CLEAN FINAL|FINAL CLEAN|FINAL THICKNESS MEASURE|FINAL GEOMETRY CHECK|FINAL OXIDE CHECK|FINAL CD INSPECTION|FINAL PARTICLE INSPECTION|FINAL ELECTRICAL TEST PREP|PARAMETRIC TEST|LEAKAGE TEST|THRESHOLD VOLTAGE TEST|SWITCHING TEST|WAFER SORT TEST|YIELD ANALYSIS|LOT RELEASE|PACKAGE PREPARATION|SHIP LOT|FINAL CD INSPECTION|FINAL PARTICLE INSPECTION|PARAMETRIC TEST|SWITCHING TEST|WAFER SORT TEST|FINAL LOT RELEASE|PACKAGE PREPARATION|SHIP LOT|FINAL CD INSPECTION|FINAL PARTICLE INSPECTION|PARAMETRIC TEST|SWITCHING TEST|WAFER SORT TEST|FINAL LOT RELEASE|SHIP LOT|FINAL CD INSPECTION|FINAL PARTICLE INSPECTION|PARAMETRIC TEST|SWITCHING TEST|WAFER SORT TEST|FINAL LOT RELEASE|SHIP LOT|FINAL CD INSPECTION|FINAL PARTICLE INSPECTION|PARAMETRIC TEST|SWITCHING TEST|WAFER SORT TEST|FINAL LOT RELEASE|SHIP LOT
valid_0492,OPEN PAD WINDOW LITHO|DEVELOP PAD WINDOW|PASSIVATION ETCH|STRIP RESIST|CLEAN PAD OPENING|MEASURE PAD OPENING|BACKSIDE THINNING CHECK|BACKSIDE CLEAN FINAL|DEPOSIT BACKSIDE PROTECTION|BACKSIDE ANNEAL|FRONTSIDE CLEAN FINAL|FINAL CLEAN|FINAL THICKNESS MEASURE|FINAL GEOMETRY CHECK|FINAL OXIDE CHECK|FINAL CD INSPECTION|FINAL PARTICLE INSPECTION|FINAL ELECTRICAL TEST PREP|PARAMETRIC TEST|LEAKAGE TEST|THRESHOLD VOLTAGE TEST|SWITCHING TEST|WAFER SORT TEST|YIELD ANALYSIS|LOT RELEASE|PACKAGE PREPARATION|SHIP LOT|FINAL OXIDE CHECK|FINAL CD INSPECTION|FINAL PARTICLE INSPECTION|PARAMETRIC TEST|SWITCHING TEST|WAFER SORT TEST|FINAL LOT RELEASE|PACKAGE PREPARATION|SHIP LOT|FINAL CD INSPECTION|FINAL PARTICLE INSPECTION|PARAMETRIC TEST|SWITCHING TEST|WAFER SORT TEST|FINAL LOT RELEASE|SHIP LOT|FINAL CD INSPECTION|FINAL PARTICLE INSPECTION|PARAMETRIC TEST|SWITCHING TEST|WAFER SORT TEST|FINAL LOT RELEASE|SHIP LOT|FINAL CD INSPECTION|FINAL PARTICLE INSPECTION|PARAMETRIC TEST|SWITCHING TEST|WAFER SORT TEST|FINAL LOT RELEASE|SHIP LOT|FINAL CD INSPECTION|FINAL PARTICLE INSPECTION|PARAMETRIC TEST|SWITCHING TEST|FINAL LOT RELEASE|SHIP LOT|IMPLANT P BODY|BREAKDOWN VOLTAGE TEST|SWITCHING TEST|FINAL LOT RELEASE|SHIP LOT|FINAL CD INSPECTION|FINAL PARTICLE INSPECTION|PARAMETRIC TEST|SWITCHING TEST|FINAL LOT RELEASE|SHIP LOT|FINAL CD INSPECTION|FINAL PARTICLE INSPECTION|PARAMETRIC TEST|SWITCHING TEST|FINAL LOT RELEASE|SHIP LOT
valid_0493,MEASURE VIA CD|DEPOSIT BARRIER METAL|DEPOSIT TUNGSTEN SEED|FILL VIA TUNGSTEN|CMP METAL|MEASURE VIA RESISTANCE|DEPOSIT TOP METAL|ANNEAL METAL 1|SPIN COAT PHOTORESIST|SOFT BAKE|ALIGN MASK LEVEL 4|EXPOSE LITHO LEVEL 4|DEVELOP PHOTORESIST|METAL PATTERN INSPECTION|METAL ETCH DRY|STRIP RESIST|CLEAN AFTER METAL ETCH|MEASURE LINE WIDTH|DEPOSIT PASSIVATION|CURE PASSIVATION|MEASURE PASSIVATION QUALITY|OPEN BOND PAD WINDOW|OPEN PAD WINDOW LITHO|DEVELOP PAD WINDOW|PASSIVATION ETCH PAD OPENING|STRIP RESIST|CLEAN PAD OPENING|MEASURE PAD OPENING|BACKSIDE THINNING CHECK|BACKSIDE CLEAN FINAL|DEPOSIT BACKSIDE PROTECTION|BACKSIDE ANNEAL|FRONTSIDE CLEAN FINAL|FINAL CLEAN|FINAL THICKNESS MEASURE|FINAL GEOMETRY CHECK|FINAL OXIDE CHECK|FINAL CD INSPECTION|FINAL PARTICLE INSPECTION|FINAL ELECTRICAL TEST PREP|PARAMETRIC TEST|LEAKAGE TEST|THRESHOLD VOLTAGE TEST|SWITCHING TEST|WAFER SORT TEST|YIELD ANALYSIS|LOT RELEASE|PACKAGE PREPARATION|SHIP LOT|FINAL OXIDE CHECK|FINAL CD INSPECTION|FINAL PARTICLE INSPECTION|PARAMETRIC TEST|SWITCHING TEST|WAFER SORT TEST|FINAL LOT RELEASE|PACKAGE PREPARATION|SHIP LOT|FINAL CD INSPECTION|FINAL PARTICLE INSPECTION|PARAMETRIC TEST|SWITCHING TEST|WAFER SORT TEST|FINAL LOT RELEASE|SHIP LOT|FINAL CD INSPECTION|FINAL PARTICLE INSPECTION|PARAMETRIC TEST|SWITCHING TEST|WAFER SORT TEST|FINAL LOT RELEASE|SHIP LOT|FINAL CD INSPECTION|FINAL PARTICLE INSPECTION|PARAMETRIC TEST|SWITCHING TEST|WAFER SORT TEST|FINAL LOT RELEASE|SHIP LOT|FINAL CD INSPECTION
valid_0494,OPEN PAD WINDOW LITHO|DEVELOP PAD WINDOW|PASSIVATION ETCH|STRIP RESIST|CLEAN PAD OPENING|MEASURE PAD OPENING|BACKSIDE THINNING CHECK|BACKSIDE CLEAN FINAL|DEPOSIT BACKSIDE PROTECTION|BACKSIDE ANNEAL|FRONTSIDE CLEAN FINAL|FINAL CLEAN|FINAL THICKNESS MEASURE|FINAL GEOMETRY CHECK|FINAL OXIDE CHECK|FINAL CD INSPECTION|FINAL PARTICLE INSPECTION|FINAL ELECTRICAL TEST PREP|PARAMETRIC TEST|LEAKAGE TEST|THRESHOLD VOLTAGE TEST|SWITCHING TEST|WAFER SORT TEST|YIELD ANALYSIS|LOT RELEASE|PACKAGE PREPARATION|SHIP LOT|FINAL CD INSPECTION|FINAL PARTICLE INSPECTION|PARAMETRIC TEST|SWITCHING TEST|WAFER SORT TEST|FINAL LOT RELEASE|PACKAGE PREPARATION|SHIP LOT|FINAL CD INSPECTION|FINAL PARTICLE INSPECTION|PARAMETRIC TEST|SWITCHING TEST|WAFER SORT TEST|FINAL LOT RELEASE|SHIP LOT|FINAL CD INSPECTION|FINAL PARTICLE INSPECTION|PARAMETRIC TEST|SWITCHING TEST|WAFER SORT TEST|FINAL LOT RELEASE|SHIP LOT|FINAL CD INSPECTION|FINAL PARTICLE INSPECTION|PARAMETRIC TEST|SWITCHING TEST|WAFER SORT TEST|FINAL LOT RELEASE|SHIP LOT|FINAL CD INSPECTION|FINAL PARTICLE INSPECTION|PARAMETRIC TEST|SWITCHING TEST|FINAL LOT RELEASE|SHIP LOT|IMPLANT P BODY|BREAKDOWN VOLTAGE TEST|SWITCHING TEST|FINAL LOT RELEASE|SHIP LOT|FINAL CD INSPECTION|FINAL PARTICLE INSPECTION|PARAMETRIC TEST|SWITCHING TEST|FINAL LOT RELEASE|SHIP LOT|FINAL CD INSPECTION|FINAL PARTICLE INSPECTION|PARAMETRIC TEST|SWITCHING TEST|FINAL LOT RELEASE|SHIP LOT|FINAL CD INSPECTION
valid_0495,CLEAN AFTER VIA ETCH|MEASURE VIA CD|DEPOSIT BARRIER METAL|DEPOSIT TUNGSTEN SEED|FILL VIA TUNGSTEN|CMP METAL|MEASURE VIA RESISTANCE|DEPOSIT TOP METAL|ANNEAL METAL 1|SPIN COAT PHOTORESIST|SOFT BAKE|ALIGN MASK LEVEL 4|EXPOSE LITHO LEVEL 4|DEVELOP PHOTORESIST|METAL PATTERN INSPECTION|METAL ETCH DRY|STRIP RESIST|CLEAN AFTER METAL ETCH|MEASURE LINE WIDTH|DEPOSIT PASSIVATION|CURE PASSIVATION|MEASURE PASSIVATION QUALITY|OPEN BOND PAD WINDOW|OPEN PAD WINDOW LITHO|DEVELOP PAD WINDOW|PASSIVATION ETCH|STRIP RESIST|CLEAN PAD OPENING|MEASURE PAD OPENING|BACKSIDE THINNING CHECK|BACKSIDE CLEAN FINAL|DEPOSIT BACKSIDE PROTECTION|BACKSIDE ANNEAL|FRONTSIDE CLEAN FINAL|FINAL CLEAN|FINAL THICKNESS MEASURE|FINAL GEOMETRY CHECK|FINAL OXIDE CHECK|FINAL CD INSPECTION|FINAL PARTICLE INSPECTION|FINAL ELECTRICAL TEST PREP|PARAMETRIC TEST|LEAKAGE TEST|THRESHOLD VOLTAGE TEST|SWITCHING TEST|WAFER SORT TEST|YIELD ANALYSIS|LOT RELEASE|PACKAGE PREPARATION|SHIP LOT|FINAL CD INSPECTION|FINAL PARTICLE INSPECTION|PARAMETRIC TEST|SWITCHING TEST|WAFER SORT TEST|FINAL LOT RELEASE|SHIP LOT|FINAL CD INSPECTION|FINAL PARTICLE INSPECTION|PARAMETRIC TEST|SWITCHING TEST|WAFER SORT TEST|FINAL LOT RELEASE|SHIP LOT|FINAL CD INSPECTION|FINAL PARTICLE INSPECTION|PARAMETRIC TEST|SWITCHING TEST|WAFER SORT TEST|FINAL LOT RELEASE|SHIP LOT|FINAL CD INSPECTION|FINAL PARTICLE INSPECTION|PARAMETRIC TEST|SWITCHING TEST|WAFER SORT TEST|FINAL LOT RELEASE|SHIP LOT|FINAL CD INSPECTION|FINAL PARTICLE INSPECTION
valid_0496,MEASURE PASSIVATION QUALITY|OPEN BOND PAD WINDOW|OPEN PAD WINDOW LITHO|DEVELOP PAD WINDOW|PASSIVATION ETCH|STRIP RESIST|CLEAN PAD OPENING|MEASURE PAD OPENING|BACKSIDE THINNING CHECK|BACKSIDE CLEAN FINAL|DEPOSIT BACKSIDE PROTECTION|BACKSIDE ANNEAL|FRONTSIDE CLEAN FINAL|FINAL CLEAN|FINAL THICKNESS MEASURE|FINAL GEOMETRY CHECK|FINAL OXIDE CHECK|FINAL CD INSPECTION|FINAL PARTICLE INSPECTION|FINAL ELECTRICAL TEST PREP|PARAMETRIC TEST|LEAKAGE TEST|THRESHOLD VOLTAGE TEST|SWITCHING TEST|WAFER SORT TEST|YIELD ANALYSIS|FINAL LOT RELEASE|PACKAGE PREPARATION|SHIP LOT|FINAL OXIDE CHECK|FINAL CD INSPECTION|FINAL PARTICLE INSPECTION|PARAMETRIC TEST|SWITCHING TEST|WAFER SORT TEST|FINAL LOT RELEASE|SHIP LOT|FINAL CD INSPECTION|FINAL PARTICLE INSPECTION|PARAMETRIC TEST|SWITCHING TEST|WAFER SORT TEST|FINAL LOT RELEASE|SHIP LOT|FINAL CD INSPECTION|FINAL PARTICLE INSPECTION|PARAMETRIC TEST|SWITCHING TEST|WAFER SORT TEST|FINAL LOT RELEASE|SHIP LOT|FINAL CD INSPECTION|FINAL PARTICLE INSPECTION|PARAMETRIC TEST|SWITCHING TEST|WAFER SORT TEST|FINAL LOT RELEASE|SHIP LOT|FINAL CD INSPECTION|FINAL PARTICLE INSPECTION|PARAMETRIC TEST|SWITCHING TEST|FINAL LOT RELEASE|SHIP LOT|IMPLANT P BODY|BREAKDOWN VOLTAGE TEST|SWITCHING TEST|FINAL LOT RELEASE|SHIP LOT|FINAL CD INSPECTION|FINAL PARTICLE INSPECTION|PARAMETRIC TEST|SWITCHING TEST|FINAL LOT RELEASE|SHIP LOT|FINAL CD INSPECTION|FINAL PARTICLE INSPECTION|PARAMETRIC TEST|SWITCHING TEST|FINAL LOT RELEASE
valid_0497,MEASURE VIA CD|DEPOSIT BARRIER METAL|DEPOSIT TUNGSTEN SEED|FILL VIA TUNGSTEN|CMP METAL|MEASURE VIA RESISTANCE|DEPOSIT METAL 1|ANNEAL METAL 1|SPIN COAT PHOTORESIST|SOFT BAKE|ALIGN MASK LEVEL 4|EXPOSE LITHO LEVEL 4|DEVELOP PHOTORESIST|METAL PATTERN INSPECTION|METAL ETCH DRY|STRIP RESIST|CLEAN AFTER METAL ETCH|MEASURE LINE WIDTH|DEPOSIT PASSIVATION|CURE PASSIVATION|MEASURE PASSIVATION QUALITY|OPEN BOND PAD WINDOW|OPEN PAD WINDOW LITHO|DEVELOP PAD WINDOW|PASSIVATION ETCH PAD OPENING|STRIP RESIST|CLEAN PAD OPENING|MEASURE PAD OPENING|BACKSIDE THINNING CHECK|BACKSIDE CLEAN FINAL|DEPOSIT BACKSIDE PROTECTION|BACKSIDE ANNEAL|FRONTSIDE CLEAN FINAL|FINAL CLEAN|FINAL THICKNESS MEASURE|FINAL GEOMETRY CHECK|FINAL OXIDE CHECK|FINAL CD INSPECTION|FINAL PARTICLE INSPECTION|FINAL ELECTRICAL TEST PREP|PARAMETRIC TEST|LEAKAGE TEST|THRESHOLD VOLTAGE TEST|SWITCHING TEST|WAFER SORT TEST|YIELD ANALYSIS|LOT RELEASE|PACKAGE PREPARATION|SHIP LOT|FINAL OXIDE CHECK|FINAL CD INSPECTION|FINAL PARTICLE INSPECTION|PARAMETRIC TEST|SWITCHING TEST|WAFER SORT TEST|FINAL LOT RELEASE|PACKAGE PREPARATION|SHIP LOT|FINAL CD INSPECTION|FINAL PARTICLE INSPECTION|PARAMETRIC TEST|SWITCHING TEST|WAFER SORT TEST|FINAL LOT RELEASE|SHIP LOT|FINAL CD INSPECTION|FINAL PARTICLE INSPECTION|PARAMETRIC TEST|SWITCHING TEST|WAFER SORT TEST|FINAL LOT RELEASE|SHIP LOT|FINAL CD INSPECTION|FINAL PARTICLE INSPECTION|PARAMETRIC TEST|SWITCHING TEST|WAFER SORT TEST|FINAL LOT RELEASE|SHIP LOT|FINAL CD INSPECTION
valid_0498,DEVELOP PAD WINDOW|PASSIVATION ETCH PAD OPENING|STRIP RESIST|CLEAN PAD OPENING|MEASURE PAD OPENING|BACKSIDE THINNING CHECK|BACKSIDE CLEAN FINAL|DEPOSIT BACKSIDE PROTECTION|BACKSIDE ANNEAL|FRONTSIDE CLEAN FINAL|FINAL CLEAN|FINAL THICKNESS MEASURE|FINAL GEOMETRY CHECK|FINAL OXIDE CHECK|FINAL CD INSPECTION|FINAL PARTICLE INSPECTION|FINAL ELECTRICAL TEST PREP|PARAMETRIC TEST|LEAKAGE TEST|THRESHOLD VOLTAGE TEST|SWITCHING TEST|WAFER SORT TEST|YIELD ANALYSIS|LOT RELEASE|PACKAGE PREPARATION|SHIP LOT|FINAL OXIDE CHECK|FINAL CD INSPECTION|FINAL PARTICLE INSPECTION|PARAMETRIC TEST|SWITCHING TEST|WAFER SORT TEST|FINAL LOT RELEASE|PACKAGE PREPARATION|SHIP LOT|FINAL CD INSPECTION|FINAL PARTICLE INSPECTION|PARAMETRIC TEST|SWITCHING TEST|WAFER SORT TEST|FINAL LOT RELEASE|SHIP LOT|FINAL CD INSPECTION|FINAL PARTICLE INSPECTION|PARAMETRIC TEST|SWITCHING TEST|WAFER SORT TEST|FINAL LOT RELEASE|SHIP LOT|FINAL CD INSPECTION|FINAL PARTICLE INSPECTION|PARAMETRIC TEST|SWITCHING TEST|WAFER SORT TEST|FINAL LOT RELEASE|SHIP LOT|FINAL CD INSPECTION|FINAL PARTICLE INSPECTION|PARAMETRIC TEST|SWITCHING TEST|WAFER SORT TEST|FINAL LOT RELEASE|SHIP LOT|IMPLANT P BODY|BREAKDOWN VOLTAGE TEST|SWITCHING TEST|FINAL LOT RELEASE|SHIP LOT|FINAL CD INSPECTION|FINAL PARTICLE INSPECTION|PARAMETRIC TEST|SWITCHING TEST|FINAL LOT RELEASE|SHIP LOT|FINAL CD INSPECTION|FINAL PARTICLE INSPECTION|PARAMETRIC TEST|LEAKAGE TEST|BREAKDOWN VOLTAGE TEST|SWITCHING TEST
valid_0499,CLEAN AFTER VIA ETCH|MEASURE VIA CD|DEPOSIT BARRIER METAL|DEPOSIT TUNGSTEN SEED|FILL VIA TUNGSTEN|CMP METAL|MEASURE VIA RESISTANCE|DEPOSIT TOP METAL|ANNEAL METAL 1|SPIN COAT PHOTORESIST|SOFT BAKE|ALIGN MASK LEVEL 4|EXPOSE LITHO LEVEL 4|DEVELOP PHOTORESIST|METAL PATTERN INSPECTION|METAL ETCH DRY|STRIP RESIST|CLEAN AFTER METAL ETCH|MEASURE LINE WIDTH|DEPOSIT PASSIVATION|CURE PASSIVATION|MEASURE PASSIVATION QUALITY|OPEN BOND PAD WINDOW|OPEN PAD WINDOW LITHO|DEVELOP PAD WINDOW|PASSIVATION ETCH|STRIP RESIST|CLEAN PAD OPENING|MEASURE PAD OPENING|BACKSIDE THINNING CHECK|BACKSIDE CLEAN FINAL|DEPOSIT BACKSIDE PROTECTION|BACKSIDE ANNEAL|FRONTSIDE CLEAN FINAL|FINAL CLEAN|FINAL THICKNESS MEASURE|FINAL GEOMETRY CHECK|FINAL OXIDE CHECK|FINAL CD INSPECTION|FINAL PARTICLE INSPECTION|FINAL ELECTRICAL TEST PREP|PARAMETRIC TEST|LEAKAGE TEST|THRESHOLD VOLTAGE TEST|SWITCHING TEST|WAFER SORT TEST|YIELD ANALYSIS|LOT RELEASE|PACKAGE PREPARATION|SHIP LOT|FINAL CD INSPECTION|FINAL PARTICLE INSPECTION|PARAMETRIC TEST|SWITCHING TEST|WAFER SORT TEST|FINAL LOT RELEASE|SHIP LOT|FINAL CD INSPECTION|FINAL PARTICLE INSPECTION|PARAMETRIC TEST|SWITCHING TEST|WAFER SORT TEST|FINAL LOT RELEASE|SHIP LOT|FINAL CD INSPECTION|FINAL PARTICLE INSPECTION|PARAMETRIC TEST|SWITCHING TEST|WAFER SORT TEST|FINAL LOT RELEASE|SHIP LOT|FINAL CD INSPECTION|FINAL PARTICLE INSPECTION|PARAMETRIC TEST|SWITCHING TEST|WAFER SORT TEST|FINAL LOT RELEASE|SHIP LOT|FINAL CD INSPECTION|FINAL PARTICLE INSPECTION
valid_0500,OPEN PAD WINDOW LITHO|DEVELOP PAD WINDOW|PASSIVATION ETCH|STRIP RESIST|CLEAN PAD OPENING|MEASURE PAD OPENING|BACKSIDE THINNING CHECK|BACKSIDE CLEAN FINAL|DEPOSIT BACKSIDE PROTECTION|BACKSIDE ANNEAL|FRONTSIDE CLEAN FINAL|FINAL CLEAN|FINAL THICKNESS MEASURE|FINAL GEOMETRY CHECK|FINAL OXIDE CHECK|FINAL CD INSPECTION|FINAL PARTICLE INSPECTION|FINAL ELECTRICAL TEST PREP|PARAMETRIC TEST|LEAKAGE TEST|THRESHOLD VOLTAGE TEST|SWITCHING TEST|WAFER SORT TEST|YIELD ANALYSIS|LOT RELEASE|PACKAGE PREPARATION|SHIP LOT|FINAL CD INSPECTION|FINAL PARTICLE INSPECTION|PARAMETRIC TEST|SWITCHING TEST|WAFER SORT TEST|FINAL LOT RELEASE|SHIP LOT|FINAL CD INSPECTION|FINAL PARTICLE INSPECTION|PARAMETRIC TEST|SWITCHING TEST|WAFER SORT TEST|FINAL LOT RELEASE|SHIP LOT|FINAL CD INSPECTION|FINAL PARTICLE INSPECTION|PARAMETRIC TEST|SWITCHING TEST|WAFER SORT TEST|FINAL LOT RELEASE|SHIP LOT|FINAL CD INSPECTION|FINAL PARTICLE INSPECTION|PARAMETRIC TEST|SWITCHING TEST|WAFER SORT TEST|FINAL LOT RELEASE|SHIP LOT|FINAL CD INSPECTION|FINAL PARTICLE INSPECTION|PARAMETRIC TEST|SWITCHING TEST|FINAL LOT RELEASE|SHIP LOT|IMPLANT P BODY|BREAKDOWN VOLTAGE TEST|SWITCHING TEST|FINAL LOT RELEASE|SHIP LOT|FINAL CD INSPECTION|FINAL PARTICLE INSPECTION|PARAMETRIC TEST|SWITCHING TEST|FINAL LOT RELEASE|SHIP LOT|FINAL CD INSPECTION|FINAL PARTICLE INSPECTION|PARAMETRIC TEST|SWITCHING TEST|FINAL LOT RELEASE|SHIP LOT|FINAL CD INSPECTION|FINAL PARTICLE INSPECTION
valid_0501,CLEAN AFTER VIA ETCH|MEASURE VIA CD|DEPOSIT BARRIER METAL|DEPOSIT TUNGSTEN SEED|FILL VIA TUNGSTEN|CMP METAL|MEASURE VIA RESISTANCE|DEPOSIT TOP METAL|ANNEAL METAL 1|SPIN COAT PHOTORESIST|SOFT BAKE|ALIGN MASK LEVEL 4|EXPOSE LITHO LEVEL 4|DEVELOP PHOTORESIST|METAL PATTERN INSPECTION|METAL ETCH DRY|STRIP RESIST|CLEAN AFTER METAL ETCH|MEASURE LINE WIDTH|DEPOSIT PASSIVATION|CURE PASSIVATION|MEASURE PASSIVATION QUALITY|OPEN BOND PAD WINDOW|OPEN PAD WINDOW LITHO|DEVELOP PAD WINDOW|PASSIVATION ETCH|STRIP RESIST|CLEAN PAD OPENING|MEASURE PAD OPENING|BACKSIDE THINNING CHECK|BACKSIDE CLEAN FINAL|DEPOSIT BACKSIDE PROTECTION|BACKSIDE ANNEAL|FRONTSIDE CLEAN FINAL|FINAL CLEAN|FINAL THICKNESS MEASURE|FINAL GEOMETRY CHECK|FINAL OXIDE CHECK|FINAL CD INSPECTION|FINAL PARTICLE INSPECTION|FINAL ELECTRICAL TEST PREP|PARAMETRIC TEST|LEAKAGE TEST|THRESHOLD VOLTAGE TEST|SWITCHING TEST|WAFER SORT TEST|YIELD ANALYSIS|LOT RELEASE|PACKAGE PREPARATION|SHIP LOT|FINAL CD INSPECTION|FINAL PARTICLE INSPECTION|PARAMETRIC TEST|SWITCHING TEST|WAFER SORT TEST|FINAL LOT RELEASE|SHIP LOT|FINAL CD INSPECTION|FINAL PARTICLE INSPECTION|PARAMETRIC TEST|SWITCHING TEST|WAFER SORT TEST|FINAL LOT RELEASE|SHIP LOT|FINAL CD INSPECTION|FINAL PARTICLE INSPECTION|PARAMETRIC TEST|SWITCHING TEST|WAFER SORT TEST|FINAL LOT RELEASE|SHIP LOT|FINAL CD INSPECTION|FINAL PARTICLE INSPECTION|PARAMETRIC TEST|SWITCHING TEST|WAFER SORT TEST|FINAL LOT RELEASE|SHIP LOT|FINAL CD INSPECTION|FINAL PARTICLE INSPECTION
valid_0502,OPEN PAD WINDOW LITHO|DEVELOP PAD WINDOW|PASSIVATION ETCH|STRIP RESIST|CLEAN PAD OPENING|MEASURE PAD OPENING|BACKSIDE THINNING CHECK|BACKSIDE CLEAN FINAL|DEPOSIT BACKSIDE PROTECTION|BACKSIDE ANNEAL|FRONTSIDE CLEAN FINAL|FINAL CLEAN|FINAL THICKNESS MEASURE|FINAL GEOMETRY CHECK|FINAL OXIDE CHECK|FINAL CD INSPECTION|FINAL PARTICLE INSPECTION|FINAL ELECTRICAL TEST PREP|PARAMETRIC TEST|LEAKAGE TEST|THRESHOLD VOLTAGE TEST|SWITCHING TEST|WAFER SORT TEST|YIELD ANALYSIS|LOT RELEASE|PACKAGE PREPARATION|SHIP LOT|FINAL OXIDE CHECK|FINAL CD INSPECTION|FINAL PARTICLE INSPECTION|PARAMETRIC TEST|SWITCHING TEST|WAFER SORT TEST|FINAL LOT RELEASE|SHIP LOT|FINAL CD INSPECTION|FINAL PARTICLE INSPECTION|PARAMETRIC TEST|SWITCHING TEST|WAFER SORT TEST|FINAL LOT RELEASE|SHIP LOT|FINAL CD INSPECTION|FINAL PARTICLE INSPECTION|PARAMETRIC TEST|SWITCHING TEST|WAFER SORT TEST|FINAL LOT RELEASE|SHIP LOT|FINAL CD INSPECTION|FINAL PARTICLE INSPECTION|PARAMETRIC TEST|SWITCHING TEST|WAFER SORT TEST|FINAL LOT RELEASE|SHIP LOT|FINAL CD INSPECTION|FINAL PARTICLE INSPECTION|PARAMETRIC TEST|SWITCHING TEST|FINAL LOT RELEASE|SHIP LOT|IMPLANT P BODY|BREAKDOWN VOLTAGE TEST|SWITCHING TEST|FINAL LOT RELEASE|SHIP LOT|FINAL CD INSPECTION|FINAL PARTICLE INSPECTION|PARAMETRIC TEST|SWITCHING TEST|FINAL LOT RELEASE|SHIP LOT|FINAL CD INSPECTION|FINAL PARTICLE INSPECTION|PARAMETRIC TEST|SWITCHING TEST|FINAL LOT RELEASE|SHIP LOT|FINAL CD INSPECTION
valid_0503,DEPOSIT BARRIER METAL|DEPOSIT TUNGSTEN SEED|FILL VIA TUNGSTEN|CMP METAL|MEASURE VIA RESISTANCE|DEPOSIT METAL 1|ANNEAL METAL 1|SPIN COAT PHOTORESIST|SOFT BAKE|ALIGN MASK LEVEL 4|EXPOSE LITHO LEVEL 4|DEVELOP PHOTORESIST|METAL PATTERN INSPECTION|METAL ETCH DRY|STRIP RESIST|CLEAN AFTER METAL ETCH|MEASURE LINE WIDTH|DEPOSIT PASSIVATION|CURE PASSIVATION|MEASURE PASSIVATION QUALITY|OPEN BOND PAD WINDOW|OPEN PAD WINDOW LITHO|DEVELOP PAD WINDOW|PASSIVATION ETCH|STRIP RESIST|CLEAN PAD OPENING|MEASURE PAD OPENING|BACKSIDE THINNING CHECK|BACKSIDE CLEAN FINAL|DEPOSIT BACKSIDE PROTECTION|BACKSIDE ANNEAL|FRONTSIDE CLEAN FINAL|FINAL CLEAN|FINAL THICKNESS MEASURE|FINAL GEOMETRY CHECK|FINAL OXIDE CHECK|FINAL CD INSPECTION|FINAL PARTICLE INSPECTION|FINAL ELECTRICAL TEST PREP|PARAMETRIC TEST|LEAKAGE TEST|THRESHOLD VOLTAGE TEST|SWITCHING TEST|WAFER SORT TEST|YIELD ANALYSIS|LOT RELEASE|PACKAGE PREPARATION|SHIP LOT|FINAL OXIDE CHECK|FINAL CD INSPECTION|FINAL PARTICLE INSPECTION|PARAMETRIC TEST|SWITCHING TEST|WAFER SORT TEST|FINAL LOT RELEASE|PACKAGE PREPARATION|SHIP LOT|FINAL CD INSPECTION|FINAL PARTICLE INSPECTION|PARAMETRIC TEST|SWITCHING TEST|WAFER SORT TEST|FINAL LOT RELEASE|SHIP LOT|FINAL CD INSPECTION|FINAL PARTICLE INSPECTION|PARAMETRIC TEST|SWITCHING TEST|WAFER SORT TEST|FINAL LOT RELEASE|SHIP LOT|FINAL CD INSPECTION|FINAL PARTICLE INSPECTION|PARAMETRIC TEST|SWITCHING TEST|WAFER SORT TEST|FINAL LOT RELEASE|SHIP LOT|FINAL CD INSPECTION|FINAL PARTICLE INSPECTION
valid_0504,PASSIVATION ETCH|STRIP RESIST|CLEAN PAD OPENING|MEASURE PAD OPENING|BACKSIDE THINNING CHECK|BACKSIDE CLEAN FINAL|DEPOSIT BACKSIDE PROTECTION|BACKSIDE ANNEAL|FRONTSIDE CLEAN FINAL|FINAL CLEAN|FINAL THICKNESS MEASURE|FINAL GEOMETRY CHECK|FINAL OXIDE CHECK|FINAL CD INSPECTION|FINAL PARTICLE INSPECTION|FINAL ELECTRICAL TEST PREP|PARAMETRIC TEST|LEAKAGE TEST|THRESHOLD VOLTAGE TEST|SWITCHING TEST|WAFER SORT TEST|YIELD ANALYSIS|LOT RELEASE|PACKAGE PREPARATION|SHIP LOT|FINAL OXIDE CHECK|FINAL CD INSPECTION|FINAL PARTICLE INSPECTION|PARAMETRIC TEST|SWITCHING TEST|WAFER SORT TEST|FINAL LOT RELEASE|PACKAGE PREPARATION|SHIP LOT|FINAL CD INSPECTION|FINAL PARTICLE INSPECTION|PARAMETRIC TEST|SWITCHING TEST|WAFER SORT TEST|FINAL LOT RELEASE|SHIP LOT|FINAL CD INSPECTION|FINAL PARTICLE INSPECTION|PARAMETRIC TEST|SWITCHING TEST|WAFER SORT TEST|FINAL LOT RELEASE|SHIP LOT|FINAL CD INSPECTION|FINAL PARTICLE INSPECTION|PARAMETRIC TEST|SWITCHING TEST|WAFER SORT TEST|FINAL LOT RELEASE|SHIP LOT|FINAL CD INSPECTION|FINAL PARTICLE INSPECTION|PARAMETRIC TEST|SWITCHING TEST|FINAL LOT RELEASE|SHIP LOT|IMPLANT P BODY|BREAKDOWN VOLTAGE TEST|SWITCHING TEST|FINAL LOT RELEASE|SHIP LOT|FINAL CD INSPECTION|FINAL PARTICLE INSPECTION|PARAMETRIC TEST|SWITCHING TEST|FINAL LOT RELEASE|SHIP LOT|FINAL CD INSPECTION|FINAL PARTICLE INSPECTION|PARAMETRIC TEST|SWITCHING TEST|FINAL LOT RELEASE|SHIP LOT|FINAL CD INSPECTION|FINAL PARTICLE INSPECTION
valid_0505,STRIP PHOTORESIST|CLEAN AFTER VIA ETCH|MEASURE VIA CD|DEPOSIT BARRIER METAL|DEPOSIT TUNGSTEN SEED|FILL VIA TUNGSTEN|CMP METAL|MEASURE VIA RESISTANCE|DEPOSIT TOP METAL|ANNEAL METAL 1|SPIN COAT PHOTORESIST|SOFT BAKE|ALIGN MASK LEVEL 4|EXPOSE LITHO LEVEL 4|DEVELOP PHOTORESIST|METAL PATTERN INSPECTION|METAL ETCH DRY|STRIP RESIST|CLEAN AFTER METAL ETCH|MEASURE LINE WIDTH|DEPOSIT PASSIVATION|CURE PASSIVATION|MEASURE PASSIVATION QUALITY|OPEN BOND PAD WINDOW|OPEN PAD WINDOW LITHO|DEVELOP PAD WINDOW|PASSIVATION ETCH PAD OPENING|STRIP RESIST|CLEAN PAD OPENING|MEASURE PAD OPENING|BACKSIDE THINNING CHECK|BACKSIDE CLEAN FINAL|DEPOSIT BACKSIDE PROTECTION|BACKSIDE ANNEAL|FRONTSIDE CLEAN FINAL|FINAL CLEAN|FINAL THICKNESS MEASURE|FINAL GEOMETRY CHECK|FINAL OXIDE CHECK|FINAL CD INSPECTION|FINAL PARTICLE INSPECTION|FINAL ELECTRICAL TEST PREP|PARAMETRIC TEST|LEAKAGE TEST|THRESHOLD VOLTAGE TEST|SWITCHING TEST|WAFER SORT TEST|YIELD ANALYSIS|LOT RELEASE|PACKAGE PREPARATION|SHIP LOT|FINAL OXIDE CHECK|FINAL CD INSPECTION|FINAL PARTICLE INSPECTION|PARAMETRIC TEST|SWITCHING TEST|WAFER SORT TEST|FINAL LOT RELEASE|PACKAGE PREPARATION|SHIP LOT|FINAL CD INSPECTION|FINAL PARTICLE INSPECTION|PARAMETRIC TEST|SWITCHING TEST|WAFER SORT TEST|FINAL LOT RELEASE|SHIP LOT|FINAL CD INSPECTION|FINAL PARTICLE INSPECTION|PARAMETRIC TEST|SWITCHING TEST|WAFER SORT TEST|FINAL LOT RELEASE|SHIP LOT|FINAL CD INSPECTION|FINAL PARTICLE INSPECTION|PARAMETRIC TEST|SWITCHING TEST|WAFER SORT TEST|FINAL LOT RELEASE
valid_0506,CURE PASSIVATION|MEASURE PASSIVATION QUALITY|OPEN BOND PAD WINDOW|OPEN PAD WINDOW LITHO|DEVELOP PAD WINDOW|PASSIVATION ETCH PAD OPENING|STRIP RESIST|CLEAN PAD OPENING|MEASURE PAD OPENING|BACKSIDE THINNING CHECK|BACKSIDE CLEAN FINAL|DEPOSIT BACKSIDE PROTECTION|BACKSIDE ANNEAL|FRONTSIDE CLEAN FINAL|FINAL CLEAN|FINAL THICKNESS MEASURE|FINAL GEOMETRY CHECK|FINAL OXIDE CHECK|FINAL CD INSPECTION|FINAL PARTICLE INSPECTION|FINAL ELECTRICAL TEST PREP|PARAMETRIC TEST|LEAKAGE TEST|THRESHOLD VOLTAGE TEST|SWITCHING TEST|WAFER SORT TEST|YIELD ANALYSIS|LOT RELEASE|PACKAGE PREPARATION|SHIP LOT|FINAL CD INSPECTION|FINAL PARTICLE INSPECTION|PARAMETRIC TEST|SWITCHING TEST|WAFER SORT TEST|FINAL LOT RELEASE|PACKAGE PREPARATION|SHIP LOT|FINAL CD INSPECTION|FINAL PARTICLE INSPECTION|PARAMETRIC TEST|SWITCHING TEST|WAFER SORT TEST|FINAL LOT RELEASE|SHIP LOT|FINAL CD INSPECTION|FINAL PARTICLE INSPECTION|PARAMETRIC TEST|SWITCHING TEST|WAFER SORT TEST|FINAL LOT RELEASE|SHIP LOT|FINAL CD INSPECTION|FINAL PARTICLE INSPECTION|PARAMETRIC TEST|SWITCHING TEST|WAFER SORT TEST|FINAL LOT RELEASE|SHIP LOT|FINAL CD INSPECTION|FINAL PARTICLE INSPECTION|PARAMETRIC TEST|SWITCHING TEST|FINAL LOT RELEASE|SHIP LOT|IMPLANT P BODY|BREAKDOWN VOLTAGE TEST|SWITCHING TEST|FINAL LOT RELEASE|SHIP LOT|FINAL CD INSPECTION|FINAL PARTICLE INSPECTION|PARAMETRIC TEST|SWITCHING TEST|FINAL LOT RELEASE|SHIP LOT|FINAL CD INSPECTION|FINAL PARTICLE INSPECTION|PARAMETRIC TEST|SWITCHING TEST
valid_0507,STRIP PHOTORESIST|CLEAN AFTER VIA ETCH|MEASURE VIA CD|DEPOSIT BARRIER METAL|DEPOSIT TUNGSTEN SEED|FILL VIA TUNGSTEN|CMP METAL|MEASURE VIA RESISTANCE|DEPOSIT TOP METAL|ANNEAL METAL 1|SPIN COAT PHOTORESIST|SOFT BAKE|ALIGN MASK LEVEL 4|EXPOSE LITHO LEVEL 4|DEVELOP PHOTORESIST|METAL PATTERN INSPECTION|METAL ETCH DRY|STRIP RESIST|CLEAN AFTER METAL ETCH|MEASURE LINE WIDTH|DEPOSIT PASSIVATION|CURE PASSIVATION|MEASURE PASSIVATION QUALITY|OPEN BOND PAD WINDOW|OPEN PAD WINDOW LITHO|DEVELOP PAD WINDOW|PASSIVATION ETCH PAD OPENING|STRIP RESIST|CLEAN PAD OPENING|MEASURE PAD OPENING|BACKSIDE THINNING CHECK|BACKSIDE CLEAN FINAL|DEPOSIT BACKSIDE PROTECTION|BACKSIDE ANNEAL|FRONTSIDE CLEAN FINAL|FINAL CLEAN|FINAL THICKNESS MEASURE|FINAL GEOMETRY CHECK|FINAL OXIDE CHECK|FINAL CD INSPECTION|FINAL PARTICLE INSPECTION|FINAL ELECTRICAL TEST PREP|PARAMETRIC TEST|LEAKAGE TEST|THRESHOLD VOLTAGE TEST|SWITCHING TEST|WAFER SORT TEST|YIELD ANALYSIS|LOT RELEASE|PACKAGE PREPARATION|SHIP LOT|FINAL OXIDE CHECK|FINAL CD INSPECTION|FINAL PARTICLE INSPECTION|PARAMETRIC TEST|SWITCHING TEST|WAFER SORT TEST|FINAL LOT RELEASE|PACKAGE PREPARATION|SHIP LOT|FINAL CD INSPECTION|FINAL PARTICLE INSPECTION|PARAMETRIC TEST|SWITCHING TEST|WAFER SORT TEST|FINAL LOT RELEASE|SHIP LOT|FINAL CD INSPECTION|FINAL PARTICLE INSPECTION|PARAMETRIC TEST|SWITCHING TEST|WAFER SORT TEST|FINAL LOT RELEASE|SHIP LOT|FINAL CD INSPECTION|FINAL PARTICLE INSPECTION|PARAMETRIC TEST|SWITCHING TEST|WAFER SORT TEST|FINAL LOT RELEASE
valid_0508,DEVELOP PAD WINDOW|PASSIVATION ETCH PAD OPENING|STRIP RESIST|CLEAN PAD OPENING|MEASURE PAD OPENING|BACKSIDE THINNING CHECK|BACKSIDE CLEAN FINAL|DEPOSIT BACKSIDE PROTECTION|BACKSIDE ANNEAL|FRONTSIDE CLEAN FINAL|FINAL CLEAN|FINAL THICKNESS MEASURE|FINAL GEOMETRY CHECK|FINAL OXIDE CHECK|FINAL CD INSPECTION|FINAL PARTICLE INSPECTION|FINAL ELECTRICAL TEST PREP|PARAMETRIC TEST|LEAKAGE TEST|THRESHOLD VOLTAGE TEST|SWITCHING TEST|WAFER SORT TEST|YIELD ANALYSIS|LOT RELEASE|PACKAGE PREPARATION|SHIP LOT|FINAL OXIDE CHECK|FINAL CD INSPECTION|FINAL PARTICLE INSPECTION|PARAMETRIC TEST|SWITCHING TEST|WAFER SORT TEST|FINAL LOT RELEASE|PACKAGE PREPARATION|SHIP LOT|FINAL CD INSPECTION|FINAL PARTICLE INSPECTION|PARAMETRIC TEST|SWITCHING TEST|WAFER SORT TEST|FINAL LOT RELEASE|SHIP LOT|FINAL CD INSPECTION|FINAL PARTICLE INSPECTION|PARAMETRIC TEST|SWITCHING TEST|WAFER SORT TEST|FINAL LOT RELEASE|SHIP LOT|FINAL CD INSPECTION|FINAL PARTICLE INSPECTION|PARAMETRIC TEST|SWITCHING TEST|WAFER SORT TEST|FINAL LOT RELEASE|SHIP LOT|FINAL CD INSPECTION|FINAL PARTICLE INSPECTION|PARAMETRIC TEST|SWITCHING TEST|WAFER SORT TEST|FINAL LOT RELEASE|SHIP LOT|IMPLANT P BODY|BREAKDOWN VOLTAGE TEST|SWITCHING TEST|FINAL LOT RELEASE|SHIP LOT|FINAL CD INSPECTION|FINAL PARTICLE INSPECTION|PARAMETRIC TEST|SWITCHING TEST|FINAL LOT RELEASE|SHIP LOT|FINAL CD INSPECTION|FINAL PARTICLE INSPECTION|PARAMETRIC TEST|LEAKAGE TEST|BREAKDOWN VOLTAGE TEST|SWITCHING TEST
valid_0509,CLEAN AFTER VIA ETCH|MEASURE VIA CD|DEPOSIT BARRIER METAL|DEPOSIT TUNGSTEN SEED|FILL VIA TUNGSTEN|CMP METAL|MEASURE VIA RESISTANCE|DEPOSIT TOP METAL|ANNEAL METAL 1|SPIN COAT PHOTORESIST|SOFT BAKE|ALIGN MASK LEVEL 4|EXPOSE LITHO LEVEL 4|DEVELOP PHOTORESIST|METAL PATTERN INSPECTION|METAL ETCH DRY|STRIP RESIST|CLEAN AFTER METAL ETCH|MEASURE LINE WIDTH|DEPOSIT PASSIVATION|CURE PASSIVATION|MEASURE PASSIVATION QUALITY|OPEN BOND PAD WINDOW|OPEN PAD WINDOW LITHO|DEVELOP PAD WINDOW|PASSIVATION ETCH|STRIP RESIST|CLEAN PAD OPENING|MEASURE PAD OPENING|BACKSIDE THINNING CHECK|BACKSIDE CLEAN FINAL|DEPOSIT BACKSIDE PROTECTION|BACKSIDE ANNEAL|FRONTSIDE CLEAN FINAL|FINAL CLEAN|FINAL THICKNESS MEASURE|FINAL GEOMETRY CHECK|FINAL OXIDE CHECK|FINAL CD INSPECTION|FINAL PARTICLE INSPECTION|FINAL ELECTRICAL TEST PREP|PARAMETRIC TEST|LEAKAGE TEST|THRESHOLD VOLTAGE TEST|SWITCHING TEST|WAFER SORT TEST|YIELD ANALYSIS|LOT RELEASE|PACKAGE PREPARATION|SHIP LOT|FINAL OXIDE CHECK|FINAL CD INSPECTION|FINAL PARTICLE INSPECTION|PARAMETRIC TEST|SWITCHING TEST|WAFER SORT TEST|FINAL LOT RELEASE|SHIP LOT|FINAL CD INSPECTION|FINAL PARTICLE INSPECTION|PARAMETRIC TEST|SWITCHING TEST|WAFER SORT TEST|FINAL LOT RELEASE|SHIP LOT|FINAL CD INSPECTION|FINAL PARTICLE INSPECTION|PARAMETRIC TEST|SWITCHING TEST|WAFER SORT TEST|FINAL LOT RELEASE|SHIP LOT|FINAL CD INSPECTION|FINAL PARTICLE INSPECTION|PARAMETRIC TEST|SWITCHING TEST|WAFER SORT TEST|FINAL LOT RELEASE|SHIP LOT|FINAL CD INSPECTION
valid_0510,MEASURE PASSIVATION QUALITY|OPEN BOND PAD WINDOW|OPEN PAD WINDOW LITHO|DEVELOP PAD WINDOW|PASSIVATION ETCH|STRIP RESIST|CLEAN PAD OPENING|MEASURE PAD OPENING|BACKSIDE THINNING CHECK|BACKSIDE CLEAN FINAL|DEPOSIT BACKSIDE PROTECTION|BACKSIDE ANNEAL|FRONTSIDE CLEAN FINAL|FINAL CLEAN|FINAL THICKNESS MEASURE|FINAL GEOMETRY CHECK|FINAL OXIDE CHECK|FINAL CD INSPECTION|FINAL PARTICLE INSPECTION|FINAL ELECTRICAL TEST PREP|PARAMETRIC TEST|LEAKAGE TEST|THRESHOLD VOLTAGE TEST|SWITCHING TEST|WAFER SORT TEST|YIELD ANALYSIS|LOT RELEASE|PACKAGE PREPARATION|SHIP LOT|FINAL OXIDE CHECK|FINAL CD INSPECTION|FINAL PARTICLE INSPECTION|PARAMETRIC TEST|SWITCHING TEST|WAFER SORT TEST|FINAL LOT RELEASE|SHIP LOT|FINAL CD INSPECTION|FINAL PARTICLE INSPECTION|PARAMETRIC TEST|SWITCHING TEST|WAFER SORT TEST|FINAL LOT RELEASE|SHIP LOT|FINAL CD INSPECTION|FINAL PARTICLE INSPECTION|PARAMETRIC TEST|SWITCHING TEST|WAFER SORT TEST|FINAL LOT RELEASE|SHIP LOT|FINAL CD INSPECTION|FINAL PARTICLE INSPECTION|PARAMETRIC TEST|SWITCHING TEST|WAFER SORT TEST|FINAL LOT RELEASE|SHIP LOT|FINAL CD INSPECTION|FINAL PARTICLE INSPECTION|PARAMETRIC TEST|SWITCHING TEST|FINAL LOT RELEASE|SHIP LOT|IMPLANT P BODY|BREAKDOWN VOLTAGE TEST|SWITCHING TEST|FINAL LOT RELEASE|SHIP LOT|FINAL CD INSPECTION|FINAL PARTICLE INSPECTION|PARAMETRIC TEST|SWITCHING TEST|FINAL LOT RELEASE|SHIP LOT|FINAL CD INSPECTION|FINAL PARTICLE INSPECTION|PARAMETRIC TEST|SWITCHING TEST|FINAL LOT RELEASE
valid_0511,VIA ETCH|STRIP PHOTORESIST|CLEAN AFTER VIA ETCH|MEASURE VIA CD|DEPOSIT BARRIER METAL|DEPOSIT TUNGSTEN SEED|FILL VIA TUNGSTEN|CMP METAL|MEASURE VIA RESISTANCE|DEPOSIT TOP METAL|ANNEAL METAL 1|SPIN COAT PHOTORESIST|SOFT BAKE|ALIGN MASK LEVEL 4|EXPOSE LITHO LEVEL 4|DEVELOP PHOTORESIST|METAL PATTERN INSPECTION|METAL ETCH DRY|STRIP RESIST|CLEAN AFTER METAL ETCH|MEASURE LINE WIDTH|DEPOSIT PASSIVATION|CURE PASSIVATION|MEASURE PASSIVATION QUALITY|OPEN BOND PAD WINDOW|OPEN PAD WINDOW LITHO|DEVELOP PAD WINDOW|PASSIVATION ETCH|STRIP RESIST|CLEAN PAD OPENING|MEASURE PAD OPENING|BACKSIDE THINNING CHECK|BACKSIDE CLEAN FINAL|DEPOSIT BACKSIDE PROTECTION|BACKSIDE ANNEAL|FRONTSIDE CLEAN FINAL|FINAL CLEAN|FINAL THICKNESS MEASURE|FINAL GEOMETRY CHECK|FINAL OXIDE CHECK|FINAL CD INSPECTION|FINAL PARTICLE INSPECTION|FINAL ELECTRICAL TEST PREP|PARAMETRIC TEST|LEAKAGE TEST|THRESHOLD VOLTAGE TEST|SWITCHING TEST|WAFER SORT TEST|YIELD ANALYSIS|LOT RELEASE|PACKAGE PREPARATION|SHIP LOT|FINAL CD INSPECTION|FINAL PARTICLE INSPECTION|PARAMETRIC TEST|SWITCHING TEST|WAFER SORT TEST|FINAL LOT RELEASE|SHIP LOT|FINAL CD INSPECTION|FINAL PARTICLE INSPECTION|PARAMETRIC TEST|SWITCHING TEST|WAFER SORT TEST|FINAL LOT RELEASE|SHIP LOT|FINAL CD INSPECTION|FINAL PARTICLE INSPECTION|PARAMETRIC TEST|SWITCHING TEST|WAFER SORT TEST|FINAL LOT RELEASE|SHIP LOT|FINAL CD INSPECTION|FINAL PARTICLE INSPECTION|PARAMETRIC TEST|SWITCHING TEST|WAFER SORT TEST|FINAL LOT RELEASE|SHIP LOT
valid_0512,OPEN BOND PAD WINDOW|OPEN PAD WINDOW LITHO|DEVELOP PAD WINDOW|PASSIVATION ETCH|STRIP RESIST|CLEAN PAD OPENING|MEASURE PAD OPENING|BACKSIDE THINNING CHECK|BACKSIDE CLEAN FINAL|DEPOSIT BACKSIDE PROTECTION|BACKSIDE ANNEAL|FRONTSIDE CLEAN FINAL|FINAL CLEAN|FINAL THICKNESS MEASURE|FINAL GEOMETRY CHECK|FINAL OXIDE CHECK|FINAL CD INSPECTION|FINAL PARTICLE INSPECTION|FINAL ELECTRICAL TEST PREP|PARAMETRIC TEST|LEAKAGE TEST|THRESHOLD VOLTAGE TEST|SWITCHING TEST|WAFER SORT TEST|YIELD ANALYSIS|LOT RELEASE|PACKAGE PREPARATION|SHIP LOT|FINAL OXIDE CHECK|FINAL CD INSPECTION|FINAL PARTICLE INSPECTION|PARAMETRIC TEST|SWITCHING TEST|WAFER SORT TEST|FINAL LOT RELEASE|SHIP LOT|FINAL CD INSPECTION|FINAL PARTICLE INSPECTION|PARAMETRIC TEST|SWITCHING TEST|WAFER SORT TEST|FINAL LOT RELEASE|SHIP LOT|FINAL CD INSPECTION|FINAL PARTICLE INSPECTION|PARAMETRIC TEST|SWITCHING TEST|WAFER SORT TEST|FINAL LOT RELEASE|SHIP LOT|FINAL CD INSPECTION|FINAL PARTICLE INSPECTION|PARAMETRIC TEST|SWITCHING TEST|WAFER SORT TEST|FINAL LOT RELEASE|SHIP LOT|FINAL CD INSPECTION|FINAL PARTICLE INSPECTION|PARAMETRIC TEST|SWITCHING TEST|FINAL LOT RELEASE|SHIP LOT|IMPLANT P BODY|BREAKDOWN VOLTAGE TEST|SWITCHING TEST|FINAL LOT RELEASE|SHIP LOT|FINAL CD INSPECTION|FINAL PARTICLE INSPECTION|PARAMETRIC TEST|SWITCHING TEST|FINAL LOT RELEASE|SHIP LOT|FINAL CD INSPECTION|FINAL PARTICLE INSPECTION|PARAMETRIC TEST|SWITCHING TEST|FINAL LOT RELEASE|SHIP LOT
valid_0513,MEASURE VIA CD|DEPOSIT BARRIER METAL|DEPOSIT TUNGSTEN SEED|FILL VIA TUNGSTEN|CMP METAL|MEASURE VIA RESISTANCE|DEPOSIT METAL 1|ANNEAL METAL 1|SPIN COAT PHOTORESIST|SOFT BAKE|ALIGN MASK LEVEL 4|EXPOSE LITHO LEVEL 4|DEVELOP PHOTORESIST|METAL PATTERN INSPECTION|METAL ETCH DRY|STRIP PHOTORESIST|CLEAN AFTER METAL ETCH|MEASURE LINE WIDTH|DEPOSIT PASSIVATION|CURE PASSIVATION|MEASURE PASSIVATION QUALITY|OPEN BOND PAD WINDOW|OPEN PAD WINDOW LITHO|DEVELOP PAD WINDOW|PASSIVATION ETCH PAD OPENING|STRIP RESIST|CLEAN PAD OPENING|MEASURE PAD OPENING|BACKSIDE THINNING CHECK|BACKSIDE CLEAN FINAL|DEPOSIT BACKSIDE PROTECTION|BACKSIDE ANNEAL|FRONTSIDE CLEAN FINAL|FINAL CLEAN|FINAL THICKNESS MEASURE|FINAL GEOMETRY CHECK|FINAL OXIDE CHECK|FINAL CD INSPECTION|FINAL PARTICLE INSPECTION|FINAL ELECTRICAL TEST PREP|PARAMETRIC TEST|LEAKAGE TEST|THRESHOLD VOLTAGE TEST|SWITCHING TEST|WAFER SORT TEST|YIELD ANALYSIS|LOT RELEASE|PACKAGE PREPARATION|SHIP LOT|FINAL OXIDE CHECK|FINAL CD INSPECTION|FINAL PARTICLE INSPECTION|PARAMETRIC TEST|SWITCHING TEST|WAFER SORT TEST|FINAL LOT RELEASE|PACKAGE PREPARATION|SHIP LOT|FINAL CD INSPECTION|FINAL PARTICLE INSPECTION|PARAMETRIC TEST|SWITCHING TEST|WAFER SORT TEST|FINAL LOT RELEASE|SHIP LOT|FINAL CD INSPECTION|FINAL PARTICLE INSPECTION|PARAMETRIC TEST|SWITCHING TEST|WAFER SORT TEST|FINAL LOT RELEASE|SHIP LOT|FINAL CD INSPECTION|FINAL PARTICLE INSPECTION|PARAMETRIC TEST|SWITCHING TEST|WAFER SORT TEST|FINAL LOT RELEASE|SHIP LOT|FINAL CD INSPECTION
valid_0514,OPEN PAD WINDOW LITHO|DEVELOP PAD WINDOW|PASSIVATION ETCH PAD OPENING|STRIP RESIST|CLEAN PAD OPENING|MEASURE PAD OPENING|BACKSIDE THINNING CHECK|BACKSIDE CLEAN FINAL|DEPOSIT BACKSIDE PROTECTION|BACKSIDE ANNEAL|FRONTSIDE CLEAN FINAL|FINAL CLEAN|FINAL THICKNESS MEASURE|FINAL GEOMETRY CHECK|FINAL OXIDE CHECK|FINAL CD INSPECTION|FINAL PARTICLE INSPECTION|FINAL ELECTRICAL TEST PREP|PARAMETRIC TEST|LEAKAGE TEST|THRESHOLD VOLTAGE TEST|SWITCHING TEST|WAFER SORT TEST|YIELD ANALYSIS|LOT RELEASE|PACKAGE PREPARATION|SHIP LOT|FINAL OXIDE CHECK|FINAL CD INSPECTION|FINAL PARTICLE INSPECTION|PARAMETRIC TEST|SWITCHING TEST|WAFER SORT TEST|FINAL LOT RELEASE|PACKAGE PREPARATION|SHIP LOT|FINAL CD INSPECTION|FINAL PARTICLE INSPECTION|PARAMETRIC TEST|SWITCHING TEST|WAFER SORT TEST|FINAL LOT RELEASE|SHIP LOT|FINAL CD INSPECTION|FINAL PARTICLE INSPECTION|PARAMETRIC TEST|SWITCHING TEST|WAFER SORT TEST|FINAL LOT RELEASE|SHIP LOT|FINAL CD INSPECTION|FINAL PARTICLE INSPECTION|PARAMETRIC TEST|SWITCHING TEST|WAFER SORT TEST|FINAL LOT RELEASE|SHIP LOT|FINAL CD INSPECTION|FINAL PARTICLE INSPECTION|PARAMETRIC TEST|SWITCHING TEST|FINAL LOT RELEASE|SHIP LOT|IMPLANT P BODY|BREAKDOWN VOLTAGE TEST|SWITCHING TEST|FINAL LOT RELEASE|SHIP LOT|FINAL CD INSPECTION|FINAL PARTICLE INSPECTION|PARAMETRIC TEST|SWITCHING TEST|FINAL LOT RELEASE|SHIP LOT|FINAL CD INSPECTION|FINAL PARTICLE INSPECTION|PARAMETRIC TEST|SWITCHING TEST|FINAL LOT RELEASE|SHIP LOT
valid_0515,MEASURE VIA CD|DEPOSIT BARRIER METAL|DEPOSIT TUNGSTEN SEED|FILL VIA TUNGSTEN|CMP METAL|MEASURE VIA RESISTANCE|DEPOSIT TOP METAL|ANNEAL METAL 1|SPIN COAT PHOTORESIST|SOFT BAKE|ALIGN MASK LEVEL 4|EXPOSE LITHO LEVEL 4|DEVELOP PHOTORESIST|METAL PATTERN INSPECTION|METAL ETCH DRY|STRIP PHOTORESIST|CLEAN AFTER METAL ETCH|MEASURE LINE WIDTH|DEPOSIT PASSIVATION|CURE PASSIVATION|MEASURE PASSIVATION QUALITY|OPEN BOND PAD WINDOW|OPEN PAD WINDOW LITHO|DEVELOP PAD WINDOW|PASSIVATION ETCH PAD OPENING|STRIP PHOTORESIST|CLEAN PAD OPENING|MEASURE PAD OPENING|BACKSIDE THINNING CHECK|BACKSIDE CLEAN FINAL|DEPOSIT BACKSIDE PROTECTION|BACKSIDE ANNEAL|FRONTSIDE CLEAN FINAL|FINAL CLEAN|FINAL THICKNESS MEASURE|FINAL GEOMETRY CHECK|FINAL OXIDE CHECK|FINAL CD INSPECTION|FINAL PARTICLE INSPECTION|FINAL ELECTRICAL TEST PREP|PARAMETRIC TEST|LEAKAGE TEST|THRESHOLD VOLTAGE TEST|SWITCHING TEST|WAFER SORT TEST|YIELD ANALYSIS|LOT RELEASE|PACKAGE PREPARATION|SHIP LOT|FINAL OXIDE CHECK|FINAL CD INSPECTION|FINAL PARTICLE INSPECTION|PARAMETRIC TEST|SWITCHING TEST|WAFER SORT TEST|FINAL LOT RELEASE|PACKAGE PREPARATION|SHIP LOT|FINAL CD INSPECTION|FINAL PARTICLE INSPECTION|PARAMETRIC TEST|SWITCHING TEST|WAFER SORT TEST|FINAL LOT RELEASE|SHIP LOT|FINAL CD INSPECTION|FINAL PARTICLE INSPECTION|PARAMETRIC TEST|SWITCHING TEST|WAFER SORT TEST|FINAL LOT RELEASE|SHIP LOT|FINAL CD INSPECTION|FINAL PARTICLE INSPECTION|PARAMETRIC TEST|SWITCHING TEST|WAFER SORT TEST|FINAL LOT RELEASE|SHIP LOT|FINAL CD INSPECTION
valid_0516,OPEN PAD WINDOW LITHO|DEVELOP PAD WINDOW|PASSIVATION ETCH|STRIP RESIST|CLEAN PAD OPENING|MEASURE PAD OPENING|BACKSIDE THINNING CHECK|BACKSIDE CLEAN FINAL|DEPOSIT BACKSIDE PROTECTION|BACKSIDE ANNEAL|FRONTSIDE CLEAN FINAL|FINAL CLEAN|FINAL THICKNESS MEASURE|FINAL GEOMETRY CHECK|FINAL OXIDE CHECK|FINAL CD INSPECTION|FINAL PARTICLE INSPECTION|FINAL ELECTRICAL TEST PREP|PARAMETRIC TEST|LEAKAGE TEST|THRESHOLD VOLTAGE TEST|SWITCHING TEST|WAFER SORT TEST|YIELD ANALYSIS|LOT RELEASE|PACKAGE PREPARATION|SHIP LOT|FINAL CD INSPECTION|FINAL PARTICLE INSPECTION|PARAMETRIC TEST|SWITCHING TEST|WAFER SORT TEST|FINAL LOT RELEASE|PACKAGE PREPARATION|SHIP LOT|FINAL CD INSPECTION|FINAL PARTICLE INSPECTION|PARAMETRIC TEST|SWITCHING TEST|WAFER SORT TEST|FINAL LOT RELEASE|SHIP LOT|FINAL CD INSPECTION|FINAL PARTICLE INSPECTION|PARAMETRIC TEST|SWITCHING TEST|WAFER SORT TEST|FINAL LOT RELEASE|SHIP LOT|FINAL CD INSPECTION|FINAL PARTICLE INSPECTION|PARAMETRIC TEST|SWITCHING TEST|WAFER SORT TEST|FINAL LOT RELEASE|SHIP LOT|FINAL CD INSPECTION|FINAL PARTICLE INSPECTION|PARAMETRIC TEST|SWITCHING TEST|FINAL LOT RELEASE|SHIP LOT|IMPLANT P BODY|BREAKDOWN VOLTAGE TEST|SWITCHING TEST|FINAL LOT RELEASE|SHIP LOT|FINAL CD INSPECTION|FINAL PARTICLE INSPECTION|PARAMETRIC TEST|SWITCHING TEST|FINAL LOT RELEASE|SHIP LOT|FINAL CD INSPECTION|FINAL PARTICLE INSPECTION|PARAMETRIC TEST|SWITCHING TEST|FINAL LOT RELEASE|SHIP LOT|FINAL CD INSPECTION
valid_0517,MEASURE VIA CD|DEPOSIT BARRIER METAL|DEPOSIT TUNGSTEN SEED|FILL VIA TUNGSTEN|CMP METAL|MEASURE VIA RESISTANCE|DEPOSIT METAL 1|ANNEAL METAL 1|SPIN COAT PHOTORESIST|SOFT BAKE|ALIGN MASK LEVEL 4|EXPOSE LITHO LEVEL 4|DEVELOP PHOTORESIST|METAL PATTERN INSPECTION|METAL ETCH DRY|STRIP PHOTORESIST|CLEAN AFTER METAL ETCH|MEASURE LINE WIDTH|DEPOSIT PASSIVATION|CURE PASSIVATION|MEASURE PASSIVATION QUALITY|OPEN BOND PAD WINDOW|OPEN PAD WINDOW LITHO|DEVELOP PAD WINDOW|PASSIVATION ETCH|STRIP RESIST|CLEAN PAD OPENING|MEASURE PAD OPENING|BACKSIDE THINNING CHECK|BACKSIDE CLEAN FINAL|DEPOSIT BACKSIDE PROTECTION|BACKSIDE ANNEAL|FRONTSIDE CLEAN FINAL|FINAL CLEAN|FINAL THICKNESS MEASURE|FINAL GEOMETRY CHECK|FINAL OXIDE CHECK|FINAL CD INSPECTION|FINAL PARTICLE INSPECTION|FINAL ELECTRICAL TEST PREP|PARAMETRIC TEST|LEAKAGE TEST|THRESHOLD VOLTAGE TEST|SWITCHING TEST|WAFER SORT TEST|YIELD ANALYSIS|LOT RELEASE|PACKAGE PREPARATION|SHIP LOT|FINAL OXIDE CHECK|FINAL CD INSPECTION|FINAL PARTICLE INSPECTION|PARAMETRIC TEST|SWITCHING TEST|WAFER SORT TEST|FINAL LOT RELEASE|PACKAGE PREPARATION|SHIP LOT|FINAL CD INSPECTION|FINAL PARTICLE INSPECTION|PARAMETRIC TEST|SWITCHING TEST|WAFER SORT TEST|FINAL LOT RELEASE|SHIP LOT|FINAL CD INSPECTION|FINAL PARTICLE INSPECTION|PARAMETRIC TEST|SWITCHING TEST|WAFER SORT TEST|FINAL LOT RELEASE|SHIP LOT|FINAL CD INSPECTION|FINAL PARTICLE INSPECTION|PARAMETRIC TEST|SWITCHING TEST|WAFER SORT TEST|FINAL LOT RELEASE|SHIP LOT|FINAL CD INSPECTION
valid_0518,DEVELOP PAD WINDOW|PASSIVATION ETCH|STRIP RESIST|CLEAN PAD OPENING|MEASURE PAD OPENING|BACKSIDE THINNING CHECK|BACKSIDE CLEAN FINAL|DEPOSIT BACKSIDE PROTECTION|BACKSIDE ANNEAL|FRONTSIDE CLEAN FINAL|FINAL CLEAN|FINAL THICKNESS MEASURE|FINAL GEOMETRY CHECK|FINAL OXIDE CHECK|FINAL CD INSPECTION|FINAL PARTICLE INSPECTION|FINAL ELECTRICAL TEST PREP|PARAMETRIC TEST|LEAKAGE TEST|THRESHOLD VOLTAGE TEST|SWITCHING TEST|WAFER SORT TEST|YIELD ANALYSIS|LOT RELEASE|PACKAGE PREPARATION|SHIP LOT|FINAL OXIDE CHECK|FINAL CD INSPECTION|FINAL PARTICLE INSPECTION|PARAMETRIC TEST|SWITCHING TEST|WAFER SORT TEST|FINAL LOT RELEASE|PACKAGE PREPARATION|SHIP LOT|FINAL CD INSPECTION|FINAL PARTICLE INSPECTION|PARAMETRIC TEST|SWITCHING TEST|WAFER SORT TEST|FINAL LOT RELEASE|SHIP LOT|FINAL CD INSPECTION|FINAL PARTICLE INSPECTION|PARAMETRIC TEST|SWITCHING TEST|WAFER SORT TEST|FINAL LOT RELEASE|SHIP LOT|FINAL CD INSPECTION|FINAL PARTICLE INSPECTION|PARAMETRIC TEST|SWITCHING TEST|WAFER SORT TEST|FINAL LOT RELEASE|SHIP LOT|FINAL CD INSPECTION|FINAL PARTICLE INSPECTION|PARAMETRIC TEST|SWITCHING TEST|FINAL LOT RELEASE|SHIP LOT|IMPLANT P BODY|BREAKDOWN VOLTAGE TEST|SWITCHING TEST|FINAL LOT RELEASE|SHIP LOT|FINAL CD INSPECTION|FINAL PARTICLE INSPECTION|PARAMETRIC TEST|SWITCHING TEST|FINAL LOT RELEASE|SHIP LOT|FINAL CD INSPECTION|FINAL PARTICLE INSPECTION|PARAMETRIC TEST|SWITCHING TEST|FINAL LOT RELEASE|SHIP LOT|FINAL CD INSPECTION
valid_0519,MEASURE VIA CD|DEPOSIT BARRIER METAL|DEPOSIT TUNGSTEN SEED|FILL VIA TUNGSTEN|CMP METAL|MEASURE VIA RESISTANCE|DEPOSIT METAL 1|ANNEAL METAL 1|SPIN COAT PHOTORESIST|SOFT BAKE|ALIGN MASK LEVEL 4|EXPOSE LITHO LEVEL 4|DEVELOP PHOTORESIST|METAL PATTERN INSPECTION|METAL ETCH DRY|STRIP RESIST|CLEAN AFTER METAL ETCH|MEASURE LINE WIDTH|DEPOSIT PASSIVATION|CURE PASSIVATION|MEASURE PASSIVATION QUALITY|OPEN BOND PAD WINDOW|OPEN PAD WINDOW LITHO|DEVELOP PAD WINDOW|PASSIVATION ETCH PAD OPENING|STRIP RESIST|CLEAN PAD OPENING|MEASURE PAD OPENING|BACKSIDE THINNING CHECK|BACKSIDE CLEAN FINAL|DEPOSIT BACKSIDE PROTECTION|BACKSIDE ANNEAL|FRONTSIDE CLEAN FINAL|FINAL CLEAN|FINAL THICKNESS MEASURE|FINAL GEOMETRY CHECK|FINAL OXIDE CHECK|FINAL CD INSPECTION|FINAL PARTICLE INSPECTION|FINAL ELECTRICAL TEST PREP|PARAMETRIC TEST|LEAKAGE TEST|THRESHOLD VOLTAGE TEST|SWITCHING TEST|WAFER SORT TEST|YIELD ANALYSIS|LOT RELEASE|PACKAGE PREPARATION|SHIP LOT|FINAL OXIDE CHECK|FINAL CD INSPECTION|FINAL PARTICLE INSPECTION|PARAMETRIC TEST|SWITCHING TEST|WAFER SORT TEST|FINAL LOT RELEASE|PACKAGE PREPARATION|SHIP LOT|FINAL CD INSPECTION|FINAL PARTICLE INSPECTION|PARAMETRIC TEST|SWITCHING TEST|WAFER SORT TEST|FINAL LOT RELEASE|SHIP LOT|FINAL CD INSPECTION|FINAL PARTICLE INSPECTION|PARAMETRIC TEST|SWITCHING TEST|WAFER SORT TEST|FINAL LOT RELEASE|SHIP LOT|FINAL CD INSPECTION|FINAL PARTICLE INSPECTION|PARAMETRIC TEST|SWITCHING TEST|WAFER SORT TEST|FINAL LOT RELEASE|SHIP LOT|FINAL CD INSPECTION
valid_0520,OPEN PAD WINDOW LITHO|DEVELOP PAD WINDOW|PASSIVATION ETCH|STRIP RESIST|CLEAN PAD OPENING|MEASURE PAD OPENING|BACKSIDE THINNING CHECK|BACKSIDE CLEAN FINAL|DEPOSIT BACKSIDE PROTECTION|BACKSIDE ANNEAL|FRONTSIDE CLEAN FINAL|FINAL CLEAN|FINAL THICKNESS MEASURE|FINAL GEOMETRY CHECK|FINAL OXIDE CHECK|FINAL CD INSPECTION|FINAL PARTICLE INSPECTION|FINAL ELECTRICAL TEST PREP|PARAMETRIC TEST|LEAKAGE TEST|THRESHOLD VOLTAGE TEST|SWITCHING TEST|WAFER SORT TEST|YIELD ANALYSIS|LOT RELEASE|PACKAGE PREPARATION|SHIP LOT|FINAL CD INSPECTION|FINAL PARTICLE INSPECTION|PARAMETRIC TEST|SWITCHING TEST|WAFER SORT TEST|FINAL LOT RELEASE|PACKAGE PREPARATION|SHIP LOT|FINAL CD INSPECTION|FINAL PARTICLE INSPECTION|PARAMETRIC TEST|SWITCHING TEST|WAFER SORT TEST|FINAL LOT RELEASE|SHIP LOT|FINAL CD INSPECTION|FINAL PARTICLE INSPECTION|PARAMETRIC TEST|SWITCHING TEST|WAFER SORT TEST|FINAL LOT RELEASE|SHIP LOT|FINAL CD INSPECTION|FINAL PARTICLE INSPECTION|PARAMETRIC TEST|SWITCHING TEST|WAFER SORT TEST|FINAL LOT RELEASE|SHIP LOT|FINAL CD INSPECTION|FINAL PARTICLE INSPECTION|PARAMETRIC TEST|SWITCHING TEST|FINAL LOT RELEASE|SHIP LOT|IMPLANT P BODY|BREAKDOWN VOLTAGE TEST|SWITCHING TEST|FINAL LOT RELEASE|SHIP LOT|FINAL CD INSPECTION|FINAL PARTICLE INSPECTION|PARAMETRIC TEST|SWITCHING TEST|FINAL LOT RELEASE|SHIP LOT|FINAL CD INSPECTION|FINAL PARTICLE INSPECTION|PARAMETRIC TEST|SWITCHING TEST|FINAL LOT RELEASE|SHIP LOT|FINAL CD INSPECTION
valid_0521,MEASURE VIA CD|DEPOSIT BARRIER METAL|DEPOSIT TUNGSTEN SEED|FILL VIA TUNGSTEN|CMP METAL|MEASURE VIA RESISTANCE|DEPOSIT METAL 1|ANNEAL METAL 1|SPIN COAT PHOTORESIST|SOFT BAKE|ALIGN MASK LEVEL 4|EXPOSE LITHO LEVEL 4|DEVELOP PHOTORESIST|METAL PATTERN INSPECTION|METAL ETCH DRY|STRIP RESIST|CLEAN AFTER METAL ETCH|MEASURE LINE WIDTH|DEPOSIT PASSIVATION|CURE PASSIVATION|MEASURE PASSIVATION QUALITY|OPEN BOND PAD WINDOW|OPEN PAD WINDOW LITHO|DEVELOP PAD WINDOW|PASSIVATION ETCH PAD OPENING|STRIP RESIST|CLEAN PAD OPENING|MEASURE PAD OPENING|BACKSIDE THINNING CHECK|BACKSIDE CLEAN FINAL|DEPOSIT BACKSIDE PROTECTION|BACKSIDE ANNEAL|FRONTSIDE CLEAN FINAL|FINAL CLEAN|FINAL THICKNESS MEASURE|FINAL GEOMETRY CHECK|FINAL OXIDE CHECK|FINAL CD INSPECTION|FINAL PARTICLE INSPECTION|FINAL ELECTRICAL TEST PREP|PARAMETRIC TEST|LEAKAGE TEST|THRESHOLD VOLTAGE TEST|SWITCHING TEST|WAFER SORT TEST|YIELD ANALYSIS|LOT RELEASE|PACKAGE PREPARATION|SHIP LOT|FINAL OXIDE CHECK|FINAL CD INSPECTION|FINAL PARTICLE INSPECTION|PARAMETRIC TEST|SWITCHING TEST|WAFER SORT TEST|FINAL LOT RELEASE|PACKAGE PREPARATION|SHIP LOT|FINAL CD INSPECTION|FINAL PARTICLE INSPECTION|PARAMETRIC TEST|SWITCHING TEST|WAFER SORT TEST|FINAL LOT RELEASE|SHIP LOT|FINAL CD INSPECTION|FINAL PARTICLE INSPECTION|PARAMETRIC TEST|SWITCHING TEST|WAFER SORT TEST|FINAL LOT RELEASE|SHIP LOT|FINAL CD INSPECTION|FINAL PARTICLE INSPECTION|PARAMETRIC TEST|SWITCHING TEST|WAFER SORT TEST|FINAL LOT RELEASE|SHIP LOT|FINAL CD INSPECTION
valid_0522,DEVELOP PAD WINDOW|PASSIVATION ETCH PAD OPENING|STRIP RESIST|CLEAN PAD OPENING|MEASURE PAD OPENING|BACKSIDE THINNING CHECK|BACKSIDE CLEAN FINAL|DEPOSIT BACKSIDE PROTECTION|BACKSIDE ANNEAL|FRONTSIDE CLEAN FINAL|FINAL CLEAN|FINAL THICKNESS MEASURE|FINAL GEOMETRY CHECK|FINAL OXIDE CHECK|FINAL CD INSPECTION|FINAL PARTICLE INSPECTION|FINAL ELECTRICAL TEST PREP|PARAMETRIC TEST|LEAKAGE TEST|THRESHOLD VOLTAGE TEST|SWITCHING TEST|WAFER SORT TEST|YIELD ANALYSIS|LOT RELEASE|PACKAGE PREPARATION|SHIP LOT|FINAL OXIDE CHECK|FINAL CD INSPECTION|FINAL PARTICLE INSPECTION|PARAMETRIC TEST|SWITCHING TEST|WAFER SORT TEST|FINAL LOT RELEASE|PACKAGE PREPARATION|SHIP LOT|FINAL OXIDE CHECK|FINAL CD INSPECTION|FINAL PARTICLE INSPECTION|PARAMETRIC TEST|SWITCHING TEST|WAFER SORT TEST|FINAL LOT RELEASE|SHIP LOT|FINAL CD INSPECTION|FINAL PARTICLE INSPECTION|PARAMETRIC TEST|SWITCHING TEST|WAFER SORT TEST|FINAL LOT RELEASE|SHIP LOT|FINAL CD INSPECTION|FINAL PARTICLE INSPECTION|PARAMETRIC TEST|SWITCHING TEST|WAFER SORT TEST|FINAL LOT RELEASE|SHIP LOT|FINAL CD INSPECTION|FINAL PARTICLE INSPECTION|PARAMETRIC TEST|SWITCHING TEST|WAFER SORT TEST|FINAL LOT RELEASE|SHIP LOT|FINAL CD INSPECTION|FINAL PARTICLE INSPECTION|PARAMETRIC TEST|SWITCHING TEST|FINAL LOT RELEASE|SHIP LOT|IMPLANT P BODY|BREAKDOWN VOLTAGE TEST|SWITCHING TEST|FINAL LOT RELEASE|SHIP LOT|FINAL CD INSPECTION|FINAL PARTICLE INSPECTION|PARAMETRIC TEST|SWITCHING TEST|FINAL LOT RELEASE
valid_0523,STRIP PHOTORESIST|CLEAN AFTER VIA ETCH|MEASURE VIA CD|DEPOSIT BARRIER METAL|DEPOSIT TUNGSTEN SEED|FILL VIA TUNGSTEN|CMP METAL|MEASURE VIA RESISTANCE|DEPOSIT TOP METAL|ANNEAL METAL 1|SPIN COAT PHOTORESIST|SOFT BAKE|ALIGN MASK LEVEL 4|EXPOSE LITHO LEVEL 4|DEVELOP PHOTORESIST|METAL PATTERN INSPECTION|METAL ETCH DRY|STRIP RESIST|CLEAN AFTER METAL ETCH|MEASURE LINE WIDTH|DEPOSIT PASSIVATION|CURE PASSIVATION|MEASURE PASSIVATION QUALITY|OPEN BOND PAD WINDOW|OPEN PAD WINDOW LITHO|DEVELOP PAD WINDOW|PASSIVATION ETCH|STRIP RESIST|CLEAN PAD OPENING|MEASURE PAD OPENING|BACKSIDE THINNING CHECK|BACKSIDE CLEAN FINAL|DEPOSIT BACKSIDE PROTECTION|BACKSIDE ANNEAL|FRONTSIDE CLEAN FINAL|FINAL CLEAN|FINAL THICKNESS MEASURE|FINAL GEOMETRY CHECK|FINAL OXIDE CHECK|FINAL CD INSPECTION|FINAL PARTICLE INSPECTION|FINAL ELECTRICAL TEST PREP|PARAMETRIC TEST|LEAKAGE TEST|THRESHOLD VOLTAGE TEST|SWITCHING TEST|WAFER SORT TEST|YIELD ANALYSIS|LOT RELEASE|PACKAGE PREPARATION|SHIP LOT|FINAL CD INSPECTION|FINAL PARTICLE INSPECTION|PARAMETRIC TEST|SWITCHING TEST|WAFER SORT TEST|FINAL LOT RELEASE|SHIP LOT|FINAL CD INSPECTION|FINAL PARTICLE INSPECTION|PARAMETRIC TEST|SWITCHING TEST|WAFER SORT TEST|FINAL LOT RELEASE|SHIP LOT|FINAL CD INSPECTION|FINAL PARTICLE INSPECTION|PARAMETRIC TEST|SWITCHING TEST|WAFER SORT TEST|FINAL LOT RELEASE|SHIP LOT|FINAL CD INSPECTION|FINAL PARTICLE INSPECTION|PARAMETRIC TEST|SWITCHING TEST|WAFER SORT TEST|FINAL LOT RELEASE|SHIP LOT|FINAL CD INSPECTION
valid_0524,OPEN BOND PAD WINDOW|OPEN PAD WINDOW LITHO|DEVELOP PAD WINDOW|PASSIVATION ETCH|STRIP RESIST|CLEAN PAD OPENING|MEASURE PAD OPENING|BACKSIDE THINNING CHECK|BACKSIDE CLEAN FINAL|DEPOSIT BACKSIDE PROTECTION|BACKSIDE ANNEAL|FRONTSIDE CLEAN FINAL|FINAL CLEAN|FINAL THICKNESS MEASURE|FINAL GEOMETRY CHECK|FINAL OXIDE CHECK|FINAL CD INSPECTION|FINAL PARTICLE INSPECTION|FINAL ELECTRICAL TEST PREP|PARAMETRIC TEST|LEAKAGE TEST|THRESHOLD VOLTAGE TEST|SWITCHING TEST|WAFER SORT TEST|YIELD ANALYSIS|LOT RELEASE|PACKAGE PREPARATION|SHIP LOT|FINAL OXIDE CHECK|FINAL CD INSPECTION|FINAL PARTICLE INSPECTION|PARAMETRIC TEST|SWITCHING TEST|WAFER SORT TEST|FINAL LOT RELEASE|SHIP LOT|FINAL CD INSPECTION|FINAL PARTICLE INSPECTION|PARAMETRIC TEST|SWITCHING TEST|WAFER SORT TEST|FINAL LOT RELEASE|SHIP LOT|FINAL CD INSPECTION|FINAL PARTICLE INSPECTION|PARAMETRIC TEST|SWITCHING TEST|WAFER SORT TEST|FINAL LOT RELEASE|SHIP LOT|FINAL CD INSPECTION|FINAL PARTICLE INSPECTION|PARAMETRIC TEST|SWITCHING TEST|WAFER SORT TEST|FINAL LOT RELEASE|SHIP LOT|FINAL CD INSPECTION|FINAL PARTICLE INSPECTION|PARAMETRIC TEST|SWITCHING TEST|FINAL LOT RELEASE|SHIP LOT|IMPLANT P BODY|BREAKDOWN VOLTAGE TEST|SWITCHING TEST|FINAL LOT RELEASE|SHIP LOT|FINAL CD INSPECTION|FINAL PARTICLE INSPECTION|PARAMETRIC TEST|SWITCHING TEST|FINAL LOT RELEASE|SHIP LOT|FINAL CD INSPECTION|FINAL PARTICLE INSPECTION|PARAMETRIC TEST|SWITCHING TEST|FINAL LOT RELEASE|SHIP LOT
valid_0525,MEASURE VIA CD|DEPOSIT BARRIER METAL|DEPOSIT TUNGSTEN SEED|FILL VIA TUNGSTEN|CMP METAL|MEASURE VIA RESISTANCE|DEPOSIT TOP METAL|ANNEAL METAL 1|SPIN COAT PHOTORESIST|SOFT BAKE|ALIGN MASK LEVEL 4|EXPOSE LITHO LEVEL 4|DEVELOP PHOTORESIST|METAL PATTERN INSPECTION|METAL ETCH DRY|STRIP RESIST|CLEAN AFTER METAL ETCH|MEASURE LINE WIDTH|DEPOSIT PASSIVATION|CURE PASSIVATION|MEASURE PASSIVATION QUALITY|OPEN BOND PAD WINDOW|OPEN PAD WINDOW LITHO|DEVELOP PAD WINDOW|PASSIVATION ETCH|STRIP RESIST|CLEAN PAD OPENING|MEASURE PAD OPENING|BACKSIDE THINNING CHECK|BACKSIDE CLEAN FINAL|DEPOSIT BACKSIDE PROTECTION|BACKSIDE ANNEAL|FRONTSIDE CLEAN FINAL|FINAL CLEAN|FINAL THICKNESS MEASURE|FINAL GEOMETRY CHECK|FINAL OXIDE CHECK|FINAL CD INSPECTION|FINAL PARTICLE INSPECTION|FINAL ELECTRICAL TEST PREP|PARAMETRIC TEST|LEAKAGE TEST|THRESHOLD VOLTAGE TEST|SWITCHING TEST|WAFER SORT TEST|YIELD ANALYSIS|LOT RELEASE|PACKAGE PREPARATION|SHIP LOT|FINAL OXIDE CHECK|FINAL CD INSPECTION|FINAL PARTICLE INSPECTION|PARAMETRIC TEST|SWITCHING TEST|WAFER SORT TEST|FINAL LOT RELEASE|PACKAGE PREPARATION|SHIP LOT|FINAL CD INSPECTION|FINAL PARTICLE INSPECTION|PARAMETRIC TEST|SWITCHING TEST|WAFER SORT TEST|FINAL LOT RELEASE|SHIP LOT|FINAL CD INSPECTION|FINAL PARTICLE INSPECTION|PARAMETRIC TEST|SWITCHING TEST|WAFER SORT TEST|FINAL LOT RELEASE|SHIP LOT|FINAL CD INSPECTION|FINAL PARTICLE INSPECTION|PARAMETRIC TEST|SWITCHING TEST|WAFER SORT TEST|FINAL LOT RELEASE|SHIP LOT|FINAL CD INSPECTION
valid_0526,DEVELOP PAD WINDOW|PASSIVATION ETCH|STRIP RESIST|CLEAN PAD OPENING|MEASURE PAD OPENING|BACKSIDE THINNING CHECK|BACKSIDE CLEAN FINAL|DEPOSIT BACKSIDE PROTECTION|BACKSIDE ANNEAL|FRONTSIDE CLEAN FINAL|FINAL CLEAN|FINAL THICKNESS MEASURE|FINAL GEOMETRY CHECK|FINAL OXIDE CHECK|FINAL CD INSPECTION|FINAL PARTICLE INSPECTION|FINAL ELECTRICAL TEST PREP|PARAMETRIC TEST|LEAKAGE TEST|THRESHOLD VOLTAGE TEST|SWITCHING TEST|WAFER SORT TEST|YIELD ANALYSIS|LOT RELEASE|PACKAGE PREPARATION|SHIP LOT|FINAL OXIDE CHECK|FINAL CD INSPECTION|FINAL PARTICLE INSPECTION|PARAMETRIC TEST|SWITCHING TEST|WAFER SORT TEST|FINAL LOT RELEASE|PACKAGE PREPARATION|SHIP LOT|FINAL CD INSPECTION|FINAL PARTICLE INSPECTION|PARAMETRIC TEST|SWITCHING TEST|WAFER SORT TEST|FINAL LOT RELEASE|SHIP LOT|FINAL CD INSPECTION|FINAL PARTICLE INSPECTION|PARAMETRIC TEST|SWITCHING TEST|WAFER SORT TEST|FINAL LOT RELEASE|SHIP LOT|FINAL CD INSPECTION|FINAL PARTICLE INSPECTION|PARAMETRIC TEST|SWITCHING TEST|WAFER SORT TEST|FINAL LOT RELEASE|SHIP LOT|FINAL CD INSPECTION|FINAL PARTICLE INSPECTION|PARAMETRIC TEST|SWITCHING TEST|FINAL LOT RELEASE|SHIP LOT|IMPLANT P BODY|BREAKDOWN VOLTAGE TEST|SWITCHING TEST|FINAL LOT RELEASE|SHIP LOT|FINAL CD INSPECTION|FINAL PARTICLE INSPECTION|PARAMETRIC TEST|SWITCHING TEST|FINAL LOT RELEASE|SHIP LOT|FINAL CD INSPECTION|FINAL PARTICLE INSPECTION|PARAMETRIC TEST|SWITCHING TEST|FINAL LOT RELEASE|SHIP LOT|FINAL CD INSPECTION
valid_0527,DEPOSIT BARRIER METAL|DEPOSIT TUNGSTEN SEED|FILL VIA TUNGSTEN|CMP METAL|MEASURE VIA RESISTANCE|DEPOSIT METAL 1|ANNEAL METAL 1|SPIN COAT PHOTORESIST|SOFT BAKE|ALIGN MASK LEVEL 4|EXPOSE LITHO LEVEL 4|DEVELOP PHOTORESIST|METAL PATTERN INSPECTION|METAL ETCH DRY|STRIP RESIST|CLEAN AFTER METAL ETCH|MEASURE LINE WIDTH|DEPOSIT PASSIVATION|CURE PASSIVATION|MEASURE PASSIVATION QUALITY|OPEN BOND PAD WINDOW|OPEN PAD WINDOW LITHO|DEVELOP PAD WINDOW|PASSIVATION ETCH PAD OPENING|STRIP RESIST|CLEAN PAD OPENING|MEASURE PAD OPENING|BACKSIDE THINNING CHECK|BACKSIDE CLEAN FINAL|DEPOSIT BACKSIDE PROTECTION|BACKSIDE ANNEAL|FRONTSIDE CLEAN FINAL|FINAL CLEAN|FINAL THICKNESS MEASURE|FINAL GEOMETRY CHECK|FINAL OXIDE CHECK|FINAL CD INSPECTION|FINAL PARTICLE INSPECTION|FINAL ELECTRICAL TEST PREP|PARAMETRIC TEST|LEAKAGE TEST|THRESHOLD VOLTAGE TEST|SWITCHING TEST|WAFER SORT TEST|YIELD ANALYSIS|LOT RELEASE|PACKAGE PREPARATION|SHIP LOT|FINAL OXIDE CHECK|FINAL CD INSPECTION|FINAL PARTICLE INSPECTION|PARAMETRIC TEST|SWITCHING TEST|WAFER SORT TEST|FINAL LOT RELEASE|PACKAGE PREPARATION|SHIP LOT|FINAL CD INSPECTION|FINAL PARTICLE INSPECTION|PARAMETRIC TEST|SWITCHING TEST|WAFER SORT TEST|FINAL LOT RELEASE|SHIP LOT|FINAL CD INSPECTION|FINAL PARTICLE INSPECTION|PARAMETRIC TEST|SWITCHING TEST|WAFER SORT TEST|FINAL LOT RELEASE|SHIP LOT|FINAL CD INSPECTION|FINAL PARTICLE INSPECTION|PARAMETRIC TEST|SWITCHING TEST|WAFER SORT TEST|FINAL LOT RELEASE|SHIP LOT|FINAL CD INSPECTION|FINAL PARTICLE INSPECTION
valid_0528,OPEN PAD WINDOW LITHO|DEVELOP PAD WINDOW|PASSIVATION ETCH|STRIP RESIST|CLEAN PAD OPENING|MEASURE PAD OPENING|BACKSIDE THINNING CHECK|BACKSIDE CLEAN FINAL|DEPOSIT BACKSIDE PROTECTION|BACKSIDE ANNEAL|FRONTSIDE CLEAN FINAL|FINAL CLEAN|FINAL THICKNESS MEASURE|FINAL GEOMETRY CHECK|FINAL OXIDE CHECK|FINAL CD INSPECTION|FINAL PARTICLE INSPECTION|FINAL ELECTRICAL TEST PREP|PARAMETRIC TEST|LEAKAGE TEST|THRESHOLD VOLTAGE TEST|SWITCHING TEST|WAFER SORT TEST|YIELD ANALYSIS|LOT RELEASE|PACKAGE PREPARATION|SHIP LOT|FINAL CD INSPECTION|FINAL PARTICLE INSPECTION|PARAMETRIC TEST|SWITCHING TEST|WAFER SORT TEST|FINAL LOT RELEASE|PACKAGE PREPARATION|SHIP LOT|FINAL CD INSPECTION|FINAL PARTICLE INSPECTION|PARAMETRIC TEST|SWITCHING TEST|WAFER SORT TEST|FINAL LOT RELEASE|SHIP LOT|FINAL CD INSPECTION|FINAL PARTICLE INSPECTION|PARAMETRIC TEST|SWITCHING TEST|WAFER SORT TEST|FINAL LOT RELEASE|SHIP LOT|FINAL CD INSPECTION|FINAL PARTICLE INSPECTION|PARAMETRIC TEST|SWITCHING TEST|WAFER SORT TEST|FINAL LOT RELEASE|SHIP LOT|FINAL CD INSPECTION|FINAL PARTICLE INSPECTION|PARAMETRIC TEST|SWITCHING TEST|FINAL LOT RELEASE|SHIP LOT|IMPLANT P BODY|BREAKDOWN VOLTAGE TEST|SWITCHING TEST|FINAL LOT RELEASE|SHIP LOT|FINAL CD INSPECTION|FINAL PARTICLE INSPECTION|PARAMETRIC TEST|SWITCHING TEST|FINAL LOT RELEASE|SHIP LOT|FINAL CD INSPECTION|FINAL PARTICLE INSPECTION|PARAMETRIC TEST|SWITCHING TEST|FINAL LOT RELEASE|SHIP LOT|FINAL CD INSPECTION
valid_0529,CLEAN AFTER VIA ETCH|MEASURE VIA CD|DEPOSIT BARRIER METAL|DEPOSIT TUNGSTEN SEED|FILL VIA TUNGSTEN|CMP METAL|MEASURE VIA RESISTANCE|DEPOSIT METAL 1|ANNEAL METAL 1|SPIN COAT PHOTORESIST|SOFT BAKE|ALIGN MASK LEVEL 4|EXPOSE LITHO LEVEL 4|DEVELOP PHOTORESIST|METAL PATTERN INSPECTION|METAL ETCH DRY|STRIP PHOTORESIST|CLEAN AFTER METAL ETCH|MEASURE LINE WIDTH|DEPOSIT PASSIVATION|CURE PASSIVATION|MEASURE PASSIVATION QUALITY|OPEN BOND PAD WINDOW|OPEN PAD WINDOW LITHO|DEVELOP PAD WINDOW|PASSIVATION ETCH PAD OPENING|STRIP RESIST|CLEAN PAD OPENING|MEASURE PAD OPENING|BACKSIDE THINNING CHECK|BACKSIDE CLEAN FINAL|DEPOSIT BACKSIDE PROTECTION|BACKSIDE ANNEAL|FRONTSIDE CLEAN FINAL|FINAL CLEAN|FINAL THICKNESS MEASURE|FINAL GEOMETRY CHECK|FINAL OXIDE CHECK|FINAL CD INSPECTION|FINAL PARTICLE INSPECTION|FINAL ELECTRICAL TEST PREP|PARAMETRIC TEST|LEAKAGE TEST|THRESHOLD VOLTAGE TEST|SWITCHING TEST|WAFER SORT TEST|YIELD ANALYSIS|LOT RELEASE|PACKAGE PREPARATION|SHIP LOT|FINAL OXIDE CHECK|FINAL CD INSPECTION|FINAL PARTICLE INSPECTION|PARAMETRIC TEST|SWITCHING TEST|WAFER SORT TEST|FINAL LOT RELEASE|PACKAGE PREPARATION|SHIP LOT|FINAL CD INSPECTION|FINAL PARTICLE INSPECTION|PARAMETRIC TEST|SWITCHING TEST|WAFER SORT TEST|FINAL LOT RELEASE|SHIP LOT|FINAL CD INSPECTION|FINAL PARTICLE INSPECTION|PARAMETRIC TEST|SWITCHING TEST|WAFER SORT TEST|FINAL LOT RELEASE|SHIP LOT|FINAL CD INSPECTION|FINAL PARTICLE INSPECTION|PARAMETRIC TEST|SWITCHING TEST|WAFER SORT TEST|FINAL LOT RELEASE|SHIP LOT
valid_0530,CURE PASSIVATION|MEASURE PASSIVATION QUALITY|OPEN BOND PAD WINDOW|OPEN PAD WINDOW LITHO|DEVELOP PAD WINDOW|PASSIVATION ETCH|STRIP RESIST|CLEAN PAD OPENING|MEASURE PAD OPENING|BACKSIDE THINNING CHECK|BACKSIDE CLEAN FINAL|DEPOSIT BACKSIDE PROTECTION|BACKSIDE ANNEAL|FRONTSIDE CLEAN FINAL|FINAL CLEAN|FINAL THICKNESS MEASURE|FINAL GEOMETRY CHECK|FINAL OXIDE CHECK|FINAL CD INSPECTION|FINAL PARTICLE INSPECTION|FINAL ELECTRICAL TEST PREP|PARAMETRIC TEST|LEAKAGE TEST|THRESHOLD VOLTAGE TEST|SWITCHING TEST|WAFER SORT TEST|YIELD ANALYSIS|LOT RELEASE|PACKAGE PREPARATION|SHIP LOT|FINAL CD INSPECTION|FINAL PARTICLE INSPECTION|PARAMETRIC TEST|SWITCHING TEST|WAFER SORT TEST|FINAL LOT RELEASE|PACKAGE PREPARATION|SHIP LOT|FINAL CD INSPECTION|FINAL PARTICLE INSPECTION|PARAMETRIC TEST|SWITCHING TEST|WAFER SORT TEST|FINAL LOT RELEASE|SHIP LOT|FINAL CD INSPECTION|FINAL PARTICLE INSPECTION|PARAMETRIC TEST|SWITCHING TEST|WAFER SORT TEST|FINAL LOT RELEASE|SHIP LOT|FINAL CD INSPECTION|FINAL PARTICLE INSPECTION|PARAMETRIC TEST|SWITCHING TEST|WAFER SORT TEST|FINAL LOT RELEASE|SHIP LOT|FINAL CD INSPECTION|FINAL PARTICLE INSPECTION|PARAMETRIC TEST|SWITCHING TEST|FINAL LOT RELEASE|SHIP LOT|IMPLANT P BODY|BREAKDOWN VOLTAGE TEST|SWITCHING TEST|FINAL LOT RELEASE|SHIP LOT|FINAL CD INSPECTION|FINAL PARTICLE INSPECTION|PARAMETRIC TEST|SWITCHING TEST|FINAL LOT RELEASE|SHIP LOT|FINAL CD INSPECTION|FINAL PARTICLE INSPECTION|PARAMETRIC TEST|SWITCHING TEST
valid_0531,DEPOSIT BARRIER METAL|DEPOSIT TUNGSTEN SEED|FILL VIA TUNGSTEN|CMP METAL|MEASURE VIA RESISTANCE|DEPOSIT METAL 1|ANNEAL METAL 1|SPIN COAT PHOTORESIST|SOFT BAKE|ALIGN MASK LEVEL 4|EXPOSE LITHO LEVEL 4|DEVELOP PHOTORESIST|METAL PATTERN INSPECTION|METAL ETCH DRY|STRIP RESIST|CLEAN AFTER METAL ETCH|MEASURE LINE WIDTH|DEPOSIT PASSIVATION|CURE PASSIVATION|MEASURE PASSIVATION QUALITY|OPEN BOND PAD WINDOW|OPEN PAD WINDOW LITHO|DEVELOP PAD WINDOW|PASSIVATION ETCH|STRIP RESIST|CLEAN PAD OPENING|MEASURE PAD OPENING|BACKSIDE THINNING CHECK|BACKSIDE CLEAN FINAL|DEPOSIT BACKSIDE PROTECTION|BACKSIDE ANNEAL|FRONTSIDE CLEAN FINAL|FINAL CLEAN|FINAL THICKNESS MEASURE|FINAL GEOMETRY CHECK|FINAL OXIDE CHECK|FINAL CD INSPECTION|FINAL PARTICLE INSPECTION|FINAL ELECTRICAL TEST PREP|PARAMETRIC TEST|LEAKAGE TEST|THRESHOLD VOLTAGE TEST|SWITCHING TEST|WAFER SORT TEST|YIELD ANALYSIS|LOT RELEASE|PACKAGE PREPARATION|SHIP LOT|FINAL OXIDE CHECK|FINAL CD INSPECTION|FINAL PARTICLE INSPECTION|PARAMETRIC TEST|SWITCHING TEST|WAFER SORT TEST|FINAL LOT RELEASE|PACKAGE PREPARATION|SHIP LOT|FINAL CD INSPECTION|FINAL PARTICLE INSPECTION|PARAMETRIC TEST|SWITCHING TEST|WAFER SORT TEST|FINAL LOT RELEASE|SHIP LOT|FINAL CD INSPECTION|FINAL PARTICLE INSPECTION|PARAMETRIC TEST|SWITCHING TEST|WAFER SORT TEST|FINAL LOT RELEASE|SHIP LOT|FINAL CD INSPECTION|FINAL PARTICLE INSPECTION|PARAMETRIC TEST|SWITCHING TEST|WAFER SORT TEST|FINAL LOT RELEASE|SHIP LOT|FINAL CD INSPECTION|FINAL PARTICLE INSPECTION
valid_0532,PASSIVATION ETCH|STRIP RESIST|CLEAN PAD OPENING|MEASURE PAD OPENING|BACKSIDE THINNING CHECK|BACKSIDE CLEAN FINAL|DEPOSIT BACKSIDE PROTECTION|BACKSIDE ANNEAL|FRONTSIDE CLEAN FINAL|FINAL CLEAN|FINAL THICKNESS MEASURE|FINAL GEOMETRY CHECK|FINAL OXIDE CHECK|FINAL CD INSPECTION|FINAL PARTICLE INSPECTION|FINAL ELECTRICAL TEST PREP|PARAMETRIC TEST|LEAKAGE TEST|THRESHOLD VOLTAGE TEST|SWITCHING TEST|WAFER SORT TEST|YIELD ANALYSIS|LOT RELEASE|PACKAGE PREPARATION|SHIP LOT|FINAL OXIDE CHECK|FINAL CD INSPECTION|FINAL PARTICLE INSPECTION|PARAMETRIC TEST|SWITCHING TEST|WAFER SORT TEST|FINAL LOT RELEASE|PACKAGE PREPARATION|SHIP LOT|FINAL CD INSPECTION|FINAL PARTICLE INSPECTION|PARAMETRIC TEST|SWITCHING TEST|WAFER SORT TEST|FINAL LOT RELEASE|SHIP LOT|FINAL CD INSPECTION|FINAL PARTICLE INSPECTION|PARAMETRIC TEST|SWITCHING TEST|WAFER SORT TEST|FINAL LOT RELEASE|SHIP LOT|FINAL CD INSPECTION|FINAL PARTICLE INSPECTION|PARAMETRIC TEST|SWITCHING TEST|WAFER SORT TEST|FINAL LOT RELEASE|SHIP LOT|FINAL CD INSPECTION|FINAL PARTICLE INSPECTION|PARAMETRIC TEST|SWITCHING TEST|FINAL LOT RELEASE|SHIP LOT|IMPLANT P BODY|BREAKDOWN VOLTAGE TEST|SWITCHING TEST|FINAL LOT RELEASE|SHIP LOT|FINAL CD INSPECTION|FINAL PARTICLE INSPECTION|PARAMETRIC TEST|SWITCHING TEST|FINAL LOT RELEASE|SHIP LOT|FINAL CD INSPECTION|FINAL PARTICLE INSPECTION|PARAMETRIC TEST|SWITCHING TEST|FINAL LOT RELEASE|SHIP LOT|FINAL CD INSPECTION|FINAL PARTICLE INSPECTION
valid_0533,DEPOSIT TUNGSTEN SEED|FILL VIA TUNGSTEN|CMP METAL|MEASURE VIA RESISTANCE|DEPOSIT TOP METAL|ANNEAL METAL 1|SPIN COAT PHOTORESIST|SOFT BAKE|ALIGN MASK LEVEL 4|EXPOSE LITHO LEVEL 4|DEVELOP PHOTORESIST|METAL PATTERN INSPECTION|METAL ETCH DRY|STRIP RESIST|CLEAN AFTER METAL ETCH|MEASURE LINE WIDTH|DEPOSIT PASSIVATION|CURE PASSIVATION|MEASURE PASSIVATION QUALITY|OPEN BOND PAD WINDOW|OPEN PAD WINDOW LITHO|DEVELOP PAD WINDOW|PASSIVATION ETCH|STRIP RESIST|CLEAN PAD OPENING|MEASURE PAD OPENING|BACKSIDE THINNING CHECK|BACKSIDE CLEAN FINAL|DEPOSIT BACKSIDE PROTECTION|BACKSIDE ANNEAL|FRONTSIDE CLEAN FINAL|FINAL CLEAN|FINAL THICKNESS MEASURE|FINAL GEOMETRY CHECK|FINAL OXIDE CHECK|FINAL CD INSPECTION|FINAL PARTICLE INSPECTION|FINAL ELECTRICAL TEST PREP|PARAMETRIC TEST|LEAKAGE TEST|THRESHOLD VOLTAGE TEST|SWITCHING TEST|WAFER SORT TEST|YIELD ANALYSIS|FINAL LOT RELEASE|PACKAGE PREPARATION|SHIP LOT|FINAL OXIDE CHECK|FINAL CD INSPECTION|FINAL PARTICLE INSPECTION|PARAMETRIC TEST|SWITCHING TEST|WAFER SORT TEST|FINAL LOT RELEASE|SHIP LOT|FINAL CD INSPECTION|FINAL PARTICLE INSPECTION|PARAMETRIC TEST|SWITCHING TEST|WAFER SORT TEST|FINAL LOT RELEASE|SHIP LOT|FINAL CD INSPECTION|FINAL PARTICLE INSPECTION|PARAMETRIC TEST|SWITCHING TEST|WAFER SORT TEST|FINAL LOT RELEASE|SHIP LOT|FINAL CD INSPECTION|FINAL PARTICLE INSPECTION|PARAMETRIC TEST|SWITCHING TEST|WAFER SORT TEST|FINAL LOT RELEASE|SHIP LOT|FINAL CD INSPECTION|FINAL PARTICLE INSPECTION|PARAMETRIC TEST|SWITCHING TEST
valid_0534,PASSIVATION ETCH|STRIP RESIST|CLEAN PAD OPENING|MEASURE PAD OPENING|BACKSIDE THINNING CHECK|BACKSIDE CLEAN FINAL|DEPOSIT BACKSIDE PROTECTION|BACKSIDE ANNEAL|FRONTSIDE CLEAN FINAL|FINAL CLEAN|FINAL THICKNESS MEASURE|FINAL GEOMETRY CHECK|FINAL OXIDE CHECK|FINAL CD INSPECTION|FINAL PARTICLE INSPECTION|FINAL ELECTRICAL TEST PREP|PARAMETRIC TEST|LEAKAGE TEST|THRESHOLD VOLTAGE TEST|SWITCHING TEST|WAFER SORT TEST|YIELD ANALYSIS|FINAL LOT RELEASE|PACKAGE PREPARATION|SHIP LOT|FINAL OXIDE CHECK|FINAL CD INSPECTION|FINAL PARTICLE INSPECTION|PARAMETRIC TEST|SWITCHING TEST|WAFER SORT TEST|FINAL LOT RELEASE|SHIP LOT|FINAL CD INSPECTION|FINAL PARTICLE INSPECTION|PARAMETRIC TEST|SWITCHING TEST|WAFER SORT TEST|FINAL LOT RELEASE|SHIP LOT|FINAL CD INSPECTION|FINAL PARTICLE INSPECTION|PARAMETRIC TEST|SWITCHING TEST|WAFER SORT TEST|FINAL LOT RELEASE|SHIP LOT|FINAL CD INSPECTION|FINAL PARTICLE INSPECTION|PARAMETRIC TEST|SWITCHING TEST|WAFER SORT TEST|FINAL LOT RELEASE|SHIP LOT|FINAL CD INSPECTION|FINAL PARTICLE INSPECTION|PARAMETRIC TEST|SWITCHING TEST|FINAL LOT RELEASE|SHIP LOT|IMPLANT P BODY|BREAKDOWN VOLTAGE TEST|SWITCHING TEST|FINAL LOT RELEASE|SHIP LOT|FINAL CD INSPECTION|FINAL PARTICLE INSPECTION|PARAMETRIC TEST|SWITCHING TEST|FINAL LOT RELEASE|SHIP LOT|FINAL CD INSPECTION|FINAL PARTICLE INSPECTION|PARAMETRIC TEST|SWITCHING TEST|FINAL LOT RELEASE|SHIP LOT|FINAL CD INSPECTION|FINAL PARTICLE INSPECTION|PARAMETRIC TEST
valid_0535,DEPOSIT BARRIER METAL|DEPOSIT TUNGSTEN SEED|FILL VIA TUNGSTEN|CMP METAL|MEASURE VIA RESISTANCE|DEPOSIT TOP METAL|ANNEAL METAL 1|SPIN COAT PHOTORESIST|SOFT BAKE|ALIGN MASK LEVEL 4|EXPOSE LITHO LEVEL 4|DEVELOP PHOTORESIST|METAL PATTERN INSPECTION|METAL ETCH DRY|STRIP RESIST|CLEAN AFTER METAL ETCH|MEASURE LINE WIDTH|DEPOSIT PASSIVATION|CURE PASSIVATION|MEASURE PASSIVATION QUALITY|OPEN BOND PAD WINDOW|OPEN PAD WINDOW LITHO|DEVELOP PAD WINDOW|PASSIVATION ETCH|STRIP RESIST|CLEAN PAD OPENING|MEASURE PAD OPENING|BACKSIDE THINNING CHECK|BACKSIDE CLEAN FINAL|DEPOSIT BACKSIDE PROTECTION|BACKSIDE ANNEAL|FRONTSIDE CLEAN FINAL|FINAL CLEAN|FINAL THICKNESS MEASURE|FINAL GEOMETRY CHECK|FINAL OXIDE CHECK|FINAL CD INSPECTION|FINAL PARTICLE INSPECTION|FINAL ELECTRICAL TEST PREP|PARAMETRIC TEST|LEAKAGE TEST|THRESHOLD VOLTAGE TEST|SWITCHING TEST|WAFER SORT TEST|YIELD ANALYSIS|LOT RELEASE|PACKAGE PREPARATION|SHIP LOT|FINAL CD INSPECTION|FINAL PARTICLE INSPECTION|PARAMETRIC TEST|SWITCHING TEST|WAFER SORT TEST|FINAL LOT RELEASE|SHIP LOT|FINAL CD INSPECTION|FINAL PARTICLE INSPECTION|PARAMETRIC TEST|SWITCHING TEST|WAFER SORT TEST|FINAL LOT RELEASE|SHIP LOT|FINAL CD INSPECTION|FINAL PARTICLE INSPECTION|PARAMETRIC TEST|SWITCHING TEST|WAFER SORT TEST|FINAL LOT RELEASE|SHIP LOT|FINAL CD INSPECTION|FINAL PARTICLE INSPECTION|PARAMETRIC TEST|SWITCHING TEST|WAFER SORT TEST|FINAL LOT RELEASE|SHIP LOT|FINAL CD INSPECTION|FINAL PARTICLE INSPECTION|PARAMETRIC TEST|SWITCHING TEST
valid_0536,PASSIVATION ETCH|STRIP RESIST|CLEAN PAD OPENING|MEASURE PAD OPENING|BACKSIDE THINNING CHECK|BACKSIDE CLEAN FINAL|DEPOSIT BACKSIDE PROTECTION|BACKSIDE ANNEAL|FRONTSIDE CLEAN FINAL|FINAL CLEAN|FINAL THICKNESS MEASURE|FINAL GEOMETRY CHECK|FINAL OXIDE CHECK|FINAL CD INSPECTION|FINAL PARTICLE INSPECTION|FINAL ELECTRICAL TEST PREP|PARAMETRIC TEST|LEAKAGE TEST|THRESHOLD VOLTAGE TEST|SWITCHING TEST|WAFER SORT TEST|YIELD ANALYSIS|FINAL LOT RELEASE|PACKAGE PREPARATION|SHIP LOT|FINAL OXIDE CHECK|FINAL CD INSPECTION|FINAL PARTICLE INSPECTION|PARAMETRIC TEST|SWITCHING TEST|WAFER SORT TEST|FINAL LOT RELEASE|SHIP LOT|FINAL CD INSPECTION|FINAL PARTICLE INSPECTION|PARAMETRIC TEST|SWITCHING TEST|WAFER SORT TEST|FINAL LOT RELEASE|SHIP LOT|FINAL CD INSPECTION|FINAL PARTICLE INSPECTION|PARAMETRIC TEST|SWITCHING TEST|WAFER SORT TEST|FINAL LOT RELEASE|SHIP LOT|FINAL CD INSPECTION|FINAL PARTICLE INSPECTION|PARAMETRIC TEST|SWITCHING TEST|WAFER SORT TEST|FINAL LOT RELEASE|SHIP LOT|FINAL CD INSPECTION|FINAL PARTICLE INSPECTION|PARAMETRIC TEST|SWITCHING TEST|FINAL LOT RELEASE|SHIP LOT|IMPLANT P BODY|BREAKDOWN VOLTAGE TEST|SWITCHING TEST|FINAL LOT RELEASE|SHIP LOT|FINAL CD INSPECTION|FINAL PARTICLE INSPECTION|PARAMETRIC TEST|SWITCHING TEST|FINAL LOT RELEASE|SHIP LOT|FINAL CD INSPECTION|FINAL PARTICLE INSPECTION|PARAMETRIC TEST|SWITCHING TEST|FINAL LOT RELEASE|SHIP LOT|FINAL CD INSPECTION|FINAL PARTICLE INSPECTION|PARAMETRIC TEST
valid_0537,MEASURE VIA CD|DEPOSIT BARRIER METAL|DEPOSIT TUNGSTEN SEED|FILL VIA TUNGSTEN|CMP METAL|MEASURE VIA RESISTANCE|DEPOSIT METAL 1|ANNEAL METAL 1|SPIN COAT PHOTORESIST|SOFT BAKE|ALIGN MASK LEVEL 4|EXPOSE LITHO LEVEL 4|DEVELOP PHOTORESIST|METAL PATTERN INSPECTION|METAL ETCH DRY|STRIP PHOTORESIST|CLEAN AFTER METAL ETCH|MEASURE LINE WIDTH|DEPOSIT PASSIVATION|CURE PASSIVATION|MEASURE PASSIVATION QUALITY|OPEN BOND PAD WINDOW|OPEN PAD WINDOW LITHO|DEVELOP PAD WINDOW|PASSIVATION ETCH PAD OPENING|STRIP RESIST|CLEAN PAD OPENING|MEASURE PAD OPENING|BACKSIDE THINNING CHECK|BACKSIDE CLEAN FINAL|DEPOSIT BACKSIDE PROTECTION|BACKSIDE ANNEAL|FRONTSIDE CLEAN FINAL|FINAL CLEAN|FINAL THICKNESS MEASURE|FINAL GEOMETRY CHECK|FINAL OXIDE CHECK|FINAL CD INSPECTION|FINAL PARTICLE INSPECTION|FINAL ELECTRICAL TEST PREP|PARAMETRIC TEST|LEAKAGE TEST|THRESHOLD VOLTAGE TEST|SWITCHING TEST|WAFER SORT TEST|YIELD ANALYSIS|LOT RELEASE|PACKAGE PREPARATION|SHIP LOT|FINAL OXIDE CHECK|FINAL CD INSPECTION|FINAL PARTICLE INSPECTION|PARAMETRIC TEST|SWITCHING TEST|WAFER SORT TEST|FINAL LOT RELEASE|PACKAGE PREPARATION|SHIP LOT|FINAL CD INSPECTION|FINAL PARTICLE INSPECTION|PARAMETRIC TEST|SWITCHING TEST|WAFER SORT TEST|FINAL LOT RELEASE|SHIP LOT|FINAL CD INSPECTION|FINAL PARTICLE INSPECTION|PARAMETRIC TEST|SWITCHING TEST|WAFER SORT TEST|FINAL LOT RELEASE|SHIP LOT|FINAL CD INSPECTION|FINAL PARTICLE INSPECTION|PARAMETRIC TEST|SWITCHING TEST|WAFER SORT TEST|FINAL LOT RELEASE|SHIP LOT|FINAL CD INSPECTION
valid_0538,DEVELOP PAD WINDOW|PASSIVATION ETCH PAD OPENING|STRIP RESIST|CLEAN PAD OPENING|MEASURE PAD OPENING|BACKSIDE THINNING CHECK|BACKSIDE CLEAN FINAL|DEPOSIT BACKSIDE PROTECTION|BACKSIDE ANNEAL|FRONTSIDE CLEAN FINAL|FINAL CLEAN|FINAL THICKNESS MEASURE|FINAL GEOMETRY CHECK|FINAL OXIDE CHECK|FINAL CD INSPECTION|FINAL PARTICLE INSPECTION|FINAL ELECTRICAL TEST PREP|PARAMETRIC TEST|LEAKAGE TEST|THRESHOLD VOLTAGE TEST|SWITCHING TEST|WAFER SORT TEST|YIELD ANALYSIS|LOT RELEASE|PACKAGE PREPARATION|SHIP LOT|FINAL OXIDE CHECK|FINAL CD INSPECTION|FINAL PARTICLE INSPECTION|PARAMETRIC TEST|SWITCHING TEST|WAFER SORT TEST|FINAL LOT RELEASE|PACKAGE PREPARATION|SHIP LOT|FINAL CD INSPECTION|FINAL PARTICLE INSPECTION|PARAMETRIC TEST|SWITCHING TEST|WAFER SORT TEST|FINAL LOT RELEASE|SHIP LOT|FINAL CD INSPECTION|FINAL PARTICLE INSPECTION|PARAMETRIC TEST|SWITCHING TEST|WAFER SORT TEST|FINAL LOT RELEASE|SHIP LOT|FINAL CD INSPECTION|FINAL PARTICLE INSPECTION|PARAMETRIC TEST|SWITCHING TEST|WAFER SORT TEST|FINAL LOT RELEASE|SHIP LOT|FINAL CD INSPECTION|FINAL PARTICLE INSPECTION|PARAMETRIC TEST|SWITCHING TEST|FINAL LOT RELEASE|SHIP LOT|IMPLANT P BODY|BREAKDOWN VOLTAGE TEST|SWITCHING TEST|FINAL LOT RELEASE|SHIP LOT|FINAL CD INSPECTION|FINAL PARTICLE INSPECTION|PARAMETRIC TEST|SWITCHING TEST|FINAL LOT RELEASE|SHIP LOT|FINAL CD INSPECTION|FINAL PARTICLE INSPECTION|PARAMETRIC TEST|SWITCHING TEST|FINAL LOT RELEASE|SHIP LOT|FINAL CD INSPECTION
valid_0539,STRIP PHOTORESIST|CLEAN AFTER VIA ETCH|MEASURE VIA CD|DEPOSIT BARRIER METAL|DEPOSIT TUNGSTEN SEED|FILL VIA TUNGSTEN|CMP METAL|MEASURE VIA RESISTANCE|DEPOSIT TOP METAL|ANNEAL METAL 1|SPIN COAT PHOTORESIST|SOFT BAKE|ALIGN MASK LEVEL 4|EXPOSE LITHO LEVEL 4|DEVELOP PHOTORESIST|METAL PATTERN INSPECTION|METAL ETCH DRY|STRIP PHOTORESIST|CLEAN AFTER METAL ETCH|MEASURE LINE WIDTH|DEPOSIT PASSIVATION|CURE PASSIVATION|MEASURE PASSIVATION QUALITY|OPEN BOND PAD WINDOW|OPEN PAD WINDOW LITHO|DEVELOP PAD WINDOW|PASSIVATION ETCH PAD OPENING|STRIP RESIST|CLEAN PAD OPENING|MEASURE PAD OPENING|BACKSIDE THINNING CHECK|BACKSIDE CLEAN FINAL|DEPOSIT BACKSIDE PROTECTION|BACKSIDE ANNEAL|FRONTSIDE CLEAN FINAL|FINAL CLEAN|FINAL THICKNESS MEASURE|FINAL GEOMETRY CHECK|FINAL OXIDE CHECK|FINAL CD INSPECTION|FINAL PARTICLE INSPECTION|FINAL ELECTRICAL TEST PREP|PARAMETRIC TEST|LEAKAGE TEST|THRESHOLD VOLTAGE TEST|SWITCHING TEST|WAFER SORT TEST|YIELD ANALYSIS|LOT RELEASE|PACKAGE PREPARATION|SHIP LOT|FINAL OXIDE CHECK|FINAL CD INSPECTION|FINAL PARTICLE INSPECTION|PARAMETRIC TEST|SWITCHING TEST|WAFER SORT TEST|FINAL LOT RELEASE|PACKAGE PREPARATION|SHIP LOT|FINAL CD INSPECTION|FINAL PARTICLE INSPECTION|PARAMETRIC TEST|SWITCHING TEST|WAFER SORT TEST|FINAL LOT RELEASE|SHIP LOT|FINAL CD INSPECTION|FINAL PARTICLE INSPECTION|PARAMETRIC TEST|SWITCHING TEST|WAFER SORT TEST|FINAL LOT RELEASE|SHIP LOT|FINAL CD INSPECTION|FINAL PARTICLE INSPECTION|PARAMETRIC TEST|SWITCHING TEST|WAFER SORT TEST|FINAL LOT RELEASE
valid_0540,OPEN BOND PAD WINDOW|OPEN PAD WINDOW LITHO|DEVELOP PAD WINDOW|PASSIVATION ETCH PAD OPENING|STRIP RESIST|CLEAN PAD OPENING|MEASURE PAD OPENING|BACKSIDE THINNING CHECK|BACKSIDE CLEAN FINAL|DEPOSIT BACKSIDE PROTECTION|BACKSIDE ANNEAL|FRONTSIDE CLEAN FINAL|FINAL CLEAN|FINAL THICKNESS MEASURE|FINAL GEOMETRY CHECK|FINAL OXIDE CHECK|FINAL CD INSPECTION|FINAL PARTICLE INSPECTION|FINAL ELECTRICAL TEST PREP|PARAMETRIC TEST|LEAKAGE TEST|THRESHOLD VOLTAGE TEST|SWITCHING TEST|WAFER SORT TEST|YIELD ANALYSIS|LOT RELEASE|PACKAGE PREPARATION|SHIP LOT|FINAL OXIDE CHECK|FINAL CD INSPECTION|FINAL PARTICLE INSPECTION|PARAMETRIC TEST|SWITCHING TEST|WAFER SORT TEST|FINAL LOT RELEASE|PACKAGE PREPARATION|SHIP LOT|FINAL CD INSPECTION|FINAL PARTICLE INSPECTION|PARAMETRIC TEST|SWITCHING TEST|WAFER SORT TEST|FINAL LOT RELEASE|SHIP LOT|FINAL CD INSPECTION|FINAL PARTICLE INSPECTION|PARAMETRIC TEST|SWITCHING TEST|WAFER SORT TEST|FINAL LOT RELEASE|SHIP LOT|FINAL CD INSPECTION|FINAL PARTICLE INSPECTION|PARAMETRIC TEST|SWITCHING TEST|WAFER SORT TEST|FINAL LOT RELEASE|SHIP LOT|FINAL CD INSPECTION|FINAL PARTICLE INSPECTION|PARAMETRIC TEST|SWITCHING TEST|WAFER SORT TEST|FINAL LOT RELEASE|SHIP LOT|FINAL CD INSPECTION|FINAL PARTICLE INSPECTION|PARAMETRIC TEST|SWITCHING TEST|FINAL LOT RELEASE|SHIP LOT|FINAL CD INSPECTION|FINAL PARTICLE INSPECTION|PARAMETRIC TEST|SWITCHING TEST|FINAL LOT RELEASE|SHIP LOT|FINAL CD INSPECTION|FINAL PARTICLE INSPECTION|PARAMETRIC TEST
valid_0541,STRIP PHOTORESIST|CLEAN AFTER VIA ETCH|MEASURE VIA CD|DEPOSIT BARRIER METAL|DEPOSIT TUNGSTEN SEED|FILL VIA TUNGSTEN|CMP METAL|MEASURE VIA RESISTANCE|DEPOSIT TOP METAL|ANNEAL METAL 1|SPIN COAT PHOTORESIST|SOFT BAKE|ALIGN MASK LEVEL 4|EXPOSE LITHO LEVEL 4|DEVELOP PHOTORESIST|METAL PATTERN INSPECTION|METAL ETCH DRY|STRIP RESIST|CLEAN AFTER METAL ETCH|MEASURE LINE WIDTH|DEPOSIT PASSIVATION|CURE PASSIVATION|MEASURE PASSIVATION QUALITY|OPEN BOND PAD WINDOW|OPEN PAD WINDOW LITHO|DEVELOP PAD WINDOW|PASSIVATION ETCH|STRIP RESIST|CLEAN PAD OPENING|MEASURE PAD OPENING|BACKSIDE THINNING CHECK|BACKSIDE CLEAN FINAL|DEPOSIT BACKSIDE PROTECTION|BACKSIDE ANNEAL|FRONTSIDE CLEAN FINAL|FINAL CLEAN|FINAL THICKNESS MEASURE|FINAL GEOMETRY CHECK|FINAL OXIDE CHECK|FINAL CD INSPECTION|FINAL PARTICLE INSPECTION|FINAL ELECTRICAL TEST PREP|PARAMETRIC TEST|LEAKAGE TEST|THRESHOLD VOLTAGE TEST|SWITCHING TEST|WAFER SORT TEST|YIELD ANALYSIS|LOT RELEASE|PACKAGE PREPARATION|SHIP LOT|FINAL CD INSPECTION|FINAL PARTICLE INSPECTION|PARAMETRIC TEST|SWITCHING TEST|WAFER SORT TEST|FINAL LOT RELEASE|SHIP LOT|FINAL CD INSPECTION|FINAL PARTICLE INSPECTION|PARAMETRIC TEST|SWITCHING TEST|WAFER SORT TEST|FINAL LOT RELEASE|SHIP LOT|FINAL CD INSPECTION|FINAL PARTICLE INSPECTION|PARAMETRIC TEST|SWITCHING TEST|WAFER SORT TEST|FINAL LOT RELEASE|SHIP LOT|FINAL CD INSPECTION|FINAL PARTICLE INSPECTION|PARAMETRIC TEST|SWITCHING TEST|WAFER SORT TEST|FINAL LOT RELEASE|SHIP LOT|FINAL CD INSPECTION
valid_0542,OPEN BOND PAD WINDOW|OPEN PAD WINDOW LITHO|DEVELOP PAD WINDOW|PASSIVATION ETCH|STRIP RESIST|CLEAN PAD OPENING|MEASURE PAD OPENING|BACKSIDE THINNING CHECK|BACKSIDE CLEAN FINAL|DEPOSIT BACKSIDE PROTECTION|BACKSIDE ANNEAL|FRONTSIDE CLEAN FINAL|FINAL CLEAN|FINAL THICKNESS MEASURE|FINAL GEOMETRY CHECK|FINAL OXIDE CHECK|FINAL CD INSPECTION|FINAL PARTICLE INSPECTION|FINAL ELECTRICAL TEST PREP|PARAMETRIC TEST|LEAKAGE TEST|THRESHOLD VOLTAGE TEST|SWITCHING TEST|WAFER SORT TEST|YIELD ANALYSIS|LOT RELEASE|PACKAGE PREPARATION|SHIP LOT|FINAL CD INSPECTION|FINAL PARTICLE INSPECTION|PARAMETRIC TEST|SWITCHING TEST|WAFER SORT TEST|FINAL LOT RELEASE|SHIP LOT|FINAL CD INSPECTION|FINAL PARTICLE INSPECTION|PARAMETRIC TEST|SWITCHING TEST|WAFER SORT TEST|FINAL LOT RELEASE|SHIP LOT|FINAL CD INSPECTION|FINAL PARTICLE INSPECTION|PARAMETRIC TEST|SWITCHING TEST|WAFER SORT TEST|FINAL LOT RELEASE|SHIP LOT|FINAL CD INSPECTION|FINAL PARTICLE INSPECTION|PARAMETRIC TEST|SWITCHING TEST|WAFER SORT TEST|FINAL LOT RELEASE|SHIP LOT|FINAL CD INSPECTION|FINAL PARTICLE INSPECTION|PARAMETRIC TEST|SWITCHING TEST|FINAL LOT RELEASE|SHIP LOT|IMPLANT P BODY|BREAKDOWN VOLTAGE TEST|SWITCHING TEST|FINAL LOT RELEASE|SHIP LOT|FINAL CD INSPECTION|FINAL PARTICLE INSPECTION|PARAMETRIC TEST|SWITCHING TEST|FINAL LOT RELEASE|SHIP LOT|FINAL CD INSPECTION|FINAL PARTICLE INSPECTION|PARAMETRIC TEST|SWITCHING TEST|FINAL LOT RELEASE|SHIP LOT|FINAL CD INSPECTION
valid_0543,MEASURE VIA CD|DEPOSIT BARRIER METAL|DEPOSIT TUNGSTEN SEED|FILL VIA TUNGSTEN|CMP METAL|MEASURE VIA RESISTANCE|DEPOSIT TOP METAL|ANNEAL METAL 1|SPIN COAT PHOTORESIST|SOFT BAKE|ALIGN MASK LEVEL 4|EXPOSE LITHO LEVEL 4|DEVELOP PHOTORESIST|METAL PATTERN INSPECTION|METAL ETCH DRY|STRIP PHOTORESIST|CLEAN AFTER METAL ETCH|MEASURE LINE WIDTH|DEPOSIT PASSIVATION|CURE PASSIVATION|MEASURE PASSIVATION QUALITY|OPEN BOND PAD WINDOW|OPEN PAD WINDOW LITHO|DEVELOP PAD WINDOW|PASSIVATION ETCH|STRIP RESIST|CLEAN PAD OPENING|MEASURE PAD OPENING|BACKSIDE THINNING CHECK|BACKSIDE CLEAN FINAL|DEPOSIT BACKSIDE PROTECTION|BACKSIDE ANNEAL|FRONTSIDE CLEAN FINAL|FINAL CLEAN|FINAL THICKNESS MEASURE|FINAL GEOMETRY CHECK|FINAL OXIDE CHECK|FINAL CD INSPECTION|FINAL PARTICLE INSPECTION|FINAL ELECTRICAL TEST PREP|PARAMETRIC TEST|LEAKAGE TEST|THRESHOLD VOLTAGE TEST|SWITCHING TEST|WAFER SORT TEST|YIELD ANALYSIS|LOT RELEASE|PACKAGE PREPARATION|SHIP LOT|FINAL OXIDE CHECK|FINAL CD INSPECTION|FINAL PARTICLE INSPECTION|PARAMETRIC TEST|SWITCHING TEST|WAFER SORT TEST|FINAL LOT RELEASE|PACKAGE PREPARATION|SHIP LOT|FINAL CD INSPECTION|FINAL PARTICLE INSPECTION|PARAMETRIC TEST|SWITCHING TEST|WAFER SORT TEST|FINAL LOT RELEASE|SHIP LOT|FINAL CD INSPECTION|FINAL PARTICLE INSPECTION|PARAMETRIC TEST|SWITCHING TEST|WAFER SORT TEST|FINAL LOT RELEASE|SHIP LOT|FINAL CD INSPECTION|FINAL PARTICLE INSPECTION|PARAMETRIC TEST|SWITCHING TEST|WAFER SORT TEST|FINAL LOT RELEASE|SHIP LOT|FINAL CD INSPECTION
valid_0544,OPEN BOND PAD WINDOW|OPEN PAD WINDOW LITHO|DEVELOP PAD WINDOW|PASSIVATION ETCH|STRIP PHOTORESIST|CLEAN PAD OPENING|MEASURE PAD OPENING|BACKSIDE THINNING CHECK|BACKSIDE CLEAN FINAL|DEPOSIT BACKSIDE PROTECTION|BACKSIDE ANNEAL|FRONTSIDE CLEAN FINAL|FINAL CLEAN|FINAL THICKNESS MEASURE|FINAL GEOMETRY CHECK|FINAL OXIDE CHECK|FINAL CD INSPECTION|FINAL PARTICLE INSPECTION|FINAL ELECTRICAL TEST PREP|PARAMETRIC TEST|LEAKAGE TEST|THRESHOLD VOLTAGE TEST|SWITCHING TEST|WAFER SORT TEST|YIELD ANALYSIS|LOT RELEASE|PACKAGE PREPARATION|SHIP LOT|FINAL CD INSPECTION|FINAL PARTICLE INSPECTION|PARAMETRIC TEST|SWITCHING TEST|WAFER SORT TEST|FINAL LOT RELEASE|SHIP LOT|FINAL CD INSPECTION|FINAL PARTICLE INSPECTION|PARAMETRIC TEST|SWITCHING TEST|WAFER SORT TEST|FINAL LOT RELEASE|SHIP LOT|FINAL CD INSPECTION|FINAL PARTICLE INSPECTION|PARAMETRIC TEST|SWITCHING TEST|WAFER SORT TEST|FINAL LOT RELEASE|SHIP LOT|FINAL CD INSPECTION|FINAL PARTICLE INSPECTION|PARAMETRIC TEST|SWITCHING TEST|WAFER SORT TEST|FINAL LOT RELEASE|SHIP LOT|FINAL CD INSPECTION|FINAL PARTICLE INSPECTION|PARAMETRIC TEST|SWITCHING TEST|FINAL LOT RELEASE|SHIP LOT|IMPLANT P BODY|BREAKDOWN VOLTAGE TEST|SWITCHING TEST|FINAL LOT RELEASE|SHIP LOT|FINAL CD INSPECTION|FINAL PARTICLE INSPECTION|PARAMETRIC TEST|SWITCHING TEST|FINAL LOT RELEASE|SHIP LOT|FINAL CD INSPECTION|FINAL PARTICLE INSPECTION|PARAMETRIC TEST|SWITCHING TEST|FINAL LOT RELEASE|SHIP LOT|FINAL CD INSPECTION
valid_0545,DEPOSIT BARRIER METAL|DEPOSIT TUNGSTEN SEED|FILL VIA TUNGSTEN|CMP METAL|MEASURE VIA RESISTANCE|DEPOSIT TOP METAL|ANNEAL METAL 1|SPIN COAT PHOTORESIST|SOFT BAKE|ALIGN MASK LEVEL 4|EXPOSE LITHO LEVEL 4|DEVELOP PHOTORESIST|METAL PATTERN INSPECTION|METAL ETCH DRY|STRIP RESIST|CLEAN AFTER METAL ETCH|MEASURE LINE WIDTH|DEPOSIT PASSIVATION|CURE PASSIVATION|MEASURE PASSIVATION QUALITY|OPEN BOND PAD WINDOW|OPEN PAD WINDOW LITHO|DEVELOP PAD WINDOW|PASSIVATION ETCH PAD OPENING|STRIP RESIST|CLEAN PAD OPENING|MEASURE PAD OPENING|BACKSIDE THINNING CHECK|BACKSIDE CLEAN FINAL|DEPOSIT BACKSIDE PROTECTION|BACKSIDE ANNEAL|FRONTSIDE CLEAN FINAL|FINAL CLEAN|FINAL THICKNESS MEASURE|FINAL GEOMETRY CHECK|FINAL OXIDE CHECK|FINAL CD INSPECTION|FINAL PARTICLE INSPECTION|FINAL ELECTRICAL TEST PREP|PARAMETRIC TEST|LEAKAGE TEST|THRESHOLD VOLTAGE TEST|SWITCHING TEST|WAFER SORT TEST|YIELD ANALYSIS|LOT RELEASE|PACKAGE PREPARATION|SHIP LOT|FINAL OXIDE CHECK|FINAL CD INSPECTION|FINAL PARTICLE INSPECTION|PARAMETRIC TEST|SWITCHING TEST|WAFER SORT TEST|FINAL LOT RELEASE|PACKAGE PREPARATION|SHIP LOT|FINAL CD INSPECTION|FINAL PARTICLE INSPECTION|PARAMETRIC TEST|SWITCHING TEST|WAFER SORT TEST|FINAL LOT RELEASE|SHIP LOT|FINAL CD INSPECTION|FINAL PARTICLE INSPECTION|PARAMETRIC TEST|SWITCHING TEST|WAFER SORT TEST|FINAL LOT RELEASE|SHIP LOT|FINAL CD INSPECTION|FINAL PARTICLE INSPECTION|PARAMETRIC TEST|SWITCHING TEST|WAFER SORT TEST|FINAL LOT RELEASE|SHIP LOT|FINAL CD INSPECTION|FINAL PARTICLE INSPECTION
valid_0546,DEVELOP PAD WINDOW|PASSIVATION ETCH|STRIP RESIST|CLEAN PAD OPENING|MEASURE PAD OPENING|BACKSIDE THINNING CHECK|BACKSIDE CLEAN FINAL|DEPOSIT BACKSIDE PROTECTION|BACKSIDE ANNEAL|FRONTSIDE CLEAN FINAL|FINAL CLEAN|FINAL THICKNESS MEASURE|FINAL GEOMETRY CHECK|FINAL OXIDE CHECK|FINAL CD INSPECTION|FINAL PARTICLE INSPECTION|FINAL ELECTRICAL TEST PREP|PARAMETRIC TEST|LEAKAGE TEST|THRESHOLD VOLTAGE TEST|SWITCHING TEST|WAFER SORT TEST|YIELD ANALYSIS|LOT RELEASE|PACKAGE PREPARATION|SHIP LOT|FINAL OXIDE CHECK|FINAL CD INSPECTION|FINAL PARTICLE INSPECTION|PARAMETRIC TEST|SWITCHING TEST|WAFER SORT TEST|FINAL LOT RELEASE|SHIP LOT|FINAL CD INSPECTION|FINAL PARTICLE INSPECTION|PARAMETRIC TEST|SWITCHING TEST|WAFER SORT TEST|FINAL LOT RELEASE|SHIP LOT|FINAL CD INSPECTION|FINAL PARTICLE INSPECTION|PARAMETRIC TEST|SWITCHING TEST|WAFER SORT TEST|FINAL LOT RELEASE|SHIP LOT|FINAL CD INSPECTION|FINAL PARTICLE INSPECTION|PARAMETRIC TEST|SWITCHING TEST|WAFER SORT TEST|FINAL LOT RELEASE|SHIP LOT|FINAL CD INSPECTION|FINAL PARTICLE INSPECTION|PARAMETRIC TEST|SWITCHING TEST|FINAL LOT RELEASE|SHIP LOT|IMPLANT P BODY|BREAKDOWN VOLTAGE TEST|SWITCHING TEST|FINAL LOT RELEASE|SHIP LOT|FINAL CD INSPECTION|FINAL PARTICLE INSPECTION|PARAMETRIC TEST|SWITCHING TEST|FINAL LOT RELEASE|SHIP LOT|FINAL CD INSPECTION|FINAL PARTICLE INSPECTION|PARAMETRIC TEST|SWITCHING TEST|FINAL LOT RELEASE|SHIP LOT|FINAL CD INSPECTION|FINAL PARTICLE INSPECTION
valid_0547,CLEAN AFTER VIA ETCH|MEASURE VIA CD|DEPOSIT BARRIER METAL|DEPOSIT TUNGSTEN SEED|FILL VIA TUNGSTEN|CMP METAL|MEASURE VIA RESISTANCE|DEPOSIT TOP METAL|ANNEAL METAL 1|SPIN COAT PHOTORESIST|SOFT BAKE|ALIGN MASK LEVEL 4|EXPOSE LITHO LEVEL 4|DEVELOP PHOTORESIST|METAL PATTERN INSPECTION|METAL ETCH DRY|STRIP RESIST|CLEAN AFTER METAL ETCH|MEASURE LINE WIDTH|DEPOSIT PASSIVATION|CURE PASSIVATION|MEASURE PASSIVATION QUALITY|OPEN BOND PAD WINDOW|OPEN PAD WINDOW LITHO|DEVELOP PAD WINDOW|PASSIVATION ETCH|STRIP RESIST|CLEAN PAD OPENING|MEASURE PAD OPENING|BACKSIDE THINNING CHECK|BACKSIDE CLEAN FINAL|DEPOSIT BACKSIDE PROTECTION|BACKSIDE ANNEAL|FRONTSIDE CLEAN FINAL|FINAL CLEAN|FINAL THICKNESS MEASURE|FINAL GEOMETRY CHECK|FINAL OXIDE CHECK|FINAL CD INSPECTION|FINAL PARTICLE INSPECTION|FINAL ELECTRICAL TEST PREP|PARAMETRIC TEST|LEAKAGE TEST|THRESHOLD VOLTAGE TEST|SWITCHING TEST|WAFER SORT TEST|YIELD ANALYSIS|LOT RELEASE|PACKAGE PREPARATION|SHIP LOT|FINAL OXIDE CHECK|FINAL CD INSPECTION|FINAL PARTICLE INSPECTION|PARAMETRIC TEST|SWITCHING TEST|WAFER SORT TEST|FINAL LOT RELEASE|SHIP LOT|FINAL CD INSPECTION|FINAL PARTICLE INSPECTION|PARAMETRIC TEST|SWITCHING TEST|WAFER SORT TEST|FINAL LOT RELEASE|SHIP LOT|FINAL CD INSPECTION|FINAL PARTICLE INSPECTION|PARAMETRIC TEST|SWITCHING TEST|WAFER SORT TEST|FINAL LOT RELEASE|SHIP LOT|FINAL CD INSPECTION|FINAL PARTICLE INSPECTION|PARAMETRIC TEST|SWITCHING TEST|WAFER SORT TEST|FINAL LOT RELEASE|SHIP LOT|FINAL CD INSPECTION
valid_0548,DEVELOP PAD WINDOW|PASSIVATION ETCH|STRIP RESIST|CLEAN PAD OPENING|MEASURE PAD OPENING|BACKSIDE THINNING CHECK|BACKSIDE CLEAN FINAL|DEPOSIT BACKSIDE PROTECTION|BACKSIDE ANNEAL|FRONTSIDE CLEAN FINAL|FINAL CLEAN|FINAL THICKNESS MEASURE|FINAL GEOMETRY CHECK|FINAL OXIDE CHECK|FINAL CD INSPECTION|FINAL PARTICLE INSPECTION|FINAL ELECTRICAL TEST PREP|PARAMETRIC TEST|LEAKAGE TEST|THRESHOLD VOLTAGE TEST|SWITCHING TEST|WAFER SORT TEST|YIELD ANALYSIS|LOT RELEASE|PACKAGE PREPARATION|SHIP LOT|FINAL OXIDE CHECK|FINAL CD INSPECTION|FINAL PARTICLE INSPECTION|PARAMETRIC TEST|SWITCHING TEST|WAFER SORT TEST|FINAL LOT RELEASE|PACKAGE PREPARATION|SHIP LOT|FINAL CD INSPECTION|FINAL PARTICLE INSPECTION|PARAMETRIC TEST|SWITCHING TEST|WAFER SORT TEST|FINAL LOT RELEASE|SHIP LOT|FINAL CD INSPECTION|FINAL PARTICLE INSPECTION|PARAMETRIC TEST|SWITCHING TEST|WAFER SORT TEST|FINAL LOT RELEASE|SHIP LOT|FINAL CD INSPECTION|FINAL PARTICLE INSPECTION|PARAMETRIC TEST|SWITCHING TEST|WAFER SORT TEST|FINAL LOT RELEASE|SHIP LOT|FINAL CD INSPECTION|FINAL PARTICLE INSPECTION|PARAMETRIC TEST|SWITCHING TEST|FINAL LOT RELEASE|SHIP LOT|IMPLANT P BODY|BREAKDOWN VOLTAGE TEST|SWITCHING TEST|FINAL LOT RELEASE|SHIP LOT|FINAL CD INSPECTION|FINAL PARTICLE INSPECTION|PARAMETRIC TEST|SWITCHING TEST|FINAL LOT RELEASE|SHIP LOT|FINAL CD INSPECTION|FINAL PARTICLE INSPECTION|PARAMETRIC TEST|SWITCHING TEST|FINAL LOT RELEASE|SHIP LOT|FINAL CD INSPECTION
valid_0549,DEPOSIT TUNGSTEN SEED|FILL VIA TUNGSTEN|CMP METAL|MEASURE VIA RESISTANCE|DEPOSIT METAL 1|ANNEAL METAL 1|SPIN COAT PHOTORESIST|SOFT BAKE|ALIGN MASK LEVEL 4|EXPOSE LITHO LEVEL 4|DEVELOP PHOTORESIST|METAL PATTERN INSPECTION|METAL ETCH DRY|STRIP RESIST|CLEAN AFTER METAL ETCH|MEASURE LINE WIDTH|DEPOSIT PASSIVATION|CURE PASSIVATION|MEASURE PASSIVATION QUALITY|OPEN BOND PAD WINDOW|OPEN PAD WINDOW LITHO|DEVELOP PAD WINDOW|PASSIVATION ETCH PAD OPENING|STRIP RESIST|CLEAN PAD OPENING|MEASURE PAD OPENING|BACKSIDE THINNING CHECK|BACKSIDE CLEAN FINAL|DEPOSIT BACKSIDE PROTECTION|BACKSIDE ANNEAL|FRONTSIDE CLEAN FINAL|FINAL CLEAN|FINAL THICKNESS MEASURE|FINAL GEOMETRY CHECK|FINAL OXIDE CHECK|FINAL CD INSPECTION|FINAL PARTICLE INSPECTION|FINAL ELECTRICAL TEST PREP|PARAMETRIC TEST|LEAKAGE TEST|THRESHOLD VOLTAGE TEST|SWITCHING TEST|WAFER SORT TEST|YIELD ANALYSIS|LOT RELEASE|PACKAGE PREPARATION|SHIP LOT|FINAL OXIDE CHECK|FINAL CD INSPECTION|FINAL PARTICLE INSPECTION|PARAMETRIC TEST|SWITCHING TEST|WAFER SORT TEST|FINAL LOT RELEASE|PACKAGE PREPARATION|SHIP LOT|FINAL CD INSPECTION|FINAL PARTICLE INSPECTION|PARAMETRIC TEST|SWITCHING TEST|WAFER SORT TEST|FINAL LOT RELEASE|SHIP LOT|FINAL CD INSPECTION|FINAL PARTICLE INSPECTION|PARAMETRIC TEST|SWITCHING TEST|WAFER SORT TEST|FINAL LOT RELEASE|SHIP LOT|FINAL CD INSPECTION|FINAL PARTICLE INSPECTION|PARAMETRIC TEST|SWITCHING TEST|WAFER SORT TEST|FINAL LOT RELEASE|SHIP LOT|FINAL CD INSPECTION|FINAL PARTICLE INSPECTION|PARAMETRIC TEST
valid_0550,PASSIVATION ETCH|STRIP RESIST|CLEAN PAD OPENING|MEASURE PAD OPENING|BACKSIDE THINNING CHECK|BACKSIDE CLEAN FINAL|DEPOSIT BACKSIDE PROTECTION|BACKSIDE ANNEAL|FRONTSIDE CLEAN FINAL|FINAL CLEAN|FINAL THICKNESS MEASURE|FINAL GEOMETRY CHECK|FINAL OXIDE CHECK|FINAL CD INSPECTION|FINAL PARTICLE INSPECTION|FINAL ELECTRICAL TEST PREP|PARAMETRIC TEST|LEAKAGE TEST|THRESHOLD VOLTAGE TEST|SWITCHING TEST|WAFER SORT TEST|YIELD ANALYSIS|LOT RELEASE|PACKAGE PREPARATION|SHIP LOT|FINAL OXIDE CHECK|FINAL CD INSPECTION|FINAL PARTICLE INSPECTION|PARAMETRIC TEST|SWITCHING TEST|WAFER SORT TEST|FINAL LOT RELEASE|PACKAGE PREPARATION|SHIP LOT|FINAL CD INSPECTION|FINAL PARTICLE INSPECTION|PARAMETRIC TEST|SWITCHING TEST|WAFER SORT TEST|FINAL LOT RELEASE|SHIP LOT|FINAL CD INSPECTION|FINAL PARTICLE INSPECTION|PARAMETRIC TEST|SWITCHING TEST|WAFER SORT TEST|FINAL LOT RELEASE|SHIP LOT|FINAL CD INSPECTION|FINAL PARTICLE INSPECTION|PARAMETRIC TEST|SWITCHING TEST|WAFER SORT TEST|FINAL LOT RELEASE|SHIP LOT|FINAL CD INSPECTION|FINAL PARTICLE INSPECTION|PARAMETRIC TEST|SWITCHING TEST|WAFER SORT TEST|FINAL LOT RELEASE|SHIP LOT|IMPLANT P BODY|BREAKDOWN VOLTAGE TEST|SWITCHING TEST|FINAL LOT RELEASE|SHIP LOT|FINAL CD INSPECTION|FINAL PARTICLE INSPECTION|PARAMETRIC TEST|SWITCHING TEST|FINAL LOT RELEASE|SHIP LOT|FINAL CD INSPECTION|FINAL PARTICLE INSPECTION|PARAMETRIC TEST|LEAKAGE TEST|BREAKDOWN VOLTAGE TEST|SWITCHING TEST|FINAL LOT RELEASE
valid_0551,CLEAN AFTER VIA ETCH|MEASURE VIA CD|DEPOSIT BARRIER METAL|DEPOSIT TUNGSTEN SEED|FILL VIA TUNGSTEN|CMP METAL|MEASURE VIA RESISTANCE|DEPOSIT TOP METAL|ANNEAL METAL 1|SPIN COAT PHOTORESIST|SOFT BAKE|ALIGN MASK LEVEL 4|EXPOSE LITHO LEVEL 4|DEVELOP PHOTORESIST|METAL PATTERN INSPECTION|METAL ETCH DRY|STRIP RESIST|CLEAN AFTER METAL ETCH|MEASURE LINE WIDTH|DEPOSIT PASSIVATION|CURE PASSIVATION|MEASURE PASSIVATION QUALITY|OPEN BOND PAD WINDOW|OPEN PAD WINDOW LITHO|DEVELOP PAD WINDOW|PASSIVATION ETCH|STRIP PHOTORESIST|CLEAN PAD OPENING|MEASURE PAD OPENING|BACKSIDE THINNING CHECK|BACKSIDE CLEAN FINAL|DEPOSIT BACKSIDE PROTECTION|BACKSIDE ANNEAL|FRONTSIDE CLEAN FINAL|FINAL CLEAN|FINAL THICKNESS MEASURE|FINAL GEOMETRY CHECK|FINAL OXIDE CHECK|FINAL CD INSPECTION|FINAL PARTICLE INSPECTION|FINAL ELECTRICAL TEST PREP|PARAMETRIC TEST|LEAKAGE TEST|THRESHOLD VOLTAGE TEST|SWITCHING TEST|WAFER SORT TEST|YIELD ANALYSIS|LOT RELEASE|PACKAGE PREPARATION|SHIP LOT|FINAL CD INSPECTION|FINAL PARTICLE INSPECTION|PARAMETRIC TEST|SWITCHING TEST|WAFER SORT TEST|FINAL LOT RELEASE|SHIP LOT|FINAL CD INSPECTION|FINAL PARTICLE INSPECTION|PARAMETRIC TEST|SWITCHING TEST|WAFER SORT TEST|FINAL LOT RELEASE|SHIP LOT|FINAL CD INSPECTION|FINAL PARTICLE INSPECTION|PARAMETRIC TEST|SWITCHING TEST|WAFER SORT TEST|FINAL LOT RELEASE|SHIP LOT|FINAL CD INSPECTION|FINAL PARTICLE INSPECTION|PARAMETRIC TEST|SWITCHING TEST|WAFER SORT TEST|FINAL LOT RELEASE|SHIP LOT|FINAL CD INSPECTION|FINAL PARTICLE INSPECTION
valid_0552,OPEN PAD WINDOW LITHO|DEVELOP PAD WINDOW|PASSIVATION ETCH|STRIP RESIST|CLEAN PAD OPENING|MEASURE PAD OPENING|BACKSIDE THINNING CHECK|BACKSIDE CLEAN FINAL|DEPOSIT BACKSIDE PROTECTION|BACKSIDE ANNEAL|FRONTSIDE CLEAN FINAL|FINAL CLEAN|FINAL THICKNESS MEASURE|FINAL GEOMETRY CHECK|FINAL OXIDE CHECK|FINAL CD INSPECTION|FINAL PARTICLE INSPECTION|FINAL ELECTRICAL TEST PREP|PARAMETRIC TEST|LEAKAGE TEST|THRESHOLD VOLTAGE TEST|SWITCHING TEST|WAFER SORT TEST|YIELD ANALYSIS|LOT RELEASE|PACKAGE PREPARATION|SHIP LOT|FINAL OXIDE CHECK|FINAL CD INSPECTION|FINAL PARTICLE INSPECTION|PARAMETRIC TEST|SWITCHING TEST|WAFER SORT TEST|FINAL LOT RELEASE|SHIP LOT|FINAL CD INSPECTION|FINAL PARTICLE INSPECTION|PARAMETRIC TEST|SWITCHING TEST|WAFER SORT TEST|FINAL LOT RELEASE|SHIP LOT|FINAL CD INSPECTION|FINAL PARTICLE INSPECTION|PARAMETRIC TEST|SWITCHING TEST|WAFER SORT TEST|FINAL LOT RELEASE|SHIP LOT|FINAL CD INSPECTION|FINAL PARTICLE INSPECTION|PARAMETRIC TEST|SWITCHING TEST|WAFER SORT TEST|FINAL LOT RELEASE|SHIP LOT|FINAL CD INSPECTION|FINAL PARTICLE INSPECTION|PARAMETRIC TEST|SWITCHING TEST|FINAL LOT RELEASE|SHIP LOT|IMPLANT P BODY|BREAKDOWN VOLTAGE TEST|SWITCHING TEST|FINAL LOT RELEASE|SHIP LOT|FINAL CD INSPECTION|FINAL PARTICLE INSPECTION|PARAMETRIC TEST|SWITCHING TEST|FINAL LOT RELEASE|SHIP LOT|FINAL CD INSPECTION|FINAL PARTICLE INSPECTION|PARAMETRIC TEST|SWITCHING TEST|FINAL LOT RELEASE|SHIP LOT|FINAL CD INSPECTION
valid_0553,MEASURE VIA CD|DEPOSIT BARRIER METAL|DEPOSIT TUNGSTEN SEED|FILL VIA TUNGSTEN|CMP METAL|MEASURE VIA RESISTANCE|DEPOSIT METAL 1|ANNEAL METAL 1|SPIN COAT PHOTORESIST|SOFT BAKE|ALIGN MASK LEVEL 4|EXPOSE LITHO LEVEL 4|DEVELOP PHOTORESIST|METAL PATTERN INSPECTION|METAL ETCH DRY|STRIP PHOTORESIST|CLEAN AFTER METAL ETCH|MEASURE LINE WIDTH|DEPOSIT PASSIVATION|CURE PASSIVATION|MEASURE PASSIVATION QUALITY|OPEN BOND PAD WINDOW|OPEN PAD WINDOW LITHO|DEVELOP PAD WINDOW|PASSIVATION ETCH PAD OPENING|STRIP RESIST|CLEAN PAD OPENING|MEASURE PAD OPENING|BACKSIDE THINNING CHECK|BACKSIDE CLEAN FINAL|DEPOSIT BACKSIDE PROTECTION|BACKSIDE ANNEAL|FRONTSIDE CLEAN FINAL|FINAL CLEAN|FINAL THICKNESS MEASURE|FINAL GEOMETRY CHECK|FINAL OXIDE CHECK|FINAL CD INSPECTION|FINAL PARTICLE INSPECTION|FINAL ELECTRICAL TEST PREP|PARAMETRIC TEST|LEAKAGE TEST|THRESHOLD VOLTAGE TEST|SWITCHING TEST|WAFER SORT TEST|YIELD ANALYSIS|LOT RELEASE|PACKAGE PREPARATION|SHIP LOT|FINAL OXIDE CHECK|FINAL CD INSPECTION|FINAL PARTICLE INSPECTION|PARAMETRIC TEST|SWITCHING TEST|WAFER SORT TEST|FINAL LOT RELEASE|PACKAGE PREPARATION|SHIP LOT|FINAL CD INSPECTION|FINAL PARTICLE INSPECTION|PARAMETRIC TEST|SWITCHING TEST|WAFER SORT TEST|FINAL LOT RELEASE|SHIP LOT|FINAL CD INSPECTION|FINAL PARTICLE INSPECTION|PARAMETRIC TEST|SWITCHING TEST|WAFER SORT TEST|FINAL LOT RELEASE|SHIP LOT|FINAL CD INSPECTION|FINAL PARTICLE INSPECTION|PARAMETRIC TEST|SWITCHING TEST|WAFER SORT TEST|FINAL LOT RELEASE|SHIP LOT|FINAL CD INSPECTION
valid_0554,OPEN PAD WINDOW LITHO|DEVELOP PAD WINDOW|PASSIVATION ETCH|STRIP RESIST|CLEAN PAD OPENING|MEASURE PAD OPENING|BACKSIDE THINNING CHECK|BACKSIDE CLEAN FINAL|DEPOSIT BACKSIDE PROTECTION|BACKSIDE ANNEAL|FRONTSIDE CLEAN FINAL|FINAL CLEAN|FINAL THICKNESS MEASURE|FINAL GEOMETRY CHECK|FINAL OXIDE CHECK|FINAL CD INSPECTION|FINAL PARTICLE INSPECTION|FINAL ELECTRICAL TEST PREP|PARAMETRIC TEST|LEAKAGE TEST|THRESHOLD VOLTAGE TEST|SWITCHING TEST|WAFER SORT TEST|YIELD ANALYSIS|LOT RELEASE|PACKAGE PREPARATION|SHIP LOT|FINAL OXIDE CHECK|FINAL CD INSPECTION|FINAL PARTICLE INSPECTION|PARAMETRIC TEST|SWITCHING TEST|WAFER SORT TEST|FINAL LOT RELEASE|PACKAGE PREPARATION|SHIP LOT|FINAL CD INSPECTION|FINAL PARTICLE INSPECTION|PARAMETRIC TEST|SWITCHING TEST|WAFER SORT TEST|FINAL LOT RELEASE|SHIP LOT|FINAL CD INSPECTION|FINAL PARTICLE INSPECTION|PARAMETRIC TEST|SWITCHING TEST|WAFER SORT TEST|FINAL LOT RELEASE|SHIP LOT|FINAL CD INSPECTION|FINAL PARTICLE INSPECTION|PARAMETRIC TEST|SWITCHING TEST|WAFER SORT TEST|FINAL LOT RELEASE|SHIP LOT|FINAL CD INSPECTION|FINAL PARTICLE INSPECTION|PARAMETRIC TEST|SWITCHING TEST|FINAL LOT RELEASE|SHIP LOT|IMPLANT P BODY|BREAKDOWN VOLTAGE TEST|SWITCHING TEST|FINAL LOT RELEASE|SHIP LOT|FINAL CD INSPECTION|FINAL PARTICLE INSPECTION|PARAMETRIC TEST|SWITCHING TEST|FINAL LOT RELEASE|SHIP LOT|FINAL CD INSPECTION|FINAL PARTICLE INSPECTION|PARAMETRIC TEST|SWITCHING TEST|FINAL LOT RELEASE|SHIP LOT
valid_0555,VIA ETCH|STRIP PHOTORESIST|CLEAN AFTER VIA ETCH|MEASURE VIA CD|DEPOSIT BARRIER METAL|DEPOSIT TUNGSTEN SEED|FILL VIA TUNGSTEN|CMP METAL|MEASURE VIA RESISTANCE|DEPOSIT TOP METAL|ANNEAL METAL 1|SPIN COAT PHOTORESIST|SOFT BAKE|ALIGN MASK LEVEL 4|EXPOSE LITHO LEVEL 4|DEVELOP PHOTORESIST|METAL PATTERN INSPECTION|METAL ETCH DRY|STRIP RESIST|CLEAN AFTER METAL ETCH|MEASURE LINE WIDTH|DEPOSIT PASSIVATION|CURE PASSIVATION|MEASURE PASSIVATION QUALITY|OPEN BOND PAD WINDOW|OPEN PAD WINDOW LITHO|DEVELOP PAD WINDOW|PASSIVATION ETCH|STRIP PHOTORESIST|CLEAN PAD OPENING|MEASURE PAD OPENING|BACKSIDE THINNING CHECK|BACKSIDE CLEAN FINAL|DEPOSIT BACKSIDE PROTECTION|BACKSIDE ANNEAL|FRONTSIDE CLEAN FINAL|FINAL CLEAN|FINAL THICKNESS MEASURE|FINAL GEOMETRY CHECK|FINAL OXIDE CHECK|FINAL CD INSPECTION|FINAL PARTICLE INSPECTION|FINAL ELECTRICAL TEST PREP|PARAMETRIC TEST|LEAKAGE TEST|THRESHOLD VOLTAGE TEST|SWITCHING TEST|WAFER SORT TEST|YIELD ANALYSIS|LOT RELEASE|PACKAGE PREPARATION|SHIP LOT|FINAL CD INSPECTION|FINAL PARTICLE INSPECTION|PARAMETRIC TEST|SWITCHING TEST|WAFER SORT TEST|FINAL LOT RELEASE|SHIP LOT|FINAL CD INSPECTION|FINAL PARTICLE INSPECTION|PARAMETRIC TEST|SWITCHING TEST|WAFER SORT TEST|FINAL LOT RELEASE|SHIP LOT|FINAL CD INSPECTION|FINAL PARTICLE INSPECTION|PARAMETRIC TEST|SWITCHING TEST|WAFER SORT TEST|FINAL LOT RELEASE|SHIP LOT|FINAL CD INSPECTION|FINAL PARTICLE INSPECTION|PARAMETRIC TEST|SWITCHING TEST|WAFER SORT TEST|FINAL LOT RELEASE|SHIP LOT
valid_0556,OPEN BOND PAD WINDOW|OPEN PAD WINDOW LITHO|DEVELOP PAD WINDOW|PASSIVATION ETCH|STRIP RESIST|CLEAN PAD OPENING|MEASURE PAD OPENING|BACKSIDE THINNING CHECK|BACKSIDE CLEAN FINAL|DEPOSIT BACKSIDE PROTECTION|BACKSIDE ANNEAL|FRONTSIDE CLEAN FINAL|FINAL CLEAN|FINAL THICKNESS MEASURE|FINAL GEOMETRY CHECK|FINAL OXIDE CHECK|FINAL CD INSPECTION|FINAL PARTICLE INSPECTION|FINAL ELECTRICAL TEST PREP|PARAMETRIC TEST|LEAKAGE TEST|THRESHOLD VOLTAGE TEST|SWITCHING TEST|WAFER SORT TEST|YIELD ANALYSIS|LOT RELEASE|PACKAGE PREPARATION|SHIP LOT|FINAL OXIDE CHECK|FINAL CD INSPECTION|FINAL PARTICLE INSPECTION|PARAMETRIC TEST|SWITCHING TEST|WAFER SORT TEST|FINAL LOT RELEASE|SHIP LOT|FINAL CD INSPECTION|FINAL PARTICLE INSPECTION|PARAMETRIC TEST|SWITCHING TEST|WAFER SORT TEST|FINAL LOT RELEASE|SHIP LOT|FINAL CD INSPECTION|FINAL PARTICLE INSPECTION|PARAMETRIC TEST|SWITCHING TEST|WAFER SORT TEST|FINAL LOT RELEASE|SHIP LOT|FINAL CD INSPECTION|FINAL PARTICLE INSPECTION|PARAMETRIC TEST|SWITCHING TEST|WAFER SORT TEST|FINAL LOT RELEASE|SHIP LOT|FINAL CD INSPECTION|FINAL PARTICLE INSPECTION|PARAMETRIC TEST|SWITCHING TEST|FINAL LOT RELEASE|SHIP LOT|IMPLANT P BODY|BREAKDOWN VOLTAGE TEST|SWITCHING TEST|FINAL LOT RELEASE|SHIP LOT|FINAL CD INSPECTION|FINAL PARTICLE INSPECTION|PARAMETRIC TEST|SWITCHING TEST|FINAL LOT RELEASE|SHIP LOT|FINAL CD INSPECTION|FINAL PARTICLE INSPECTION|PARAMETRIC TEST|SWITCHING TEST|FINAL LOT RELEASE|SHIP LOT
valid_0557,MEASURE VIA CD|DEPOSIT BARRIER METAL|DEPOSIT TUNGSTEN SEED|FILL VIA TUNGSTEN|CMP METAL|MEASURE VIA RESISTANCE|DEPOSIT TOP METAL|ANNEAL METAL 1|SPIN COAT PHOTORESIST|SOFT BAKE|ALIGN MASK LEVEL 4|EXPOSE LITHO LEVEL 4|DEVELOP PHOTORESIST|METAL PATTERN INSPECTION|METAL ETCH DRY|STRIP RESIST|CLEAN AFTER METAL ETCH|MEASURE LINE WIDTH|DEPOSIT PASSIVATION|CURE PASSIVATION|MEASURE PASSIVATION QUALITY|OPEN BOND PAD WINDOW|OPEN PAD WINDOW LITHO|DEVELOP PAD WINDOW|PASSIVATION ETCH|STRIP RESIST|CLEAN PAD OPENING|MEASURE PAD OPENING|BACKSIDE THINNING CHECK|BACKSIDE CLEAN FINAL|DEPOSIT BACKSIDE PROTECTION|BACKSIDE ANNEAL|FRONTSIDE CLEAN FINAL|FINAL CLEAN|FINAL THICKNESS MEASURE|FINAL GEOMETRY CHECK|FINAL OXIDE CHECK|FINAL CD INSPECTION|FINAL PARTICLE INSPECTION|FINAL ELECTRICAL TEST PREP|PARAMETRIC TEST|LEAKAGE TEST|THRESHOLD VOLTAGE TEST|SWITCHING TEST|WAFER SORT TEST|YIELD ANALYSIS|LOT RELEASE|PACKAGE PREPARATION|SHIP LOT|FINAL OXIDE CHECK|FINAL CD INSPECTION|FINAL PARTICLE INSPECTION|PARAMETRIC TEST|SWITCHING TEST|WAFER SORT TEST|FINAL LOT RELEASE|SHIP LOT|FINAL CD INSPECTION|FINAL PARTICLE INSPECTION|PARAMETRIC TEST|SWITCHING TEST|WAFER SORT TEST|FINAL LOT RELEASE|SHIP LOT|FINAL CD INSPECTION|FINAL PARTICLE INSPECTION|PARAMETRIC TEST|SWITCHING TEST|WAFER SORT TEST|FINAL LOT RELEASE|SHIP LOT|FINAL CD INSPECTION|FINAL PARTICLE INSPECTION|PARAMETRIC TEST|SWITCHING TEST|WAFER SORT TEST|FINAL LOT RELEASE|SHIP LOT|FINAL CD INSPECTION|FINAL PARTICLE INSPECTION
valid_0558,DEVELOP PAD WINDOW|PASSIVATION ETCH|STRIP RESIST|CLEAN PAD OPENING|MEASURE PAD OPENING|BACKSIDE THINNING CHECK|BACKSIDE CLEAN FINAL|DEPOSIT BACKSIDE PROTECTION|BACKSIDE ANNEAL|FRONTSIDE CLEAN FINAL|FINAL CLEAN|FINAL THICKNESS MEASURE|FINAL GEOMETRY CHECK|FINAL OXIDE CHECK|FINAL CD INSPECTION|FINAL PARTICLE INSPECTION|FINAL ELECTRICAL TEST PREP|PARAMETRIC TEST|LEAKAGE TEST|THRESHOLD VOLTAGE TEST|SWITCHING TEST|WAFER SORT TEST|YIELD ANALYSIS|LOT RELEASE|PACKAGE PREPARATION|SHIP LOT|FINAL OXIDE CHECK|FINAL CD INSPECTION|FINAL PARTICLE INSPECTION|PARAMETRIC TEST|SWITCHING TEST|WAFER SORT TEST|FINAL LOT RELEASE|SHIP LOT|FINAL CD INSPECTION|FINAL PARTICLE INSPECTION|PARAMETRIC TEST|SWITCHING TEST|WAFER SORT TEST|FINAL LOT RELEASE|SHIP LOT|FINAL CD INSPECTION|FINAL PARTICLE INSPECTION|PARAMETRIC TEST|SWITCHING TEST|WAFER SORT TEST|FINAL LOT RELEASE|SHIP LOT|FINAL CD INSPECTION|FINAL PARTICLE INSPECTION|PARAMETRIC TEST|SWITCHING TEST|WAFER SORT TEST|FINAL LOT RELEASE|SHIP LOT|FINAL CD INSPECTION|FINAL PARTICLE INSPECTION|PARAMETRIC TEST|SWITCHING TEST|FINAL LOT RELEASE|SHIP LOT|IMPLANT P BODY|BREAKDOWN VOLTAGE TEST|SWITCHING TEST|FINAL LOT RELEASE|SHIP LOT|FINAL CD INSPECTION|FINAL PARTICLE INSPECTION|PARAMETRIC TEST|SWITCHING TEST|FINAL LOT RELEASE|SHIP LOT|FINAL CD INSPECTION|FINAL PARTICLE INSPECTION|PARAMETRIC TEST|SWITCHING TEST|FINAL LOT RELEASE|SHIP LOT|FINAL CD INSPECTION|FINAL PARTICLE INSPECTION
valid_0559,MEASURE VIA CD|DEPOSIT BARRIER METAL|DEPOSIT TUNGSTEN SEED|FILL VIA TUNGSTEN|CMP METAL|MEASURE VIA RESISTANCE|DEPOSIT METAL 1|ANNEAL METAL 1|SPIN COAT PHOTORESIST|SOFT BAKE|ALIGN MASK LEVEL 4|EXPOSE LITHO LEVEL 4|DEVELOP PHOTORESIST|METAL PATTERN INSPECTION|METAL ETCH DRY|STRIP RESIST|CLEAN AFTER METAL ETCH|MEASURE LINE WIDTH|DEPOSIT PASSIVATION|CURE PASSIVATION|MEASURE PASSIVATION QUALITY|OPEN BOND PAD WINDOW|OPEN PAD WINDOW LITHO|DEVELOP PAD WINDOW|PASSIVATION ETCH PAD OPENING|STRIP PHOTORESIST|CLEAN PAD OPENING|MEASURE PAD OPENING|BACKSIDE THINNING CHECK|BACKSIDE CLEAN FINAL|DEPOSIT BACKSIDE PROTECTION|BACKSIDE ANNEAL|FRONTSIDE CLEAN FINAL|FINAL CLEAN|FINAL THICKNESS MEASURE|FINAL GEOMETRY CHECK|FINAL OXIDE CHECK|FINAL CD INSPECTION|FINAL PARTICLE INSPECTION|FINAL ELECTRICAL TEST PREP|PARAMETRIC TEST|LEAKAGE TEST|THRESHOLD VOLTAGE TEST|SWITCHING TEST|WAFER SORT TEST|YIELD ANALYSIS|LOT RELEASE|PACKAGE PREPARATION|SHIP LOT|FINAL OXIDE CHECK|FINAL CD INSPECTION|FINAL PARTICLE INSPECTION|PARAMETRIC TEST|SWITCHING TEST|WAFER SORT TEST|FINAL LOT RELEASE|PACKAGE PREPARATION|SHIP LOT|FINAL CD INSPECTION|FINAL PARTICLE INSPECTION|PARAMETRIC TEST|SWITCHING TEST|WAFER SORT TEST|FINAL LOT RELEASE|SHIP LOT|FINAL CD INSPECTION|FINAL PARTICLE INSPECTION|PARAMETRIC TEST|SWITCHING TEST|WAFER SORT TEST|FINAL LOT RELEASE|SHIP LOT|FINAL CD INSPECTION|FINAL PARTICLE INSPECTION|PARAMETRIC TEST|SWITCHING TEST|WAFER SORT TEST|FINAL LOT RELEASE|SHIP LOT|FINAL CD INSPECTION
valid_0560,OPEN PAD WINDOW LITHO|DEVELOP PAD WINDOW|PASSIVATION ETCH|STRIP RESIST|CLEAN PAD OPENING|MEASURE PAD OPENING|BACKSIDE THINNING CHECK|BACKSIDE CLEAN FINAL|DEPOSIT BACKSIDE PROTECTION|BACKSIDE ANNEAL|FRONTSIDE CLEAN FINAL|FINAL CLEAN|FINAL THICKNESS MEASURE|FINAL GEOMETRY CHECK|FINAL OXIDE CHECK|FINAL CD INSPECTION|FINAL PARTICLE INSPECTION|FINAL ELECTRICAL TEST PREP|PARAMETRIC TEST|LEAKAGE TEST|THRESHOLD VOLTAGE TEST|SWITCHING TEST|WAFER SORT TEST|YIELD ANALYSIS|LOT RELEASE|PACKAGE PREPARATION|SHIP LOT|FINAL CD INSPECTION|FINAL PARTICLE INSPECTION|PARAMETRIC TEST|SWITCHING TEST|WAFER SORT TEST|FINAL LOT RELEASE|PACKAGE PREPARATION|SHIP LOT|FINAL CD INSPECTION|FINAL PARTICLE INSPECTION|PARAMETRIC TEST|SWITCHING TEST|WAFER SORT TEST|FINAL LOT RELEASE|SHIP LOT|FINAL CD INSPECTION|FINAL PARTICLE INSPECTION|PARAMETRIC TEST|SWITCHING TEST|WAFER SORT TEST|FINAL LOT RELEASE|SHIP LOT|FINAL CD INSPECTION|FINAL PARTICLE INSPECTION|PARAMETRIC TEST|SWITCHING TEST|WAFER SORT TEST|FINAL LOT RELEASE|SHIP LOT|FINAL CD INSPECTION|FINAL PARTICLE INSPECTION|PARAMETRIC TEST|SWITCHING TEST|FINAL LOT RELEASE|SHIP LOT|IMPLANT P BODY|BREAKDOWN VOLTAGE TEST|SWITCHING TEST|FINAL LOT RELEASE|SHIP LOT|FINAL CD INSPECTION|FINAL PARTICLE INSPECTION|PARAMETRIC TEST|SWITCHING TEST|FINAL LOT RELEASE|SHIP LOT|FINAL CD INSPECTION|FINAL PARTICLE INSPECTION|PARAMETRIC TEST|SWITCHING TEST|FINAL LOT RELEASE|SHIP LOT|FINAL CD INSPECTION
valid_0561,STRIP PHOTORESIST|CLEAN AFTER VIA ETCH|MEASURE VIA CD|DEPOSIT BARRIER METAL|DEPOSIT TUNGSTEN SEED|FILL VIA TUNGSTEN|CMP METAL|MEASURE VIA RESISTANCE|DEPOSIT TOP METAL|ANNEAL METAL 1|SPIN COAT PHOTORESIST|SOFT BAKE|ALIGN MASK LEVEL 4|EXPOSE LITHO LEVEL 4|DEVELOP PHOTORESIST|METAL PATTERN INSPECTION|METAL ETCH DRY|STRIP RESIST|CLEAN AFTER METAL ETCH|MEASURE LINE WIDTH|DEPOSIT PASSIVATION|CURE PASSIVATION|MEASURE PASSIVATION QUALITY|OPEN BOND PAD WINDOW|OPEN PAD WINDOW LITHO|DEVELOP PAD WINDOW|PASSIVATION ETCH|STRIP RESIST|CLEAN PAD OPENING|MEASURE PAD OPENING|BACKSIDE THINNING CHECK|BACKSIDE CLEAN FINAL|DEPOSIT BACKSIDE PROTECTION|BACKSIDE ANNEAL|FRONTSIDE CLEAN FINAL|FINAL CLEAN|FINAL THICKNESS MEASURE|FINAL GEOMETRY CHECK|FINAL OXIDE CHECK|FINAL CD INSPECTION|FINAL PARTICLE INSPECTION|FINAL ELECTRICAL TEST PREP|PARAMETRIC TEST|LEAKAGE TEST|THRESHOLD VOLTAGE TEST|SWITCHING TEST|WAFER SORT TEST|YIELD ANALYSIS|LOT RELEASE|PACKAGE PREPARATION|SHIP LOT|FINAL OXIDE CHECK|FINAL CD INSPECTION|FINAL PARTICLE INSPECTION|PARAMETRIC TEST|SWITCHING TEST|WAFER SORT TEST|FINAL LOT RELEASE|PACKAGE PREPARATION|SHIP LOT|FINAL CD INSPECTION|FINAL PARTICLE INSPECTION|PARAMETRIC TEST|SWITCHING TEST|WAFER SORT TEST|FINAL LOT RELEASE|SHIP LOT|FINAL CD INSPECTION|FINAL PARTICLE INSPECTION|PARAMETRIC TEST|SWITCHING TEST|WAFER SORT TEST|FINAL LOT RELEASE|SHIP LOT|FINAL CD INSPECTION|FINAL PARTICLE INSPECTION|PARAMETRIC TEST|SWITCHING TEST|WAFER SORT TEST|FINAL LOT RELEASE
valid_0562,OPEN BOND PAD WINDOW|OPEN PAD WINDOW LITHO|DEVELOP PAD WINDOW|PASSIVATION ETCH|STRIP RESIST|CLEAN PAD OPENING|MEASURE PAD OPENING|BACKSIDE THINNING CHECK|BACKSIDE CLEAN FINAL|DEPOSIT BACKSIDE PROTECTION|BACKSIDE ANNEAL|FRONTSIDE CLEAN FINAL|FINAL CLEAN|FINAL THICKNESS MEASURE|FINAL GEOMETRY CHECK|FINAL OXIDE CHECK|FINAL CD INSPECTION|FINAL PARTICLE INSPECTION|FINAL ELECTRICAL TEST PREP|PARAMETRIC TEST|LEAKAGE TEST|THRESHOLD VOLTAGE TEST|SWITCHING TEST|WAFER SORT TEST|YIELD ANALYSIS|LOT RELEASE|PACKAGE PREPARATION|SHIP LOT|FINAL OXIDE CHECK|FINAL CD INSPECTION|FINAL PARTICLE INSPECTION|PARAMETRIC TEST|SWITCHING TEST|WAFER SORT TEST|FINAL LOT RELEASE|PACKAGE PREPARATION|SHIP LOT|FINAL CD INSPECTION|FINAL PARTICLE INSPECTION|PARAMETRIC TEST|SWITCHING TEST|WAFER SORT TEST|FINAL LOT RELEASE|SHIP LOT|FINAL CD INSPECTION|FINAL PARTICLE INSPECTION|PARAMETRIC TEST|SWITCHING TEST|WAFER SORT TEST|FINAL LOT RELEASE|SHIP LOT|FINAL CD INSPECTION|FINAL PARTICLE INSPECTION|PARAMETRIC TEST|SWITCHING TEST|WAFER SORT TEST|FINAL LOT RELEASE|SHIP LOT|FINAL CD INSPECTION|FINAL PARTICLE INSPECTION|PARAMETRIC TEST|SWITCHING TEST|FINAL LOT RELEASE|SHIP LOT|IMPLANT P BODY|BREAKDOWN VOLTAGE TEST|SWITCHING TEST|FINAL LOT RELEASE|SHIP LOT|FINAL CD INSPECTION|FINAL PARTICLE INSPECTION|PARAMETRIC TEST|SWITCHING TEST|FINAL LOT RELEASE|SHIP LOT|FINAL CD INSPECTION|FINAL PARTICLE INSPECTION|PARAMETRIC TEST|SWITCHING TEST|FINAL LOT RELEASE
valid_0563,CLEAN AFTER VIA ETCH|MEASURE VIA CD|DEPOSIT BARRIER METAL|DEPOSIT TUNGSTEN SEED|FILL VIA TUNGSTEN|CMP METAL|MEASURE VIA RESISTANCE|DEPOSIT METAL 1|ANNEAL METAL 1|SPIN COAT PHOTORESIST|SOFT BAKE|ALIGN MASK LEVEL 4|EXPOSE LITHO LEVEL 4|DEVELOP PHOTORESIST|METAL PATTERN INSPECTION|METAL ETCH DRY|STRIP PHOTORESIST|CLEAN AFTER METAL ETCH|MEASURE LINE WIDTH|DEPOSIT PASSIVATION|CURE PASSIVATION|MEASURE PASSIVATION QUALITY|OPEN BOND PAD WINDOW|OPEN PAD WINDOW LITHO|DEVELOP PAD WINDOW|PASSIVATION ETCH PAD OPENING|STRIP RESIST|CLEAN PAD OPENING|MEASURE PAD OPENING|BACKSIDE THINNING CHECK|BACKSIDE CLEAN FINAL|DEPOSIT BACKSIDE PROTECTION|BACKSIDE ANNEAL|FRONTSIDE CLEAN FINAL|FINAL CLEAN|FINAL THICKNESS MEASURE|FINAL GEOMETRY CHECK|FINAL OXIDE CHECK|FINAL CD INSPECTION|FINAL PARTICLE INSPECTION|FINAL ELECTRICAL TEST PREP|PARAMETRIC TEST|LEAKAGE TEST|THRESHOLD VOLTAGE TEST|SWITCHING TEST|WAFER SORT TEST|YIELD ANALYSIS|LOT RELEASE|PACKAGE PREPARATION|SHIP LOT|FINAL OXIDE CHECK|FINAL CD INSPECTION|FINAL PARTICLE INSPECTION|PARAMETRIC TEST|SWITCHING TEST|WAFER SORT TEST|FINAL LOT RELEASE|PACKAGE PREPARATION|SHIP LOT|FINAL CD INSPECTION|FINAL PARTICLE INSPECTION|PARAMETRIC TEST|SWITCHING TEST|WAFER SORT TEST|FINAL LOT RELEASE|SHIP LOT|FINAL CD INSPECTION|FINAL PARTICLE INSPECTION|PARAMETRIC TEST|SWITCHING TEST|WAFER SORT TEST|FINAL LOT RELEASE|SHIP LOT|FINAL CD INSPECTION|FINAL PARTICLE INSPECTION|PARAMETRIC TEST|SWITCHING TEST|WAFER SORT TEST|FINAL LOT RELEASE|SHIP LOT
valid_0564,OPEN BOND PAD WINDOW|OPEN PAD WINDOW LITHO|DEVELOP PAD WINDOW|PASSIVATION ETCH PAD OPENING|STRIP RESIST|CLEAN PAD OPENING|MEASURE PAD OPENING|BACKSIDE THINNING CHECK|BACKSIDE CLEAN FINAL|DEPOSIT BACKSIDE PROTECTION|BACKSIDE ANNEAL|FRONTSIDE CLEAN FINAL|FINAL CLEAN|FINAL THICKNESS MEASURE|FINAL GEOMETRY CHECK|FINAL OXIDE CHECK|FINAL CD INSPECTION|FINAL PARTICLE INSPECTION|FINAL ELECTRICAL TEST PREP|PARAMETRIC TEST|LEAKAGE TEST|THRESHOLD VOLTAGE TEST|SWITCHING TEST|WAFER SORT TEST|YIELD ANALYSIS|LOT RELEASE|PACKAGE PREPARATION|SHIP LOT|FINAL OXIDE CHECK|FINAL CD INSPECTION|FINAL PARTICLE INSPECTION|PARAMETRIC TEST|SWITCHING TEST|WAFER SORT TEST|FINAL LOT RELEASE|PACKAGE PREPARATION|SHIP LOT|FINAL CD INSPECTION|FINAL PARTICLE INSPECTION|PARAMETRIC TEST|SWITCHING TEST|WAFER SORT TEST|FINAL LOT RELEASE|SHIP LOT|FINAL CD INSPECTION|FINAL PARTICLE INSPECTION|PARAMETRIC TEST|SWITCHING TEST|WAFER SORT TEST|FINAL LOT RELEASE|SHIP LOT|FINAL CD INSPECTION|FINAL PARTICLE INSPECTION|PARAMETRIC TEST|SWITCHING TEST|WAFER SORT TEST|FINAL LOT RELEASE|SHIP LOT|FINAL CD INSPECTION|FINAL PARTICLE INSPECTION|PARAMETRIC TEST|SWITCHING TEST|FINAL LOT RELEASE|SHIP LOT|FINAL CD INSPECTION|FINAL PARTICLE INSPECTION|PARAMETRIC TEST|SWITCHING TEST|FINAL LOT RELEASE|SHIP LOT|FINAL CD INSPECTION|FINAL PARTICLE INSPECTION|PARAMETRIC TEST|SWITCHING TEST|FINAL LOT RELEASE|SHIP LOT|FINAL CD INSPECTION|FINAL PARTICLE INSPECTION|PARAMETRIC TEST|LEAKAGE TEST
valid_0565,STRIP RESIST|CLEAN AFTER VIA ETCH|MEASURE VIA CD|DEPOSIT BARRIER METAL|DEPOSIT TUNGSTEN SEED|FILL VIA TUNGSTEN|CMP METAL|MEASURE VIA RESISTANCE|DEPOSIT METAL 1|ANNEAL METAL 1|SPIN COAT PHOTORESIST|SOFT BAKE|ALIGN MASK LEVEL 4|EXPOSE LITHO LEVEL 4|DEVELOP PHOTORESIST|METAL PATTERN INSPECTION|METAL ETCH DRY|STRIP RESIST|CLEAN AFTER METAL ETCH|MEASURE LINE WIDTH|DEPOSIT PASSIVATION|CURE PASSIVATION|MEASURE PASSIVATION QUALITY|OPEN BOND PAD WINDOW|OPEN PAD WINDOW LITHO|DEVELOP PAD WINDOW|PASSIVATION ETCH|STRIP RESIST|CLEAN PAD OPENING|MEASURE PAD OPENING|BACKSIDE THINNING CHECK|BACKSIDE CLEAN FINAL|DEPOSIT BACKSIDE PROTECTION|BACKSIDE ANNEAL|FRONTSIDE CLEAN FINAL|FINAL CLEAN|FINAL THICKNESS MEASURE|FINAL GEOMETRY CHECK|FINAL OXIDE CHECK|FINAL CD INSPECTION|FINAL PARTICLE INSPECTION|FINAL ELECTRICAL TEST PREP|PARAMETRIC TEST|LEAKAGE TEST|THRESHOLD VOLTAGE TEST|SWITCHING TEST|WAFER SORT TEST|YIELD ANALYSIS|LOT RELEASE|PACKAGE PREPARATION|SHIP LOT|FINAL OXIDE CHECK|FINAL CD INSPECTION|FINAL PARTICLE INSPECTION|PARAMETRIC TEST|SWITCHING TEST|WAFER SORT TEST|FINAL LOT RELEASE|PACKAGE PREPARATION|SHIP LOT|FINAL CD INSPECTION|FINAL PARTICLE INSPECTION|PARAMETRIC TEST|SWITCHING TEST|WAFER SORT TEST|FINAL LOT RELEASE|SHIP LOT|FINAL CD INSPECTION|FINAL PARTICLE INSPECTION|PARAMETRIC TEST|SWITCHING TEST|WAFER SORT TEST|FINAL LOT RELEASE|SHIP LOT|FINAL CD INSPECTION|FINAL PARTICLE INSPECTION|PARAMETRIC TEST|SWITCHING TEST|WAFER SORT TEST|FINAL LOT RELEASE
valid_0566,OPEN BOND PAD WINDOW|OPEN PAD WINDOW LITHO|DEVELOP PAD WINDOW|PASSIVATION ETCH PAD OPENING|STRIP RESIST|CLEAN PAD OPENING|MEASURE PAD OPENING|BACKSIDE THINNING CHECK|BACKSIDE CLEAN FINAL|DEPOSIT BACKSIDE PROTECTION|BACKSIDE ANNEAL|FRONTSIDE CLEAN FINAL|FINAL CLEAN|FINAL THICKNESS MEASURE|FINAL GEOMETRY CHECK|FINAL OXIDE CHECK|FINAL CD INSPECTION|FINAL PARTICLE INSPECTION|FINAL ELECTRICAL TEST PREP|PARAMETRIC TEST|LEAKAGE TEST|THRESHOLD VOLTAGE TEST|SWITCHING TEST|WAFER SORT TEST|YIELD ANALYSIS|LOT RELEASE|PACKAGE PREPARATION|SHIP LOT|FINAL OXIDE CHECK|FINAL CD INSPECTION|FINAL PARTICLE INSPECTION|PARAMETRIC TEST|SWITCHING TEST|WAFER SORT TEST|FINAL LOT RELEASE|PACKAGE PREPARATION|SHIP LOT|FINAL CD INSPECTION|FINAL PARTICLE INSPECTION|PARAMETRIC TEST|SWITCHING TEST|WAFER SORT TEST|FINAL LOT RELEASE|SHIP LOT|FINAL CD INSPECTION|FINAL PARTICLE INSPECTION|PARAMETRIC TEST|SWITCHING TEST|WAFER SORT TEST|FINAL LOT RELEASE|SHIP LOT|FINAL CD INSPECTION|FINAL PARTICLE INSPECTION|PARAMETRIC TEST|SWITCHING TEST|WAFER SORT TEST|FINAL LOT RELEASE|SHIP LOT|FINAL CD INSPECTION|FINAL PARTICLE INSPECTION|PARAMETRIC TEST|SWITCHING TEST|FINAL LOT RELEASE|SHIP LOT|IMPLANT P BODY|BREAKDOWN VOLTAGE TEST|SWITCHING TEST|FINAL LOT RELEASE|SHIP LOT|FINAL CD INSPECTION|FINAL PARTICLE INSPECTION|PARAMETRIC TEST|SWITCHING TEST|FINAL LOT RELEASE|SHIP LOT|FINAL CD INSPECTION|FINAL PARTICLE INSPECTION|PARAMETRIC TEST|SWITCHING TEST|FINAL LOT RELEASE
valid_0567,MEASURE VIA CD|DEPOSIT BARRIER METAL|DEPOSIT TUNGSTEN SEED|FILL VIA TUNGSTEN|CMP METAL|MEASURE VIA RESISTANCE|DEPOSIT TOP METAL|ANNEAL METAL 1|SPIN COAT PHOTORESIST|SOFT BAKE|ALIGN MASK LEVEL 4|EXPOSE LITHO LEVEL 4|DEVELOP PHOTORESIST|METAL PATTERN INSPECTION|METAL ETCH DRY|STRIP RESIST|CLEAN AFTER METAL ETCH|MEASURE LINE WIDTH|DEPOSIT PASSIVATION|CURE PASSIVATION|MEASURE PASSIVATION QUALITY|OPEN BOND PAD WINDOW|OPEN PAD WINDOW LITHO|DEVELOP PAD WINDOW|PASSIVATION ETCH|STRIP RESIST|CLEAN PAD OPENING|MEASURE PAD OPENING|BACKSIDE THINNING CHECK|BACKSIDE CLEAN FINAL|DEPOSIT BACKSIDE PROTECTION|BACKSIDE ANNEAL|FRONTSIDE CLEAN FINAL|FINAL CLEAN|FINAL THICKNESS MEASURE|FINAL GEOMETRY CHECK|FINAL OXIDE CHECK|FINAL CD INSPECTION|FINAL PARTICLE INSPECTION|FINAL ELECTRICAL TEST PREP|PARAMETRIC TEST|LEAKAGE TEST|THRESHOLD VOLTAGE TEST|SWITCHING TEST|WAFER SORT TEST|YIELD ANALYSIS|LOT RELEASE|PACKAGE PREPARATION|SHIP LOT|FINAL OXIDE CHECK|FINAL CD INSPECTION|FINAL PARTICLE INSPECTION|PARAMETRIC TEST|SWITCHING TEST|WAFER SORT TEST|FINAL LOT RELEASE|SHIP LOT|FINAL CD INSPECTION|FINAL PARTICLE INSPECTION|PARAMETRIC TEST|SWITCHING TEST|WAFER SORT TEST|FINAL LOT RELEASE|SHIP LOT|FINAL CD INSPECTION|FINAL PARTICLE INSPECTION|PARAMETRIC TEST|SWITCHING TEST|WAFER SORT TEST|FINAL LOT RELEASE|SHIP LOT|FINAL CD INSPECTION|FINAL PARTICLE INSPECTION|PARAMETRIC TEST|SWITCHING TEST|WAFER SORT TEST|FINAL LOT RELEASE|SHIP LOT|FINAL CD INSPECTION|FINAL PARTICLE INSPECTION
valid_0568,OPEN PAD WINDOW LITHO|DEVELOP PAD WINDOW|PASSIVATION ETCH|STRIP RESIST|CLEAN PAD OPENING|MEASURE PAD OPENING|BACKSIDE THINNING CHECK|BACKSIDE CLEAN FINAL|DEPOSIT BACKSIDE PROTECTION|BACKSIDE ANNEAL|FRONTSIDE CLEAN FINAL|FINAL CLEAN|FINAL THICKNESS MEASURE|FINAL GEOMETRY CHECK|FINAL OXIDE CHECK|FINAL CD INSPECTION|FINAL PARTICLE INSPECTION|FINAL ELECTRICAL TEST PREP|PARAMETRIC TEST|LEAKAGE TEST|THRESHOLD VOLTAGE TEST|SWITCHING TEST|WAFER SORT TEST|YIELD ANALYSIS|LOT RELEASE|PACKAGE PREPARATION|SHIP LOT|FINAL CD INSPECTION|FINAL PARTICLE INSPECTION|PARAMETRIC TEST|SWITCHING TEST|WAFER SORT TEST|FINAL LOT RELEASE|SHIP LOT|FINAL CD INSPECTION|FINAL PARTICLE INSPECTION|PARAMETRIC TEST|SWITCHING TEST|WAFER SORT TEST|FINAL LOT RELEASE|SHIP LOT|FINAL CD INSPECTION|FINAL PARTICLE INSPECTION|PARAMETRIC TEST|SWITCHING TEST|WAFER SORT TEST|FINAL LOT RELEASE|SHIP LOT|FINAL CD INSPECTION|FINAL PARTICLE INSPECTION|PARAMETRIC TEST|SWITCHING TEST|WAFER SORT TEST|FINAL LOT RELEASE|SHIP LOT|FINAL CD INSPECTION|FINAL PARTICLE INSPECTION|PARAMETRIC TEST|SWITCHING TEST|FINAL LOT RELEASE|SHIP LOT|IMPLANT P BODY|BREAKDOWN VOLTAGE TEST|SWITCHING TEST|FINAL LOT RELEASE|SHIP LOT|FINAL CD INSPECTION|FINAL PARTICLE INSPECTION|PARAMETRIC TEST|SWITCHING TEST|FINAL LOT RELEASE|SHIP LOT|FINAL CD INSPECTION|FINAL PARTICLE INSPECTION|PARAMETRIC TEST|SWITCHING TEST|FINAL LOT RELEASE|SHIP LOT|FINAL CD INSPECTION|FINAL PARTICLE INSPECTION
valid_0569,STRIP RESIST|CLEAN AFTER VIA ETCH|MEASURE VIA CD|DEPOSIT BARRIER METAL|DEPOSIT TUNGSTEN SEED|FILL VIA TUNGSTEN|CMP METAL|MEASURE VIA RESISTANCE|DEPOSIT METAL 1|ANNEAL METAL 1|SPIN COAT PHOTORESIST|SOFT BAKE|ALIGN MASK LEVEL 4|EXPOSE LITHO LEVEL 4|DEVELOP PHOTORESIST|METAL PATTERN INSPECTION|METAL ETCH DRY|STRIP RESIST|CLEAN AFTER METAL ETCH|MEASURE LINE WIDTH|DEPOSIT PASSIVATION|CURE PASSIVATION|MEASURE PASSIVATION QUALITY|OPEN BOND PAD WINDOW|OPEN PAD WINDOW LITHO|DEVELOP PAD WINDOW|PASSIVATION ETCH PAD OPENING|STRIP RESIST|CLEAN PAD OPENING|MEASURE PAD OPENING|BACKSIDE THINNING CHECK|BACKSIDE CLEAN FINAL|DEPOSIT BACKSIDE PROTECTION|BACKSIDE ANNEAL|FRONTSIDE CLEAN FINAL|FINAL CLEAN|FINAL THICKNESS MEASURE|FINAL GEOMETRY CHECK|FINAL OXIDE CHECK|FINAL CD INSPECTION|FINAL PARTICLE INSPECTION|FINAL ELECTRICAL TEST PREP|PARAMETRIC TEST|LEAKAGE TEST|THRESHOLD VOLTAGE TEST|SWITCHING TEST|WAFER SORT TEST|YIELD ANALYSIS|LOT RELEASE|PACKAGE PREPARATION|SHIP LOT|FINAL OXIDE CHECK|FINAL CD INSPECTION|FINAL PARTICLE INSPECTION|PARAMETRIC TEST|SWITCHING TEST|WAFER SORT TEST|FINAL LOT RELEASE|PACKAGE PREPARATION|SHIP LOT|FINAL CD INSPECTION|FINAL PARTICLE INSPECTION|PARAMETRIC TEST|SWITCHING TEST|WAFER SORT TEST|FINAL LOT RELEASE|SHIP LOT|FINAL CD INSPECTION|FINAL PARTICLE INSPECTION|PARAMETRIC TEST|SWITCHING TEST|WAFER SORT TEST|FINAL LOT RELEASE|SHIP LOT|FINAL CD INSPECTION|FINAL PARTICLE INSPECTION|PARAMETRIC TEST|SWITCHING TEST|WAFER SORT TEST|FINAL LOT RELEASE
valid_0570,DEVELOP PAD WINDOW|PASSIVATION ETCH PAD OPENING|STRIP RESIST|CLEAN PAD OPENING|MEASURE PAD OPENING|BACKSIDE THINNING CHECK|BACKSIDE CLEAN FINAL|DEPOSIT BACKSIDE PROTECTION|BACKSIDE ANNEAL|FRONTSIDE CLEAN FINAL|FINAL CLEAN|FINAL THICKNESS MEASURE|FINAL GEOMETRY CHECK|FINAL OXIDE CHECK|FINAL CD INSPECTION|FINAL PARTICLE INSPECTION|FINAL ELECTRICAL TEST PREP|PARAMETRIC TEST|LEAKAGE TEST|THRESHOLD VOLTAGE TEST|SWITCHING TEST|WAFER SORT TEST|YIELD ANALYSIS|LOT RELEASE|PACKAGE PREPARATION|SHIP LOT|FINAL OXIDE CHECK|FINAL CD INSPECTION|FINAL PARTICLE INSPECTION|PARAMETRIC TEST|SWITCHING TEST|WAFER SORT TEST|FINAL LOT RELEASE|PACKAGE PREPARATION|SHIP LOT|FINAL CD INSPECTION|FINAL PARTICLE INSPECTION|PARAMETRIC TEST|SWITCHING TEST|WAFER SORT TEST|FINAL LOT RELEASE|SHIP LOT|FINAL CD INSPECTION|FINAL PARTICLE INSPECTION|PARAMETRIC TEST|SWITCHING TEST|WAFER SORT TEST|FINAL LOT RELEASE|SHIP LOT|FINAL CD INSPECTION|FINAL PARTICLE INSPECTION|PARAMETRIC TEST|SWITCHING TEST|WAFER SORT TEST|FINAL LOT RELEASE|SHIP LOT|FINAL CD INSPECTION|FINAL PARTICLE INSPECTION|PARAMETRIC TEST|SWITCHING TEST|WAFER SORT TEST|FINAL LOT RELEASE|SHIP LOT|FINAL CD INSPECTION|FINAL PARTICLE INSPECTION|PARAMETRIC TEST|SWITCHING TEST|FINAL LOT RELEASE|SHIP LOT|IMPLANT P BODY|BREAKDOWN VOLTAGE TEST|SWITCHING TEST|FINAL LOT RELEASE|SHIP LOT|FINAL CD INSPECTION|FINAL PARTICLE INSPECTION|PARAMETRIC TEST|SWITCHING TEST|FINAL LOT RELEASE|SHIP LOT
valid_0571,STRIP PHOTORESIST|CLEAN AFTER VIA ETCH|MEASURE VIA CD|DEPOSIT BARRIER METAL|DEPOSIT TUNGSTEN SEED|FILL VIA TUNGSTEN|CMP METAL|MEASURE VIA RESISTANCE|DEPOSIT TOP METAL|ANNEAL METAL 1|SPIN COAT PHOTORESIST|SOFT BAKE|ALIGN MASK LEVEL 4|EXPOSE LITHO LEVEL 4|DEVELOP PHOTORESIST|METAL PATTERN INSPECTION|METAL ETCH DRY|STRIP RESIST|CLEAN AFTER METAL ETCH|MEASURE LINE WIDTH|DEPOSIT PASSIVATION|CURE PASSIVATION|MEASURE PASSIVATION QUALITY|OPEN BOND PAD WINDOW|OPEN PAD WINDOW LITHO|DEVELOP PAD WINDOW|PASSIVATION ETCH|STRIP PHOTORESIST|CLEAN PAD OPENING|MEASURE PAD OPENING|BACKSIDE THINNING CHECK|BACKSIDE CLEAN FINAL|DEPOSIT BACKSIDE PROTECTION|BACKSIDE ANNEAL|FRONTSIDE CLEAN FINAL|FINAL CLEAN|FINAL THICKNESS MEASURE|FINAL GEOMETRY CHECK|FINAL OXIDE CHECK|FINAL CD INSPECTION|FINAL PARTICLE INSPECTION|FINAL ELECTRICAL TEST PREP|PARAMETRIC TEST|LEAKAGE TEST|THRESHOLD VOLTAGE TEST|SWITCHING TEST|WAFER SORT TEST|YIELD ANALYSIS|LOT RELEASE|PACKAGE PREPARATION|SHIP LOT|FINAL CD INSPECTION|FINAL PARTICLE INSPECTION|PARAMETRIC TEST|SWITCHING TEST|WAFER SORT TEST|FINAL LOT RELEASE|SHIP LOT|FINAL CD INSPECTION|FINAL PARTICLE INSPECTION|PARAMETRIC TEST|SWITCHING TEST|WAFER SORT TEST|FINAL LOT RELEASE|SHIP LOT|FINAL CD INSPECTION|FINAL PARTICLE INSPECTION|PARAMETRIC TEST|SWITCHING TEST|WAFER SORT TEST|FINAL LOT RELEASE|SHIP LOT|FINAL CD INSPECTION|FINAL PARTICLE INSPECTION|PARAMETRIC TEST|SWITCHING TEST|WAFER SORT TEST|FINAL LOT RELEASE|SHIP LOT|FINAL CD INSPECTION
valid_0572,OPEN BOND PAD WINDOW|OPEN PAD WINDOW LITHO|DEVELOP PAD WINDOW|PASSIVATION ETCH|STRIP PHOTORESIST|CLEAN PAD OPENING|MEASURE PAD OPENING|BACKSIDE THINNING CHECK|BACKSIDE CLEAN FINAL|DEPOSIT BACKSIDE PROTECTION|BACKSIDE ANNEAL|FRONTSIDE CLEAN FINAL|FINAL CLEAN|FINAL THICKNESS MEASURE|FINAL GEOMETRY CHECK|FINAL OXIDE CHECK|FINAL CD INSPECTION|FINAL PARTICLE INSPECTION|FINAL ELECTRICAL TEST PREP|PARAMETRIC TEST|LEAKAGE TEST|THRESHOLD VOLTAGE TEST|SWITCHING TEST|WAFER SORT TEST|YIELD ANALYSIS|LOT RELEASE|PACKAGE PREPARATION|SHIP LOT|FINAL CD INSPECTION|FINAL PARTICLE INSPECTION|PARAMETRIC TEST|SWITCHING TEST|WAFER SORT TEST|FINAL LOT RELEASE|SHIP LOT|FINAL CD INSPECTION|FINAL PARTICLE INSPECTION|PARAMETRIC TEST|SWITCHING TEST|WAFER SORT TEST|FINAL LOT RELEASE|SHIP LOT|FINAL CD INSPECTION|FINAL PARTICLE INSPECTION|PARAMETRIC TEST|SWITCHING TEST|WAFER SORT TEST|FINAL LOT RELEASE|SHIP LOT|FINAL CD INSPECTION|FINAL PARTICLE INSPECTION|PARAMETRIC TEST|SWITCHING TEST|WAFER SORT TEST|FINAL LOT RELEASE|SHIP LOT|FINAL CD INSPECTION|FINAL PARTICLE INSPECTION|PARAMETRIC TEST|SWITCHING TEST|FINAL LOT RELEASE|SHIP LOT|IMPLANT P BODY|BREAKDOWN VOLTAGE TEST|SWITCHING TEST|FINAL LOT RELEASE|SHIP LOT|FINAL CD INSPECTION|FINAL PARTICLE INSPECTION|PARAMETRIC TEST|SWITCHING TEST|FINAL LOT RELEASE|SHIP LOT|FINAL CD INSPECTION|FINAL PARTICLE INSPECTION|PARAMETRIC TEST|SWITCHING TEST|FINAL LOT RELEASE|SHIP LOT|FINAL CD INSPECTION
valid_0573,CLEAN AFTER VIA ETCH|MEASURE VIA CD|DEPOSIT BARRIER METAL|DEPOSIT TUNGSTEN SEED|FILL VIA TUNGSTEN|CMP METAL|MEASURE VIA RESISTANCE|DEPOSIT TOP METAL|ANNEAL METAL 1|SPIN COAT PHOTORESIST|SOFT BAKE|ALIGN MASK LEVEL 4|EXPOSE LITHO LEVEL 4|DEVELOP PHOTORESIST|METAL PATTERN INSPECTION|METAL ETCH DRY|STRIP RESIST|CLEAN AFTER METAL ETCH|MEASURE LINE WIDTH|DEPOSIT PASSIVATION|CURE PASSIVATION|MEASURE PASSIVATION QUALITY|OPEN BOND PAD WINDOW|OPEN PAD WINDOW LITHO|DEVELOP PAD WINDOW|PASSIVATION ETCH|STRIP RESIST|CLEAN PAD OPENING|MEASURE PAD OPENING|BACKSIDE THINNING CHECK|BACKSIDE CLEAN FINAL|DEPOSIT BACKSIDE PROTECTION|BACKSIDE ANNEAL|FRONTSIDE CLEAN FINAL|FINAL CLEAN|FINAL THICKNESS MEASURE|FINAL GEOMETRY CHECK|FINAL OXIDE CHECK|FINAL CD INSPECTION|FINAL PARTICLE INSPECTION|FINAL ELECTRICAL TEST PREP|PARAMETRIC TEST|LEAKAGE TEST|THRESHOLD VOLTAGE TEST|SWITCHING TEST|WAFER SORT TEST|YIELD ANALYSIS|LOT RELEASE|PACKAGE PREPARATION|SHIP LOT|FINAL CD INSPECTION|FINAL PARTICLE INSPECTION|PARAMETRIC TEST|SWITCHING TEST|WAFER SORT TEST|FINAL LOT RELEASE|PACKAGE PREPARATION|SHIP LOT|FINAL CD INSPECTION|FINAL PARTICLE INSPECTION|PARAMETRIC TEST|SWITCHING TEST|WAFER SORT TEST|FINAL LOT RELEASE|SHIP LOT|FINAL CD INSPECTION|FINAL PARTICLE INSPECTION|PARAMETRIC TEST|SWITCHING TEST|WAFER SORT TEST|FINAL LOT RELEASE|SHIP LOT|FINAL CD INSPECTION|FINAL PARTICLE INSPECTION|PARAMETRIC TEST|SWITCHING TEST|WAFER SORT TEST|FINAL LOT RELEASE|SHIP LOT|FINAL CD INSPECTION
valid_0574,OPEN BOND PAD WINDOW|OPEN PAD WINDOW LITHO|DEVELOP PAD WINDOW|PASSIVATION ETCH|STRIP RESIST|CLEAN PAD OPENING|MEASURE PAD OPENING|BACKSIDE THINNING CHECK|BACKSIDE CLEAN FINAL|DEPOSIT BACKSIDE PROTECTION|BACKSIDE ANNEAL|FRONTSIDE CLEAN FINAL|FINAL CLEAN|FINAL THICKNESS MEASURE|FINAL GEOMETRY CHECK|FINAL OXIDE CHECK|FINAL CD INSPECTION|FINAL PARTICLE INSPECTION|FINAL ELECTRICAL TEST PREP|PARAMETRIC TEST|LEAKAGE TEST|THRESHOLD VOLTAGE TEST|SWITCHING TEST|WAFER SORT TEST|YIELD ANALYSIS|LOT RELEASE|PACKAGE PREPARATION|SHIP LOT|FINAL CD INSPECTION|FINAL PARTICLE INSPECTION|PARAMETRIC TEST|SWITCHING TEST|WAFER SORT TEST|FINAL LOT RELEASE|SHIP LOT|FINAL CD INSPECTION|FINAL PARTICLE INSPECTION|PARAMETRIC TEST|SWITCHING TEST|WAFER SORT TEST|FINAL LOT RELEASE|SHIP LOT|FINAL CD INSPECTION|FINAL PARTICLE INSPECTION|PARAMETRIC TEST|SWITCHING TEST|WAFER SORT TEST|FINAL LOT RELEASE|SHIP LOT|FINAL CD INSPECTION|FINAL PARTICLE INSPECTION|PARAMETRIC TEST|SWITCHING TEST|WAFER SORT TEST|FINAL LOT RELEASE|SHIP LOT|FINAL CD INSPECTION|FINAL PARTICLE INSPECTION|PARAMETRIC TEST|SWITCHING TEST|FINAL LOT RELEASE|SHIP LOT|IMPLANT P BODY|BREAKDOWN VOLTAGE TEST|SWITCHING TEST|FINAL LOT RELEASE|SHIP LOT|FINAL CD INSPECTION|FINAL PARTICLE INSPECTION|PARAMETRIC TEST|SWITCHING TEST|FINAL LOT RELEASE|SHIP LOT|FINAL CD INSPECTION|FINAL PARTICLE INSPECTION|PARAMETRIC TEST|SWITCHING TEST|FINAL LOT RELEASE|SHIP LOT|FINAL CD INSPECTION
valid_0575,MEASURE VIA CD|DEPOSIT BARRIER METAL|DEPOSIT TUNGSTEN SEED|FILL VIA TUNGSTEN|CMP METAL|MEASURE VIA RESISTANCE|DEPOSIT TOP METAL|ANNEAL METAL 1|SPIN COAT PHOTORESIST|SOFT BAKE|ALIGN MASK LEVEL 4|EXPOSE LITHO LEVEL 4|DEVELOP PHOTORESIST|METAL PATTERN INSPECTION|METAL ETCH DRY|STRIP RESIST|CLEAN AFTER METAL ETCH|MEASURE LINE WIDTH|DEPOSIT PASSIVATION|CURE PASSIVATION|MEASURE PASSIVATION QUALITY|OPEN BOND PAD WINDOW|OPEN PAD WINDOW LITHO|DEVELOP PAD WINDOW|PASSIVATION ETCH PAD OPENING|STRIP RESIST|CLEAN PAD OPENING|MEASURE PAD OPENING|BACKSIDE THINNING CHECK|BACKSIDE CLEAN FINAL|DEPOSIT BACKSIDE PROTECTION|BACKSIDE ANNEAL|FRONTSIDE CLEAN FINAL|FINAL CLEAN|FINAL THICKNESS MEASURE|FINAL GEOMETRY CHECK|FINAL OXIDE CHECK|FINAL CD INSPECTION|FINAL PARTICLE INSPECTION|FINAL ELECTRICAL TEST PREP|PARAMETRIC TEST|LEAKAGE TEST|THRESHOLD VOLTAGE TEST|SWITCHING TEST|WAFER SORT TEST|YIELD ANALYSIS|LOT RELEASE|PACKAGE PREPARATION|SHIP LOT|FINAL OXIDE CHECK|FINAL CD INSPECTION|FINAL PARTICLE INSPECTION|PARAMETRIC TEST|SWITCHING TEST|WAFER SORT TEST|FINAL LOT RELEASE|PACKAGE PREPARATION|SHIP LOT|FINAL CD INSPECTION|FINAL PARTICLE INSPECTION|PARAMETRIC TEST|SWITCHING TEST|WAFER SORT TEST|FINAL LOT RELEASE|SHIP LOT|FINAL CD INSPECTION|FINAL PARTICLE INSPECTION|PARAMETRIC TEST|SWITCHING TEST|WAFER SORT TEST|FINAL LOT RELEASE|SHIP LOT|FINAL CD INSPECTION|FINAL PARTICLE INSPECTION|PARAMETRIC TEST|SWITCHING TEST|WAFER SORT TEST|FINAL LOT RELEASE|SHIP LOT|FINAL CD INSPECTION
valid_0576,DEVELOP PAD WINDOW|PASSIVATION ETCH PAD OPENING|STRIP RESIST|CLEAN PAD OPENING|MEASURE PAD OPENING|BACKSIDE THINNING CHECK|BACKSIDE CLEAN FINAL|DEPOSIT BACKSIDE PROTECTION|BACKSIDE ANNEAL|FRONTSIDE CLEAN FINAL|FINAL CLEAN|FINAL THICKNESS MEASURE|FINAL GEOMETRY CHECK|FINAL OXIDE CHECK|FINAL CD INSPECTION|FINAL PARTICLE INSPECTION|FINAL ELECTRICAL TEST PREP|PARAMETRIC TEST|LEAKAGE TEST|THRESHOLD VOLTAGE TEST|SWITCHING TEST|WAFER SORT TEST|YIELD ANALYSIS|LOT RELEASE|PACKAGE PREPARATION|SHIP LOT|FINAL OXIDE CHECK|FINAL CD INSPECTION|FINAL PARTICLE INSPECTION|PARAMETRIC TEST|SWITCHING TEST|WAFER SORT TEST|FINAL LOT RELEASE|PACKAGE PREPARATION|SHIP LOT|FINAL CD INSPECTION|FINAL PARTICLE INSPECTION|PARAMETRIC TEST|SWITCHING TEST|WAFER SORT TEST|FINAL LOT RELEASE|SHIP LOT|FINAL CD INSPECTION|FINAL PARTICLE INSPECTION|PARAMETRIC TEST|SWITCHING TEST|WAFER SORT TEST|FINAL LOT RELEASE|SHIP LOT|FINAL CD INSPECTION|FINAL PARTICLE INSPECTION|PARAMETRIC TEST|SWITCHING TEST|WAFER SORT TEST|FINAL LOT RELEASE|SHIP LOT|FINAL CD INSPECTION|FINAL PARTICLE INSPECTION|PARAMETRIC TEST|SWITCHING TEST|FINAL LOT RELEASE|SHIP LOT|IMPLANT P BODY|BREAKDOWN VOLTAGE TEST|SWITCHING TEST|FINAL LOT RELEASE|SHIP LOT|FINAL CD INSPECTION|FINAL PARTICLE INSPECTION|PARAMETRIC TEST|SWITCHING TEST|FINAL LOT RELEASE|SHIP LOT|FINAL CD INSPECTION|FINAL PARTICLE INSPECTION|PARAMETRIC TEST|SWITCHING TEST|FINAL LOT RELEASE|SHIP LOT|FINAL CD INSPECTION
valid_0577,CLEAN AFTER VIA ETCH|MEASURE VIA CD|DEPOSIT BARRIER METAL|DEPOSIT TUNGSTEN SEED|FILL VIA TUNGSTEN|CMP METAL|MEASURE VIA RESISTANCE|DEPOSIT TOP METAL|ANNEAL METAL 1|SPIN COAT PHOTORESIST|SOFT BAKE|ALIGN MASK LEVEL 4|EXPOSE LITHO LEVEL 4|DEVELOP PHOTORESIST|METAL PATTERN INSPECTION|METAL ETCH DRY|STRIP RESIST|CLEAN AFTER METAL ETCH|MEASURE LINE WIDTH|DEPOSIT PASSIVATION|CURE PASSIVATION|MEASURE PASSIVATION QUALITY|OPEN BOND PAD WINDOW|OPEN PAD WINDOW LITHO|DEVELOP PAD WINDOW|PASSIVATION ETCH|STRIP RESIST|CLEAN PAD OPENING|MEASURE PAD OPENING|BACKSIDE THINNING CHECK|BACKSIDE CLEAN FINAL|DEPOSIT BACKSIDE PROTECTION|BACKSIDE ANNEAL|FRONTSIDE CLEAN FINAL|FINAL CLEAN|FINAL THICKNESS MEASURE|FINAL GEOMETRY CHECK|FINAL OXIDE CHECK|FINAL CD INSPECTION|FINAL PARTICLE INSPECTION|FINAL ELECTRICAL TEST PREP|PARAMETRIC TEST|LEAKAGE TEST|THRESHOLD VOLTAGE TEST|SWITCHING TEST|WAFER SORT TEST|YIELD ANALYSIS|LOT RELEASE|PACKAGE PREPARATION|SHIP LOT|FINAL OXIDE CHECK|FINAL CD INSPECTION|FINAL PARTICLE INSPECTION|PARAMETRIC TEST|SWITCHING TEST|WAFER SORT TEST|FINAL LOT RELEASE|PACKAGE PREPARATION|SHIP LOT|FINAL CD INSPECTION|FINAL PARTICLE INSPECTION|PARAMETRIC TEST|SWITCHING TEST|WAFER SORT TEST|FINAL LOT RELEASE|SHIP LOT|FINAL CD INSPECTION|FINAL PARTICLE INSPECTION|PARAMETRIC TEST|SWITCHING TEST|WAFER SORT TEST|FINAL LOT RELEASE|SHIP LOT|FINAL CD INSPECTION|FINAL PARTICLE INSPECTION|PARAMETRIC TEST|SWITCHING TEST|WAFER SORT TEST|FINAL LOT RELEASE|SHIP LOT
valid_0578,DEVELOP PAD WINDOW|PASSIVATION ETCH|STRIP RESIST|CLEAN PAD OPENING|MEASURE PAD OPENING|BACKSIDE THINNING CHECK|BACKSIDE CLEAN FINAL|DEPOSIT BACKSIDE PROTECTION|BACKSIDE ANNEAL|FRONTSIDE CLEAN FINAL|FINAL CLEAN|FINAL THICKNESS MEASURE|FINAL GEOMETRY CHECK|FINAL OXIDE CHECK|FINAL CD INSPECTION|FINAL PARTICLE INSPECTION|FINAL ELECTRICAL TEST PREP|PARAMETRIC TEST|LEAKAGE TEST|THRESHOLD VOLTAGE TEST|SWITCHING TEST|WAFER SORT TEST|YIELD ANALYSIS|LOT RELEASE|PACKAGE PREPARATION|SHIP LOT|FINAL OXIDE CHECK|FINAL CD INSPECTION|FINAL PARTICLE INSPECTION|PARAMETRIC TEST|SWITCHING TEST|WAFER SORT TEST|FINAL LOT RELEASE|PACKAGE PREPARATION|SHIP LOT|FINAL CD INSPECTION|FINAL PARTICLE INSPECTION|PARAMETRIC TEST|SWITCHING TEST|WAFER SORT TEST|FINAL LOT RELEASE|SHIP LOT|FINAL CD INSPECTION|FINAL PARTICLE INSPECTION|PARAMETRIC TEST|SWITCHING TEST|WAFER SORT TEST|FINAL LOT RELEASE|SHIP LOT|FINAL CD INSPECTION|FINAL PARTICLE INSPECTION|PARAMETRIC TEST|SWITCHING TEST|WAFER SORT TEST|FINAL LOT RELEASE|SHIP LOT|FINAL CD INSPECTION|FINAL PARTICLE INSPECTION|PARAMETRIC TEST|SWITCHING TEST|FINAL LOT RELEASE|SHIP LOT|FINAL CD INSPECTION|FINAL PARTICLE INSPECTION|PARAMETRIC TEST|SWITCHING TEST|FINAL LOT RELEASE|SHIP LOT|FINAL CD INSPECTION|FINAL PARTICLE INSPECTION|PARAMETRIC TEST|SWITCHING TEST|FINAL LOT RELEASE|SHIP LOT|FINAL CD INSPECTION|FINAL PARTICLE INSPECTION|PARAMETRIC TEST|LEAKAGE TEST|BREAKDOWN VOLTAGE TEST|SWITCHING TEST
valid_0579,STRIP PHOTORESIST|CLEAN AFTER VIA ETCH|MEASURE VIA CD|DEPOSIT BARRIER METAL|DEPOSIT TUNGSTEN SEED|FILL VIA TUNGSTEN|CMP METAL|MEASURE VIA RESISTANCE|DEPOSIT METAL 1|ANNEAL METAL 1|SPIN COAT PHOTORESIST|SOFT BAKE|ALIGN MASK LEVEL 4|EXPOSE LITHO LEVEL 4|DEVELOP PHOTORESIST|METAL PATTERN INSPECTION|METAL ETCH DRY|STRIP RESIST|CLEAN AFTER METAL ETCH|MEASURE LINE WIDTH|DEPOSIT PASSIVATION|CURE PASSIVATION|MEASURE PASSIVATION QUALITY|OPEN BOND PAD WINDOW|OPEN PAD WINDOW LITHO|DEVELOP PAD WINDOW|PASSIVATION ETCH|STRIP RESIST|CLEAN PAD OPENING|MEASURE PAD OPENING|BACKSIDE THINNING CHECK|BACKSIDE CLEAN FINAL|DEPOSIT BACKSIDE PROTECTION|BACKSIDE ANNEAL|FRONTSIDE CLEAN FINAL|FINAL CLEAN|FINAL THICKNESS MEASURE|FINAL GEOMETRY CHECK|FINAL OXIDE CHECK|FINAL CD INSPECTION|FINAL PARTICLE INSPECTION|FINAL ELECTRICAL TEST PREP|PARAMETRIC TEST|LEAKAGE TEST|THRESHOLD VOLTAGE TEST|SWITCHING TEST|WAFER SORT TEST|YIELD ANALYSIS|LOT RELEASE|PACKAGE PREPARATION|SHIP LOT|FINAL OXIDE CHECK|FINAL CD INSPECTION|FINAL PARTICLE INSPECTION|PARAMETRIC TEST|SWITCHING TEST|WAFER SORT TEST|FINAL LOT RELEASE|PACKAGE PREPARATION|SHIP LOT|FINAL CD INSPECTION|FINAL PARTICLE INSPECTION|PARAMETRIC TEST|SWITCHING TEST|WAFER SORT TEST|FINAL LOT RELEASE|SHIP LOT|FINAL CD INSPECTION|FINAL PARTICLE INSPECTION|PARAMETRIC TEST|SWITCHING TEST|WAFER SORT TEST|FINAL LOT RELEASE|SHIP LOT|FINAL CD INSPECTION|FINAL PARTICLE INSPECTION|PARAMETRIC TEST|SWITCHING TEST|WAFER SORT TEST|FINAL LOT RELEASE
valid_0580,OPEN PAD WINDOW LITHO|DEVELOP PAD WINDOW|PASSIVATION ETCH PAD OPENING|STRIP RESIST|CLEAN PAD OPENING|MEASURE PAD OPENING|BACKSIDE THINNING CHECK|BACKSIDE CLEAN FINAL|DEPOSIT BACKSIDE PROTECTION|BACKSIDE ANNEAL|FRONTSIDE CLEAN FINAL|FINAL CLEAN|FINAL THICKNESS MEASURE|FINAL GEOMETRY CHECK|FINAL OXIDE CHECK|FINAL CD INSPECTION|FINAL PARTICLE INSPECTION|FINAL ELECTRICAL TEST PREP|PARAMETRIC TEST|LEAKAGE TEST|THRESHOLD VOLTAGE TEST|SWITCHING TEST|WAFER SORT TEST|YIELD ANALYSIS|LOT RELEASE|PACKAGE PREPARATION|SHIP LOT|FINAL OXIDE CHECK|FINAL CD INSPECTION|FINAL PARTICLE INSPECTION|PARAMETRIC TEST|SWITCHING TEST|WAFER SORT TEST|FINAL LOT RELEASE|PACKAGE PREPARATION|SHIP LOT|FINAL CD INSPECTION|FINAL PARTICLE INSPECTION|PARAMETRIC TEST|SWITCHING TEST|WAFER SORT TEST|FINAL LOT RELEASE|SHIP LOT|FINAL CD INSPECTION|FINAL PARTICLE INSPECTION|PARAMETRIC TEST|SWITCHING TEST|WAFER SORT TEST|FINAL LOT RELEASE|SHIP LOT|FINAL CD INSPECTION|FINAL PARTICLE INSPECTION|PARAMETRIC TEST|SWITCHING TEST|WAFER SORT TEST|FINAL LOT RELEASE|SHIP LOT|FINAL CD INSPECTION|FINAL PARTICLE INSPECTION|PARAMETRIC TEST|SWITCHING TEST|WAFER SORT TEST|FINAL LOT RELEASE|SHIP LOT|IMPLANT P BODY|BREAKDOWN VOLTAGE TEST|SWITCHING TEST|FINAL LOT RELEASE|SHIP LOT|FINAL CD INSPECTION|FINAL PARTICLE INSPECTION|PARAMETRIC TEST|SWITCHING TEST|FINAL LOT RELEASE|SHIP LOT|FINAL CD INSPECTION|FINAL PARTICLE INSPECTION|PARAMETRIC TEST|LEAKAGE TEST|BREAKDOWN VOLTAGE TEST
valid_0581,CLEAN AFTER VIA ETCH|MEASURE VIA CD|DEPOSIT BARRIER METAL|DEPOSIT TUNGSTEN SEED|FILL VIA TUNGSTEN|CMP METAL|MEASURE VIA RESISTANCE|DEPOSIT TOP METAL|ANNEAL METAL 1|SPIN COAT PHOTORESIST|SOFT BAKE|ALIGN MASK LEVEL 4|EXPOSE LITHO LEVEL 4|DEVELOP PHOTORESIST|METAL PATTERN INSPECTION|METAL ETCH DRY|STRIP PHOTORESIST|CLEAN AFTER METAL ETCH|MEASURE LINE WIDTH|DEPOSIT PASSIVATION|CURE PASSIVATION|MEASURE PASSIVATION QUALITY|OPEN BOND PAD WINDOW|OPEN PAD WINDOW LITHO|DEVELOP PAD WINDOW|PASSIVATION ETCH PAD OPENING|STRIP RESIST|CLEAN PAD OPENING|MEASURE PAD OPENING|BACKSIDE THINNING CHECK|BACKSIDE CLEAN FINAL|DEPOSIT BACKSIDE PROTECTION|BACKSIDE ANNEAL|FRONTSIDE CLEAN FINAL|FINAL CLEAN|FINAL THICKNESS MEASURE|FINAL GEOMETRY CHECK|FINAL OXIDE CHECK|FINAL CD INSPECTION|FINAL PARTICLE INSPECTION|FINAL ELECTRICAL TEST PREP|PARAMETRIC TEST|LEAKAGE TEST|THRESHOLD VOLTAGE TEST|SWITCHING TEST|WAFER SORT TEST|YIELD ANALYSIS|LOT RELEASE|PACKAGE PREPARATION|SHIP LOT|FINAL OXIDE CHECK|FINAL CD INSPECTION|FINAL PARTICLE INSPECTION|PARAMETRIC TEST|SWITCHING TEST|WAFER SORT TEST|FINAL LOT RELEASE|PACKAGE PREPARATION|SHIP LOT|FINAL CD INSPECTION|FINAL PARTICLE INSPECTION|PARAMETRIC TEST|SWITCHING TEST|WAFER SORT TEST|FINAL LOT RELEASE|SHIP LOT|FINAL CD INSPECTION|FINAL PARTICLE INSPECTION|PARAMETRIC TEST|SWITCHING TEST|WAFER SORT TEST|FINAL LOT RELEASE|SHIP LOT|FINAL CD INSPECTION|FINAL PARTICLE INSPECTION|PARAMETRIC TEST|SWITCHING TEST|WAFER SORT TEST|FINAL LOT RELEASE|SHIP LOT
valid_0582,OPEN PAD WINDOW LITHO|DEVELOP PAD WINDOW|PASSIVATION ETCH PAD OPENING|STRIP RESIST|CLEAN PAD OPENING|MEASURE PAD OPENING|BACKSIDE THINNING CHECK|BACKSIDE CLEAN FINAL|DEPOSIT BACKSIDE PROTECTION|BACKSIDE ANNEAL|FRONTSIDE CLEAN FINAL|FINAL CLEAN|FINAL THICKNESS MEASURE|FINAL GEOMETRY CHECK|FINAL OXIDE CHECK|FINAL CD INSPECTION|FINAL PARTICLE INSPECTION|FINAL ELECTRICAL TEST PREP|PARAMETRIC TEST|LEAKAGE TEST|THRESHOLD VOLTAGE TEST|SWITCHING TEST|WAFER SORT TEST|YIELD ANALYSIS|LOT RELEASE|PACKAGE PREPARATION|SHIP LOT|FINAL OXIDE CHECK|FINAL CD INSPECTION|FINAL PARTICLE INSPECTION|PARAMETRIC TEST|SWITCHING TEST|WAFER SORT TEST|FINAL LOT RELEASE|PACKAGE PREPARATION|SHIP LOT|FINAL CD INSPECTION|FINAL PARTICLE INSPECTION|PARAMETRIC TEST|SWITCHING TEST|WAFER SORT TEST|FINAL LOT RELEASE|SHIP LOT|FINAL CD INSPECTION|FINAL PARTICLE INSPECTION|PARAMETRIC TEST|SWITCHING TEST|WAFER SORT TEST|FINAL LOT RELEASE|SHIP LOT|FINAL CD INSPECTION|FINAL PARTICLE INSPECTION|PARAMETRIC TEST|SWITCHING TEST|WAFER SORT TEST|FINAL LOT RELEASE|SHIP LOT|FINAL CD INSPECTION|FINAL PARTICLE INSPECTION|PARAMETRIC TEST|SWITCHING TEST|WAFER SORT TEST|FINAL LOT RELEASE|SHIP LOT|FINAL CD INSPECTION|FINAL PARTICLE INSPECTION|PARAMETRIC TEST|SWITCHING TEST|FINAL LOT RELEASE|SHIP LOT|FINAL CD INSPECTION|FINAL PARTICLE INSPECTION|PARAMETRIC TEST|SWITCHING TEST|FINAL LOT RELEASE|SHIP LOT|FINAL CD INSPECTION|FINAL PARTICLE INSPECTION|PARAMETRIC TEST|LEAKAGE TEST
valid_0583,VIA ETCH|STRIP PHOTORESIST|CLEAN AFTER VIA ETCH|MEASURE VIA CD|DEPOSIT BARRIER METAL|DEPOSIT TUNGSTEN SEED|FILL VIA TUNGSTEN|CMP METAL|MEASURE VIA RESISTANCE|DEPOSIT TOP METAL|ANNEAL METAL 1|SPIN COAT PHOTORESIST|SOFT BAKE|ALIGN MASK LEVEL 4|EXPOSE LITHO LEVEL 4|DEVELOP PHOTORESIST|METAL PATTERN INSPECTION|METAL ETCH DRY|STRIP RESIST|CLEAN AFTER METAL ETCH|MEASURE LINE WIDTH|DEPOSIT PASSIVATION|CURE PASSIVATION|MEASURE PASSIVATION QUALITY|OPEN BOND PAD WINDOW|OPEN PAD WINDOW LITHO|DEVELOP PAD WINDOW|PASSIVATION ETCH|STRIP RESIST|CLEAN PAD OPENING|MEASURE PAD OPENING|BACKSIDE THINNING CHECK|BACKSIDE CLEAN FINAL|DEPOSIT BACKSIDE PROTECTION|BACKSIDE ANNEAL|FRONTSIDE CLEAN FINAL|FINAL CLEAN|FINAL THICKNESS MEASURE|FINAL GEOMETRY CHECK|FINAL OXIDE CHECK|FINAL CD INSPECTION|FINAL PARTICLE INSPECTION|FINAL ELECTRICAL TEST PREP|PARAMETRIC TEST|LEAKAGE TEST|THRESHOLD VOLTAGE TEST|SWITCHING TEST|WAFER SORT TEST|YIELD ANALYSIS|LOT RELEASE|PACKAGE PREPARATION|SHIP LOT|FINAL OXIDE CHECK|FINAL CD INSPECTION|FINAL PARTICLE INSPECTION|PARAMETRIC TEST|SWITCHING TEST|WAFER SORT TEST|FINAL LOT RELEASE|SHIP LOT|FINAL CD INSPECTION|FINAL PARTICLE INSPECTION|PARAMETRIC TEST|SWITCHING TEST|WAFER SORT TEST|FINAL LOT RELEASE|SHIP LOT|FINAL CD INSPECTION|FINAL PARTICLE INSPECTION|PARAMETRIC TEST|SWITCHING TEST|WAFER SORT TEST|FINAL LOT RELEASE|SHIP LOT|FINAL CD INSPECTION|FINAL PARTICLE INSPECTION|PARAMETRIC TEST|SWITCHING TEST|WAFER SORT TEST|FINAL LOT RELEASE
valid_0584,OPEN BOND PAD WINDOW|OPEN PAD WINDOW LITHO|DEVELOP PAD WINDOW|PASSIVATION ETCH|STRIP RESIST|CLEAN PAD OPENING|MEASURE PAD OPENING|BACKSIDE THINNING CHECK|BACKSIDE CLEAN FINAL|DEPOSIT BACKSIDE PROTECTION|BACKSIDE ANNEAL|FRONTSIDE CLEAN FINAL|FINAL CLEAN|FINAL THICKNESS MEASURE|FINAL GEOMETRY CHECK|FINAL OXIDE CHECK|FINAL CD INSPECTION|FINAL PARTICLE INSPECTION|FINAL ELECTRICAL TEST PREP|PARAMETRIC TEST|LEAKAGE TEST|THRESHOLD VOLTAGE TEST|SWITCHING TEST|WAFER SORT TEST|YIELD ANALYSIS|LOT RELEASE|PACKAGE PREPARATION|SHIP LOT|FINAL OXIDE CHECK|FINAL CD INSPECTION|FINAL PARTICLE INSPECTION|PARAMETRIC TEST|SWITCHING TEST|WAFER SORT TEST|FINAL LOT RELEASE|SHIP LOT|FINAL CD INSPECTION|FINAL PARTICLE INSPECTION|PARAMETRIC TEST|SWITCHING TEST|WAFER SORT TEST|FINAL LOT RELEASE|SHIP LOT|FINAL CD INSPECTION|FINAL PARTICLE INSPECTION|PARAMETRIC TEST|SWITCHING TEST|WAFER SORT TEST|FINAL LOT RELEASE|SHIP LOT|FINAL CD INSPECTION|FINAL PARTICLE INSPECTION|PARAMETRIC TEST|SWITCHING TEST|WAFER SORT TEST|FINAL LOT RELEASE|SHIP LOT|FINAL CD INSPECTION|FINAL PARTICLE INSPECTION|PARAMETRIC TEST|SWITCHING TEST|FINAL LOT RELEASE|SHIP LOT|IMPLANT P BODY|BREAKDOWN VOLTAGE TEST|SWITCHING TEST|FINAL LOT RELEASE|SHIP LOT|FINAL CD INSPECTION|FINAL PARTICLE INSPECTION|PARAMETRIC TEST|SWITCHING TEST|FINAL LOT RELEASE|SHIP LOT|FINAL CD INSPECTION|FINAL PARTICLE INSPECTION|PARAMETRIC TEST|SWITCHING TEST|FINAL LOT RELEASE|SHIP LOT
valid_0585,STRIP PHOTORESIST|CLEAN AFTER VIA ETCH|MEASURE VIA CD|DEPOSIT BARRIER METAL|DEPOSIT TUNGSTEN SEED|FILL VIA TUNGSTEN|CMP METAL|MEASURE VIA RESISTANCE|DEPOSIT TOP METAL|ANNEAL METAL 1|SPIN COAT PHOTORESIST|SOFT BAKE|ALIGN MASK LEVEL 4|EXPOSE LITHO LEVEL 4|DEVELOP PHOTORESIST|METAL PATTERN INSPECTION|METAL ETCH DRY|STRIP RESIST|CLEAN AFTER METAL ETCH|MEASURE LINE WIDTH|DEPOSIT PASSIVATION|CURE PASSIVATION|MEASURE PASSIVATION QUALITY|OPEN BOND PAD WINDOW|OPEN PAD WINDOW LITHO|DEVELOP PAD WINDOW|PASSIVATION ETCH|STRIP RESIST|CLEAN PAD OPENING|MEASURE PAD OPENING|BACKSIDE THINNING CHECK|BACKSIDE CLEAN FINAL|DEPOSIT BACKSIDE PROTECTION|BACKSIDE ANNEAL|FRONTSIDE CLEAN FINAL|FINAL CLEAN|FINAL THICKNESS MEASURE|FINAL GEOMETRY CHECK|FINAL OXIDE CHECK|FINAL CD INSPECTION|FINAL PARTICLE INSPECTION|FINAL ELECTRICAL TEST PREP|PARAMETRIC TEST|LEAKAGE TEST|THRESHOLD VOLTAGE TEST|SWITCHING TEST|WAFER SORT TEST|YIELD ANALYSIS|LOT RELEASE|PACKAGE PREPARATION|SHIP LOT|FINAL CD INSPECTION|FINAL PARTICLE INSPECTION|PARAMETRIC TEST|SWITCHING TEST|WAFER SORT TEST|FINAL LOT RELEASE|SHIP LOT|FINAL CD INSPECTION|FINAL PARTICLE INSPECTION|PARAMETRIC TEST|SWITCHING TEST|WAFER SORT TEST|FINAL LOT RELEASE|SHIP LOT|FINAL CD INSPECTION|FINAL PARTICLE INSPECTION|PARAMETRIC TEST|SWITCHING TEST|WAFER SORT TEST|FINAL LOT RELEASE|SHIP LOT|FINAL CD INSPECTION|FINAL PARTICLE INSPECTION|PARAMETRIC TEST|SWITCHING TEST|WAFER SORT TEST|FINAL LOT RELEASE|SHIP LOT|FINAL CD INSPECTION
valid_0586,OPEN PAD WINDOW LITHO|DEVELOP PAD WINDOW|PASSIVATION ETCH|STRIP RESIST|CLEAN PAD OPENING|MEASURE PAD OPENING|BACKSIDE THINNING CHECK|BACKSIDE CLEAN FINAL|DEPOSIT BACKSIDE PROTECTION|BACKSIDE ANNEAL|FRONTSIDE CLEAN FINAL|FINAL CLEAN|FINAL THICKNESS MEASURE|FINAL GEOMETRY CHECK|FINAL OXIDE CHECK|FINAL CD INSPECTION|FINAL PARTICLE INSPECTION|FINAL ELECTRICAL TEST PREP|PARAMETRIC TEST|LEAKAGE TEST|THRESHOLD VOLTAGE TEST|SWITCHING TEST|WAFER SORT TEST|YIELD ANALYSIS|LOT RELEASE|PACKAGE PREPARATION|SHIP LOT|FINAL OXIDE CHECK|FINAL CD INSPECTION|FINAL PARTICLE INSPECTION|PARAMETRIC TEST|SWITCHING TEST|WAFER SORT TEST|FINAL LOT RELEASE|SHIP LOT|FINAL CD INSPECTION|FINAL PARTICLE INSPECTION|PARAMETRIC TEST|SWITCHING TEST|WAFER SORT TEST|FINAL LOT RELEASE|SHIP LOT|FINAL CD INSPECTION|FINAL PARTICLE INSPECTION|PARAMETRIC TEST|SWITCHING TEST|WAFER SORT TEST|FINAL LOT RELEASE|SHIP LOT|FINAL CD INSPECTION|FINAL PARTICLE INSPECTION|PARAMETRIC TEST|SWITCHING TEST|WAFER SORT TEST|FINAL LOT RELEASE|SHIP LOT|FINAL CD INSPECTION|FINAL PARTICLE INSPECTION|PARAMETRIC TEST|SWITCHING TEST|FINAL LOT RELEASE|SHIP LOT|IMPLANT P BODY|BREAKDOWN VOLTAGE TEST|SWITCHING TEST|FINAL LOT RELEASE|SHIP LOT|FINAL CD INSPECTION|FINAL PARTICLE INSPECTION|PARAMETRIC TEST|SWITCHING TEST|FINAL LOT RELEASE|SHIP LOT|FINAL CD INSPECTION|FINAL PARTICLE INSPECTION|PARAMETRIC TEST|SWITCHING TEST|FINAL LOT RELEASE|SHIP LOT|FINAL CD INSPECTION
valid_0587,STRIP PHOTORESIST|CLEAN AFTER VIA ETCH|MEASURE VIA CD|DEPOSIT BARRIER METAL|DEPOSIT TUNGSTEN SEED|FILL VIA TUNGSTEN|CMP METAL|MEASURE VIA RESISTANCE|DEPOSIT METAL 1|ANNEAL METAL 1|SPIN COAT PHOTORESIST|SOFT BAKE|ALIGN MASK LEVEL 4|EXPOSE LITHO LEVEL 4|DEVELOP PHOTORESIST|METAL PATTERN INSPECTION|METAL ETCH DRY|STRIP PHOTORESIST|CLEAN AFTER METAL ETCH|MEASURE LINE WIDTH|DEPOSIT PASSIVATION|CURE PASSIVATION|MEASURE PASSIVATION QUALITY|OPEN BOND PAD WINDOW|OPEN PAD WINDOW LITHO|DEVELOP PAD WINDOW|PASSIVATION ETCH PAD OPENING|STRIP PHOTORESIST|CLEAN PAD OPENING|MEASURE PAD OPENING|BACKSIDE THINNING CHECK|BACKSIDE CLEAN FINAL|DEPOSIT BACKSIDE PROTECTION|BACKSIDE ANNEAL|FRONTSIDE CLEAN FINAL|FINAL CLEAN|FINAL THICKNESS MEASURE|FINAL GEOMETRY CHECK|FINAL OXIDE CHECK|FINAL CD INSPECTION|FINAL PARTICLE INSPECTION|FINAL ELECTRICAL TEST PREP|PARAMETRIC TEST|LEAKAGE TEST|THRESHOLD VOLTAGE TEST|SWITCHING TEST|WAFER SORT TEST|YIELD ANALYSIS|LOT RELEASE|PACKAGE PREPARATION|SHIP LOT|FINAL OXIDE CHECK|FINAL CD INSPECTION|FINAL PARTICLE INSPECTION|PARAMETRIC TEST|SWITCHING TEST|WAFER SORT TEST|FINAL LOT RELEASE|PACKAGE PREPARATION|SHIP LOT|FINAL CD INSPECTION|FINAL PARTICLE INSPECTION|PARAMETRIC TEST|SWITCHING TEST|WAFER SORT TEST|FINAL LOT RELEASE|SHIP LOT|FINAL CD INSPECTION|FINAL PARTICLE INSPECTION|PARAMETRIC TEST|SWITCHING TEST|WAFER SORT TEST|FINAL LOT RELEASE|SHIP LOT|FINAL CD INSPECTION|FINAL PARTICLE INSPECTION|PARAMETRIC TEST|SWITCHING TEST|WAFER SORT TEST|FINAL LOT RELEASE
valid_0588,OPEN BOND PAD WINDOW|OPEN PAD WINDOW LITHO|DEVELOP PAD WINDOW|PASSIVATION ETCH|STRIP RESIST|CLEAN PAD OPENING|MEASURE PAD OPENING|BACKSIDE THINNING CHECK|BACKSIDE CLEAN FINAL|DEPOSIT BACKSIDE PROTECTION|BACKSIDE ANNEAL|FRONTSIDE CLEAN FINAL|FINAL CLEAN|FINAL THICKNESS MEASURE|FINAL GEOMETRY CHECK|FINAL OXIDE CHECK|FINAL CD INSPECTION|FINAL PARTICLE INSPECTION|FINAL ELECTRICAL TEST PREP|PARAMETRIC TEST|LEAKAGE TEST|THRESHOLD VOLTAGE TEST|SWITCHING TEST|WAFER SORT TEST|YIELD ANALYSIS|LOT RELEASE|PACKAGE PREPARATION|SHIP LOT|FINAL OXIDE CHECK|FINAL CD INSPECTION|FINAL PARTICLE INSPECTION|PARAMETRIC TEST|SWITCHING TEST|WAFER SORT TEST|FINAL LOT RELEASE|PACKAGE PREPARATION|SHIP LOT|FINAL CD INSPECTION|FINAL PARTICLE INSPECTION|PARAMETRIC TEST|SWITCHING TEST|WAFER SORT TEST|FINAL LOT RELEASE|SHIP LOT|FINAL CD INSPECTION|FINAL PARTICLE INSPECTION|PARAMETRIC TEST|SWITCHING TEST|WAFER SORT TEST|FINAL LOT RELEASE|SHIP LOT|FINAL CD INSPECTION|FINAL PARTICLE INSPECTION|PARAMETRIC TEST|SWITCHING TEST|WAFER SORT TEST|FINAL LOT RELEASE|SHIP LOT|FINAL CD INSPECTION|FINAL PARTICLE INSPECTION|PARAMETRIC TEST|SWITCHING TEST|FINAL LOT RELEASE|SHIP LOT|IMPLANT P BODY|BREAKDOWN VOLTAGE TEST|SWITCHING TEST|FINAL LOT RELEASE|SHIP LOT|FINAL CD INSPECTION|FINAL PARTICLE INSPECTION|PARAMETRIC TEST|SWITCHING TEST|FINAL LOT RELEASE|SHIP LOT|FINAL CD INSPECTION|FINAL PARTICLE INSPECTION|PARAMETRIC TEST|SWITCHING TEST|FINAL LOT RELEASE
valid_0589,DEVELOP PHOTORESIST|VIA OPENING INSPECTION|VIA ETCH|STRIP PHOTORESIST|CLEAN AFTER VIA ETCH|MEASURE VIA CD|DEPOSIT BARRIER METAL|DEPOSIT TUNGSTEN SEED|FILL VIA TUNGSTEN|CMP METAL|MEASURE VIA RESISTANCE|DEPOSIT TOP METAL|ANNEAL METAL 1|SPIN COAT PHOTORESIST|SOFT BAKE|ALIGN MASK LEVEL 4|EXPOSE LITHO LEVEL 4|DEVELOP PHOTORESIST|METAL PATTERN INSPECTION|METAL ETCH DRY|STRIP RESIST|CLEAN AFTER METAL ETCH|MEASURE LINE WIDTH|DEPOSIT PASSIVATION|CURE PASSIVATION|MEASURE PASSIVATION QUALITY|OPEN BOND PAD WINDOW|OPEN PAD WINDOW LITHO|DEVELOP PAD WINDOW|PASSIVATION ETCH|STRIP RESIST|CLEAN PAD OPENING|MEASURE PAD OPENING|BACKSIDE THINNING CHECK|BACKSIDE CLEAN FINAL|DEPOSIT BACKSIDE PROTECTION|BACKSIDE ANNEAL|FRONTSIDE CLEAN FINAL|FINAL CLEAN|FINAL THICKNESS MEASURE|FINAL GEOMETRY CHECK|FINAL OXIDE CHECK|FINAL CD INSPECTION|FINAL PARTICLE INSPECTION|FINAL ELECTRICAL TEST PREP|PARAMETRIC TEST|LEAKAGE TEST|THRESHOLD VOLTAGE TEST|SWITCHING TEST|WAFER SORT TEST|YIELD ANALYSIS|LOT RELEASE|PACKAGE PREPARATION|SHIP LOT|FINAL CD INSPECTION|FINAL PARTICLE INSPECTION|PARAMETRIC TEST|SWITCHING TEST|WAFER SORT TEST|FINAL LOT RELEASE|PACKAGE PREPARATION|SHIP LOT|FINAL CD INSPECTION|FINAL PARTICLE INSPECTION|PARAMETRIC TEST|SWITCHING TEST|WAFER SORT TEST|FINAL LOT RELEASE|SHIP LOT|FINAL CD INSPECTION|FINAL PARTICLE INSPECTION|PARAMETRIC TEST|SWITCHING TEST|WAFER SORT TEST|FINAL LOT RELEASE|SHIP LOT|FINAL CD INSPECTION|FINAL PARTICLE INSPECTION|PARAMETRIC TEST|SWITCHING TEST
valid_0590,CURE PASSIVATION|MEASURE PASSIVATION QUALITY|OPEN BOND PAD WINDOW|OPEN PAD WINDOW LITHO|DEVELOP PAD WINDOW|PASSIVATION ETCH PAD OPENING|STRIP RESIST|CLEAN PAD OPENING|MEASURE PAD OPENING|BACKSIDE THINNING CHECK|BACKSIDE CLEAN FINAL|DEPOSIT BACKSIDE PROTECTION|BACKSIDE ANNEAL|FRONTSIDE CLEAN FINAL|FINAL CLEAN|FINAL THICKNESS MEASURE|FINAL GEOMETRY CHECK|FINAL OXIDE CHECK|FINAL CD INSPECTION|FINAL PARTICLE INSPECTION|FINAL ELECTRICAL TEST PREP|PARAMETRIC TEST|LEAKAGE TEST|THRESHOLD VOLTAGE TEST|SWITCHING TEST|WAFER SORT TEST|YIELD ANALYSIS|LOT RELEASE|PACKAGE PREPARATION|SHIP LOT|FINAL OXIDE CHECK|FINAL CD INSPECTION|FINAL PARTICLE INSPECTION|PARAMETRIC TEST|SWITCHING TEST|WAFER SORT TEST|FINAL LOT RELEASE|PACKAGE PREPARATION|SHIP LOT|FINAL CD INSPECTION|FINAL PARTICLE INSPECTION|PARAMETRIC TEST|SWITCHING TEST|WAFER SORT TEST|FINAL LOT RELEASE|SHIP LOT|FINAL CD INSPECTION|FINAL PARTICLE INSPECTION|PARAMETRIC TEST|SWITCHING TEST|WAFER SORT TEST|FINAL LOT RELEASE|SHIP LOT|FINAL CD INSPECTION|FINAL PARTICLE INSPECTION|PARAMETRIC TEST|SWITCHING TEST|WAFER SORT TEST|FINAL LOT RELEASE|SHIP LOT|FINAL CD INSPECTION|FINAL PARTICLE INSPECTION|PARAMETRIC TEST|SWITCHING TEST|FINAL LOT RELEASE|SHIP LOT|IMPLANT P BODY|BREAKDOWN VOLTAGE TEST|SWITCHING TEST|FINAL LOT RELEASE|SHIP LOT|FINAL CD INSPECTION|FINAL PARTICLE INSPECTION|PARAMETRIC TEST|SWITCHING TEST|FINAL LOT RELEASE|SHIP LOT|FINAL CD INSPECTION|FINAL PARTICLE INSPECTION|PARAMETRIC TEST
valid_0591,STRIP PHOTORESIST|CLEAN AFTER VIA ETCH|MEASURE VIA CD|DEPOSIT BARRIER METAL|DEPOSIT TUNGSTEN SEED|FILL VIA TUNGSTEN|CMP METAL|MEASURE VIA RESISTANCE|DEPOSIT METAL 1|ANNEAL METAL 1|SPIN COAT PHOTORESIST|SOFT BAKE|ALIGN MASK LEVEL 4|EXPOSE LITHO LEVEL 4|DEVELOP PHOTORESIST|METAL PATTERN INSPECTION|METAL ETCH DRY|STRIP PHOTORESIST|CLEAN AFTER METAL ETCH|MEASURE LINE WIDTH|DEPOSIT PASSIVATION|CURE PASSIVATION|MEASURE PASSIVATION QUALITY|OPEN BOND PAD WINDOW|OPEN PAD WINDOW LITHO|DEVELOP PAD WINDOW|PASSIVATION ETCH PAD OPENING|STRIP RESIST|CLEAN PAD OPENING|MEASURE PAD OPENING|BACKSIDE THINNING CHECK|BACKSIDE CLEAN FINAL|DEPOSIT BACKSIDE PROTECTION|BACKSIDE ANNEAL|FRONTSIDE CLEAN FINAL|FINAL CLEAN|FINAL THICKNESS MEASURE|FINAL GEOMETRY CHECK|FINAL OXIDE CHECK|FINAL CD INSPECTION|FINAL PARTICLE INSPECTION|FINAL ELECTRICAL TEST PREP|PARAMETRIC TEST|LEAKAGE TEST|THRESHOLD VOLTAGE TEST|SWITCHING TEST|WAFER SORT TEST|YIELD ANALYSIS|LOT RELEASE|PACKAGE PREPARATION|SHIP LOT|FINAL OXIDE CHECK|FINAL CD INSPECTION|FINAL PARTICLE INSPECTION|PARAMETRIC TEST|SWITCHING TEST|WAFER SORT TEST|FINAL LOT RELEASE|PACKAGE PREPARATION|SHIP LOT|FINAL CD INSPECTION|FINAL PARTICLE INSPECTION|PARAMETRIC TEST|SWITCHING TEST|WAFER SORT TEST|FINAL LOT RELEASE|SHIP LOT|FINAL CD INSPECTION|FINAL PARTICLE INSPECTION|PARAMETRIC TEST|SWITCHING TEST|WAFER SORT TEST|FINAL LOT RELEASE|SHIP LOT|FINAL CD INSPECTION|FINAL PARTICLE INSPECTION|PARAMETRIC TEST|SWITCHING TEST|WAFER SORT TEST|FINAL LOT RELEASE
valid_0592,OPEN BOND PAD WINDOW|OPEN PAD WINDOW LITHO|DEVELOP PAD WINDOW|PASSIVATION ETCH PAD OPENING|STRIP RESIST|CLEAN PAD OPENING|MEASURE PAD OPENING|BACKSIDE THINNING CHECK|BACKSIDE CLEAN FINAL|DEPOSIT BACKSIDE PROTECTION|BACKSIDE ANNEAL|FRONTSIDE CLEAN FINAL|FINAL CLEAN|FINAL THICKNESS MEASURE|FINAL GEOMETRY CHECK|FINAL OXIDE CHECK|FINAL CD INSPECTION|FINAL PARTICLE INSPECTION|FINAL ELECTRICAL TEST PREP|PARAMETRIC TEST|LEAKAGE TEST|THRESHOLD VOLTAGE TEST|SWITCHING TEST|WAFER SORT TEST|YIELD ANALYSIS|LOT RELEASE|PACKAGE PREPARATION|SHIP LOT|FINAL OXIDE CHECK|FINAL CD INSPECTION|FINAL PARTICLE INSPECTION|PARAMETRIC TEST|SWITCHING TEST|WAFER SORT TEST|FINAL LOT RELEASE|PACKAGE PREPARATION|SHIP LOT|FINAL CD INSPECTION|FINAL PARTICLE INSPECTION|PARAMETRIC TEST|SWITCHING TEST|WAFER SORT TEST|FINAL LOT RELEASE|SHIP LOT|FINAL CD INSPECTION|FINAL PARTICLE INSPECTION|PARAMETRIC TEST|SWITCHING TEST|WAFER SORT TEST|FINAL LOT RELEASE|SHIP LOT|FINAL CD INSPECTION|FINAL PARTICLE INSPECTION|PARAMETRIC TEST|SWITCHING TEST|WAFER SORT TEST|FINAL LOT RELEASE|SHIP LOT|FINAL CD INSPECTION|FINAL PARTICLE INSPECTION|PARAMETRIC TEST|SWITCHING TEST|WAFER SORT TEST|FINAL LOT RELEASE|SHIP LOT|IMPLANT P BODY|BREAKDOWN VOLTAGE TEST|SWITCHING TEST|FINAL LOT RELEASE|SHIP LOT|FINAL CD INSPECTION|FINAL PARTICLE INSPECTION|PARAMETRIC TEST|SWITCHING TEST|FINAL LOT RELEASE|SHIP LOT|FINAL CD INSPECTION|FINAL PARTICLE INSPECTION|PARAMETRIC TEST|LEAKAGE TEST
valid_0593,STRIP PHOTORESIST|CLEAN AFTER VIA ETCH|MEASURE VIA CD|DEPOSIT BARRIER METAL|DEPOSIT TUNGSTEN SEED|FILL VIA TUNGSTEN|CMP METAL|MEASURE VIA RESISTANCE|DEPOSIT TOP METAL|ANNEAL METAL 1|SPIN COAT PHOTORESIST|SOFT BAKE|ALIGN MASK LEVEL 4|EXPOSE LITHO LEVEL 4|DEVELOP PHOTORESIST|METAL PATTERN INSPECTION|METAL ETCH DRY|STRIP RESIST|CLEAN AFTER METAL ETCH|MEASURE LINE WIDTH|DEPOSIT PASSIVATION|CURE PASSIVATION|MEASURE PASSIVATION QUALITY|OPEN BOND PAD WINDOW|OPEN PAD WINDOW LITHO|DEVELOP PAD WINDOW|PASSIVATION ETCH|STRIP RESIST|CLEAN PAD OPENING|MEASURE PAD OPENING|BACKSIDE THINNING CHECK|BACKSIDE CLEAN FINAL|DEPOSIT BACKSIDE PROTECTION|BACKSIDE ANNEAL|FRONTSIDE CLEAN FINAL|FINAL CLEAN|FINAL THICKNESS MEASURE|FINAL GEOMETRY CHECK|FINAL OXIDE CHECK|FINAL CD INSPECTION|FINAL PARTICLE INSPECTION|FINAL ELECTRICAL TEST PREP|PARAMETRIC TEST|LEAKAGE TEST|THRESHOLD VOLTAGE TEST|SWITCHING TEST|WAFER SORT TEST|YIELD ANALYSIS|LOT RELEASE|PACKAGE PREPARATION|SHIP LOT|FINAL CD INSPECTION|FINAL PARTICLE INSPECTION|PARAMETRIC TEST|SWITCHING TEST|WAFER SORT TEST|FINAL LOT RELEASE|SHIP LOT|FINAL CD INSPECTION|FINAL PARTICLE INSPECTION|PARAMETRIC TEST|SWITCHING TEST|WAFER SORT TEST|FINAL LOT RELEASE|SHIP LOT|FINAL CD INSPECTION|FINAL PARTICLE INSPECTION|PARAMETRIC TEST|SWITCHING TEST|WAFER SORT TEST|FINAL LOT RELEASE|SHIP LOT|FINAL CD INSPECTION|FINAL PARTICLE INSPECTION|PARAMETRIC TEST|SWITCHING TEST|WAFER SORT TEST|FINAL LOT RELEASE|SHIP LOT|FINAL CD INSPECTION
valid_0594,OPEN PAD WINDOW LITHO|DEVELOP PAD WINDOW|PASSIVATION ETCH|STRIP RESIST|CLEAN PAD OPENING|MEASURE PAD OPENING|BACKSIDE THINNING CHECK|BACKSIDE CLEAN FINAL|DEPOSIT BACKSIDE PROTECTION|BACKSIDE ANNEAL|FRONTSIDE CLEAN FINAL|FINAL CLEAN|FINAL THICKNESS MEASURE|FINAL GEOMETRY CHECK|FINAL OXIDE CHECK|FINAL CD INSPECTION|FINAL PARTICLE INSPECTION|FINAL ELECTRICAL TEST PREP|PARAMETRIC TEST|LEAKAGE TEST|THRESHOLD VOLTAGE TEST|SWITCHING TEST|WAFER SORT TEST|YIELD ANALYSIS|LOT RELEASE|PACKAGE PREPARATION|SHIP LOT|FINAL OXIDE CHECK|FINAL CD INSPECTION|FINAL PARTICLE INSPECTION|PARAMETRIC TEST|SWITCHING TEST|WAFER SORT TEST|FINAL LOT RELEASE|SHIP LOT|FINAL CD INSPECTION|FINAL PARTICLE INSPECTION|PARAMETRIC TEST|SWITCHING TEST|WAFER SORT TEST|FINAL LOT RELEASE|SHIP LOT|FINAL CD INSPECTION|FINAL PARTICLE INSPECTION|PARAMETRIC TEST|SWITCHING TEST|WAFER SORT TEST|FINAL LOT RELEASE|SHIP LOT|FINAL CD INSPECTION|FINAL PARTICLE INSPECTION|PARAMETRIC TEST|SWITCHING TEST|WAFER SORT TEST|FINAL LOT RELEASE|SHIP LOT|FINAL CD INSPECTION|FINAL PARTICLE INSPECTION|PARAMETRIC TEST|SWITCHING TEST|FINAL LOT RELEASE|SHIP LOT|IMPLANT P BODY|BREAKDOWN VOLTAGE TEST|SWITCHING TEST|FINAL LOT RELEASE|SHIP LOT|FINAL CD INSPECTION|FINAL PARTICLE INSPECTION|PARAMETRIC TEST|SWITCHING TEST|FINAL LOT RELEASE|SHIP LOT|FINAL CD INSPECTION|FINAL PARTICLE INSPECTION|PARAMETRIC TEST|SWITCHING TEST|FINAL LOT RELEASE|SHIP LOT|FINAL CD INSPECTION
valid_0595,CLEAN AFTER VIA ETCH|MEASURE VIA CD|DEPOSIT BARRIER METAL|DEPOSIT TUNGSTEN SEED|FILL VIA TUNGSTEN|CMP METAL|MEASURE VIA RESISTANCE|DEPOSIT TOP METAL|ANNEAL METAL 1|SPIN COAT PHOTORESIST|SOFT BAKE|ALIGN MASK LEVEL 4|EXPOSE LITHO LEVEL 4|DEVELOP PHOTORESIST|METAL PATTERN INSPECTION|METAL ETCH DRY|STRIP RESIST|CLEAN AFTER METAL ETCH|MEASURE LINE WIDTH|DEPOSIT PASSIVATION|CURE PASSIVATION|MEASURE PASSIVATION QUALITY|OPEN BOND PAD WINDOW|OPEN PAD WINDOW LITHO|DEVELOP PAD WINDOW|PASSIVATION ETCH|STRIP RESIST|CLEAN PAD OPENING|MEASURE PAD OPENING|BACKSIDE THINNING CHECK|BACKSIDE CLEAN FINAL|DEPOSIT BACKSIDE PROTECTION|BACKSIDE ANNEAL|FRONTSIDE CLEAN FINAL|FINAL CLEAN|FINAL THICKNESS MEASURE|FINAL GEOMETRY CHECK|FINAL OXIDE CHECK|FINAL CD INSPECTION|FINAL PARTICLE INSPECTION|FINAL ELECTRICAL TEST PREP|PARAMETRIC TEST|LEAKAGE TEST|THRESHOLD VOLTAGE TEST|SWITCHING TEST|WAFER SORT TEST|YIELD ANALYSIS|LOT RELEASE|PACKAGE PREPARATION|SHIP LOT|FINAL CD INSPECTION|FINAL PARTICLE INSPECTION|PARAMETRIC TEST|SWITCHING TEST|WAFER SORT TEST|FINAL LOT RELEASE|SHIP LOT|FINAL CD INSPECTION|FINAL PARTICLE INSPECTION|PARAMETRIC TEST|SWITCHING TEST|WAFER SORT TEST|FINAL LOT RELEASE|SHIP LOT|FINAL CD INSPECTION|FINAL PARTICLE INSPECTION|PARAMETRIC TEST|SWITCHING TEST|WAFER SORT TEST|FINAL LOT RELEASE|SHIP LOT|FINAL CD INSPECTION|FINAL PARTICLE INSPECTION|PARAMETRIC TEST|SWITCHING TEST|WAFER SORT TEST|FINAL LOT RELEASE|SHIP LOT|FINAL CD INSPECTION|FINAL PARTICLE INSPECTION
valid_0596,DEVELOP PAD WINDOW|PASSIVATION ETCH|STRIP RESIST|CLEAN PAD OPENING|MEASURE PAD OPENING|BACKSIDE THINNING CHECK|BACKSIDE CLEAN FINAL|DEPOSIT BACKSIDE PROTECTION|BACKSIDE ANNEAL|FRONTSIDE CLEAN FINAL|FINAL CLEAN|FINAL THICKNESS MEASURE|FINAL GEOMETRY CHECK|FINAL OXIDE CHECK|FINAL CD INSPECTION|FINAL PARTICLE INSPECTION|FINAL ELECTRICAL TEST PREP|PARAMETRIC TEST|LEAKAGE TEST|THRESHOLD VOLTAGE TEST|SWITCHING TEST|WAFER SORT TEST|YIELD ANALYSIS|LOT RELEASE|PACKAGE PREPARATION|SHIP LOT|FINAL OXIDE CHECK|FINAL CD INSPECTION|FINAL PARTICLE INSPECTION|PARAMETRIC TEST|SWITCHING TEST|WAFER SORT TEST|FINAL LOT RELEASE|SHIP LOT|FINAL CD INSPECTION|FINAL PARTICLE INSPECTION|PARAMETRIC TEST|SWITCHING TEST|WAFER SORT TEST|FINAL LOT RELEASE|SHIP LOT|FINAL CD INSPECTION|FINAL PARTICLE INSPECTION|PARAMETRIC TEST|SWITCHING TEST|WAFER SORT TEST|FINAL LOT RELEASE|SHIP LOT|FINAL CD INSPECTION|FINAL PARTICLE INSPECTION|PARAMETRIC TEST|SWITCHING TEST|WAFER SORT TEST|FINAL LOT RELEASE|SHIP LOT|FINAL CD INSPECTION|FINAL PARTICLE INSPECTION|PARAMETRIC TEST|SWITCHING TEST|FINAL LOT RELEASE|SHIP LOT|IMPLANT P BODY|BREAKDOWN VOLTAGE TEST|SWITCHING TEST|FINAL LOT RELEASE|SHIP LOT|FINAL CD INSPECTION|FINAL PARTICLE INSPECTION|PARAMETRIC TEST|SWITCHING TEST|FINAL LOT RELEASE|SHIP LOT|FINAL CD INSPECTION|FINAL PARTICLE INSPECTION|PARAMETRIC TEST|SWITCHING TEST|FINAL LOT RELEASE|SHIP LOT|FINAL CD INSPECTION|FINAL PARTICLE INSPECTION
valid_0597,CLEAN AFTER VIA ETCH|MEASURE VIA CD|DEPOSIT BARRIER METAL|DEPOSIT TUNGSTEN SEED|FILL VIA TUNGSTEN|CMP METAL|MEASURE VIA RESISTANCE|DEPOSIT METAL 1|ANNEAL METAL 1|SPIN COAT PHOTORESIST|SOFT BAKE|ALIGN MASK LEVEL 4|EXPOSE LITHO LEVEL 4|DEVELOP PHOTORESIST|METAL PATTERN INSPECTION|METAL ETCH DRY|STRIP RESIST|CLEAN AFTER METAL ETCH|MEASURE LINE WIDTH|DEPOSIT PASSIVATION|CURE PASSIVATION|MEASURE PASSIVATION QUALITY|OPEN BOND PAD WINDOW|OPEN PAD WINDOW LITHO|DEVELOP PAD WINDOW|PASSIVATION ETCH PAD OPENING|STRIP RESIST|CLEAN PAD OPENING|MEASURE PAD OPENING|BACKSIDE THINNING CHECK|BACKSIDE CLEAN FINAL|DEPOSIT BACKSIDE PROTECTION|BACKSIDE ANNEAL|FRONTSIDE CLEAN FINAL|FINAL CLEAN|FINAL THICKNESS MEASURE|FINAL GEOMETRY CHECK|FINAL OXIDE CHECK|FINAL CD INSPECTION|FINAL PARTICLE INSPECTION|FINAL ELECTRICAL TEST PREP|PARAMETRIC TEST|LEAKAGE TEST|THRESHOLD VOLTAGE TEST|SWITCHING TEST|WAFER SORT TEST|YIELD ANALYSIS|LOT RELEASE|PACKAGE PREPARATION|SHIP LOT|FINAL OXIDE CHECK|FINAL CD INSPECTION|FINAL PARTICLE INSPECTION|PARAMETRIC TEST|SWITCHING TEST|WAFER SORT TEST|FINAL LOT RELEASE|PACKAGE PREPARATION|SHIP LOT|FINAL CD INSPECTION|FINAL PARTICLE INSPECTION|PARAMETRIC TEST|SWITCHING TEST|WAFER SORT TEST|FINAL LOT RELEASE|SHIP LOT|FINAL CD INSPECTION|FINAL PARTICLE INSPECTION|PARAMETRIC TEST|SWITCHING TEST|WAFER SORT TEST|FINAL LOT RELEASE|SHIP LOT|FINAL CD INSPECTION|FINAL PARTICLE INSPECTION|PARAMETRIC TEST|SWITCHING TEST|WAFER SORT TEST|FINAL LOT RELEASE|SHIP LOT
valid_0598,OPEN BOND PAD WINDOW|OPEN PAD WINDOW LITHO|DEVELOP PAD WINDOW|PASSIVATION ETCH|STRIP RESIST|CLEAN PAD OPENING|MEASURE PAD OPENING|BACKSIDE THINNING CHECK|BACKSIDE CLEAN FINAL|DEPOSIT BACKSIDE PROTECTION|BACKSIDE ANNEAL|FRONTSIDE CLEAN FINAL|FINAL CLEAN|FINAL THICKNESS MEASURE|FINAL GEOMETRY CHECK|FINAL OXIDE CHECK|FINAL CD INSPECTION|FINAL PARTICLE INSPECTION|FINAL ELECTRICAL TEST PREP|PARAMETRIC TEST|LEAKAGE TEST|THRESHOLD VOLTAGE TEST|SWITCHING TEST|WAFER SORT TEST|YIELD ANALYSIS|LOT RELEASE|PACKAGE PREPARATION|SHIP LOT|FINAL OXIDE CHECK|FINAL CD INSPECTION|FINAL PARTICLE INSPECTION|PARAMETRIC TEST|SWITCHING TEST|WAFER SORT TEST|FINAL LOT RELEASE|PACKAGE PREPARATION|SHIP LOT|FINAL CD INSPECTION|FINAL PARTICLE INSPECTION|PARAMETRIC TEST|SWITCHING TEST|WAFER SORT TEST|FINAL LOT RELEASE|SHIP LOT|FINAL CD INSPECTION|FINAL PARTICLE INSPECTION|PARAMETRIC TEST|SWITCHING TEST|WAFER SORT TEST|FINAL LOT RELEASE|SHIP LOT|FINAL CD INSPECTION|FINAL PARTICLE INSPECTION|PARAMETRIC TEST|SWITCHING TEST|WAFER SORT TEST|FINAL LOT RELEASE|SHIP LOT|FINAL CD INSPECTION|FINAL PARTICLE INSPECTION|PARAMETRIC TEST|SWITCHING TEST|FINAL LOT RELEASE|SHIP LOT|IMPLANT P BODY|BREAKDOWN VOLTAGE TEST|SWITCHING TEST|FINAL LOT RELEASE|SHIP LOT|FINAL CD INSPECTION|FINAL PARTICLE INSPECTION|PARAMETRIC TEST|SWITCHING TEST|FINAL LOT RELEASE|SHIP LOT|FINAL CD INSPECTION|FINAL PARTICLE INSPECTION|PARAMETRIC TEST|SWITCHING TEST|FINAL LOT RELEASE
valid_0599,CLEAN AFTER VIA ETCH|MEASURE VIA CD|DEPOSIT BARRIER METAL|DEPOSIT TUNGSTEN SEED|FILL VIA TUNGSTEN|CMP METAL|MEASURE VIA RESISTANCE|DEPOSIT TOP METAL|ANNEAL METAL 1|SPIN COAT PHOTORESIST|SOFT BAKE|ALIGN MASK LEVEL 4|EXPOSE LITHO LEVEL 4|DEVELOP PHOTORESIST|METAL PATTERN INSPECTION|METAL ETCH DRY|STRIP PHOTORESIST|CLEAN AFTER METAL ETCH|MEASURE LINE WIDTH|DEPOSIT PASSIVATION|CURE PASSIVATION|MEASURE PASSIVATION QUALITY|OPEN BOND PAD WINDOW|OPEN PAD WINDOW LITHO|DEVELOP PAD WINDOW|PASSIVATION ETCH PAD OPENING|STRIP PHOTORESIST|CLEAN PAD OPENING|MEASURE PAD OPENING|BACKSIDE THINNING CHECK|BACKSIDE CLEAN FINAL|DEPOSIT BACKSIDE PROTECTION|BACKSIDE ANNEAL|FRONTSIDE CLEAN FINAL|FINAL CLEAN|FINAL THICKNESS MEASURE|FINAL GEOMETRY CHECK|FINAL OXIDE CHECK|FINAL CD INSPECTION|FINAL PARTICLE INSPECTION|FINAL ELECTRICAL TEST PREP|PARAMETRIC TEST|LEAKAGE TEST|THRESHOLD VOLTAGE TEST|SWITCHING TEST|WAFER SORT TEST|YIELD ANALYSIS|LOT RELEASE|PACKAGE PREPARATION|SHIP LOT|FINAL OXIDE CHECK|FINAL CD INSPECTION|FINAL PARTICLE INSPECTION|PARAMETRIC TEST|SWITCHING TEST|WAFER SORT TEST|FINAL LOT RELEASE|PACKAGE PREPARATION|SHIP LOT|FINAL CD INSPECTION|FINAL PARTICLE INSPECTION|PARAMETRIC TEST|SWITCHING TEST|WAFER SORT TEST|FINAL LOT RELEASE|SHIP LOT|FINAL CD INSPECTION|FINAL PARTICLE INSPECTION|PARAMETRIC TEST|SWITCHING TEST|WAFER SORT TEST|FINAL LOT RELEASE|SHIP LOT|FINAL CD INSPECTION|FINAL PARTICLE INSPECTION|PARAMETRIC TEST|SWITCHING TEST|WAFER SORT TEST|FINAL LOT RELEASE|SHIP LOT
valid_0600,OPEN PAD WINDOW LITHO|DEVELOP PAD WINDOW|PASSIVATION ETCH PAD OPENING|STRIP PHOTORESIST|CLEAN PAD OPENING|MEASURE PAD OPENING|BACKSIDE THINNING CHECK|BACKSIDE CLEAN FINAL|DEPOSIT BACKSIDE PROTECTION|BACKSIDE ANNEAL|FRONTSIDE CLEAN FINAL|FINAL CLEAN|FINAL THICKNESS MEASURE|FINAL GEOMETRY CHECK|FINAL OXIDE CHECK|FINAL CD INSPECTION|FINAL PARTICLE INSPECTION|FINAL ELECTRICAL TEST PREP|PARAMETRIC TEST|LEAKAGE TEST|THRESHOLD VOLTAGE TEST|SWITCHING TEST|WAFER SORT TEST|YIELD ANALYSIS|LOT RELEASE|PACKAGE PREPARATION|SHIP LOT|FINAL OXIDE CHECK|FINAL CD INSPECTION|FINAL PARTICLE INSPECTION|PARAMETRIC TEST|SWITCHING TEST|WAFER SORT TEST|FINAL LOT RELEASE|PACKAGE PREPARATION|SHIP LOT|FINAL CD INSPECTION|FINAL PARTICLE INSPECTION|PARAMETRIC TEST|SWITCHING TEST|WAFER SORT TEST|FINAL LOT RELEASE|SHIP LOT|FINAL CD INSPECTION|FINAL PARTICLE INSPECTION|PARAMETRIC TEST|SWITCHING TEST|WAFER SORT TEST|FINAL LOT RELEASE|SHIP LOT|FINAL CD INSPECTION|FINAL PARTICLE INSPECTION|PARAMETRIC TEST|SWITCHING TEST|WAFER SORT TEST|FINAL LOT RELEASE|SHIP LOT|FINAL CD INSPECTION|FINAL PARTICLE INSPECTION|PARAMETRIC TEST|SWITCHING TEST|FINAL LOT RELEASE|SHIP LOT|IMPLANT P BODY|BREAKDOWN VOLTAGE TEST|SWITCHING TEST|FINAL LOT RELEASE|SHIP LOT|FINAL CD INSPECTION|FINAL PARTICLE INSPECTION|PARAMETRIC TEST|SWITCHING TEST|FINAL LOT RELEASE|SHIP LOT|FINAL CD INSPECTION|FINAL PARTICLE INSPECTION|PARAMETRIC TEST|SWITCHING TEST|FINAL LOT RELEASE|SHIP LOT
